replicate_seed,effect_size,method,statistic,p_value,permutations,bandwidth,rejected,replicate
7897793225540332417,0.0,quotient_exact,-0.06820763611160519,0.265625,256,7.551681964344484,False,0
7897793225540332417,0.0,raw_coordinates,0.47079155240438997,0.0078125,256,12.480575067607479,True,0
7897793225540332417,0.0,moment_registration,-0.1047935910866209,0.625,256,4.416317620612731,False,0
7897793225540332417,0.0,euler_secondary,-0.014086573841975425,0.6015625,256,2.0,False,0
4098426384189714118,0.0,quotient_exact,-0.016896360162317436,0.25,256,6.319406976671439,False,1
4098426384189714118,0.0,raw_coordinates,0.5568958671352404,0.0078125,256,11.271323004916814,True,1
4098426384189714118,0.0,moment_registration,-0.017353510768959524,0.1484375,256,3.083242235795106,False,1
4098426384189714118,0.0,euler_secondary,-0.02589644798506674,0.2265625,256,2.449489742783178,False,1
12526855529911904727,0.0,quotient_exact,-0.06825895961434059,0.1328125,256,6.802954892490728,False,2
12526855529911904727,0.0,raw_coordinates,0.5105128645588698,0.0078125,256,11.98452196907603,True,2
12526855529911904727,0.0,moment_registration,-0.09077498699579933,0.1171875,256,4.359124861934289,False,2
12526855529911904727,0.0,euler_secondary,-0.038432306622594226,0.421875,256,2.8284271247461903,False,2
10738722228500921773,0.0,quotient_exact,-0.06517197070379,0.4609375,256,6.52091766180178,False,3
10738722228500921773,0.0,raw_coordinates,0.6059524923596784,0.0078125,256,13.229862919133767,True,3
10738722228500921773,0.0,moment_registration,-0.09019099321974255,0.4921875,256,3.6304021995094993,False,3
10738722228500921773,0.0,euler_secondary,-0.018017585446288842,0.6171875,256,2.0,False,3
9386323186135536875,0.0,quotient_exact,-0.06592378477765848,0.8828125,256,6.118746339488757,False,4
9386323186135536875,0.0,raw_coordinates,0.555903037965287,0.0078125,256,12.630919881018448,True,4
9386323186135536875,0.0,moment_registration,-0.08126597950757253,0.9609375,256,3.200346100994092,False,4
9386323186135536875,0.0,euler_secondary,-0.019501894416115162,0.5234375,256,6.708203932499369,False,4
12883849635035841339,0.0,quotient_exact,-0.07948359303556518,0.8671875,256,6.986630220097536,False,5
12883849635035841339,0.0,raw_coordinates,0.4922774968990524,0.0078125,256,12.386776786873897,True,5
12883849635035841339,0.0,moment_registration,-0.08616835512523202,0.359375,256,3.8725828920612932,False,5
12883849635035841339,0.0,euler_secondary,-0.03299981583383871,0.5625,256,2.5495097567963922,False,5
13000837394472389864,0.0,quotient_exact,-0.052231103231383136,0.5546875,256,6.395459770472539,False,6
13000837394472389864,0.0,raw_coordinates,0.42127358841877016,0.0078125,256,11.808638760325,True,6
13000837394472389864,0.0,moment_registration,-0.08146705957052758,0.6328125,256,3.442034515988849,False,6
13000837394472389864,0.0,euler_secondary,-0.04148712322821435,0.796875,256,2.1213203435596424,False,6
11152194560347643008,0.0,quotient_exact,-0.07529756030978407,0.984375,256,6.517337864061376,False,7
11152194560347643008,0.0,raw_coordinates,0.5844624473956477,0.0078125,256,13.369764068109163,True,7
11152194560347643008,0.0,moment_registration,-0.09251177008714473,0.9765625,256,3.828940983778886,False,7
11152194560347643008,0.0,euler_secondary,-0.047288700610958245,0.8203125,256,2.23606797749979,False,7
11392586563433032495,0.0,quotient_exact,-0.07826136815297391,0.6953125,256,7.528606709796629,False,8
11392586563433032495,0.0,raw_coordinates,0.46419210794715093,0.0078125,256,12.531528785515373,True,8
11392586563433032495,0.0,moment_registration,-0.11313353881161681,0.9375,256,4.633291568439691,False,8
11392586563433032495,0.0,euler_secondary,-0.03137168840444571,0.609375,256,2.0615528128088303,False,8
12104643972897184916,0.0,quotient_exact,-0.08573828596737032,0.8046875,256,7.050851652706312,False,9
12104643972897184916,0.0,raw_coordinates,0.4061831749432959,0.0078125,256,13.444245574894296,True,9
12104643972897184916,0.0,moment_registration,-0.10136393185641934,0.65625,256,3.8568384322670677,False,9
12104643972897184916,0.0,euler_secondary,-0.06782228949528823,0.9453125,256,2.7386127875258306,False,9
5006704240795252002,0.0,quotient_exact,-0.013061421280400998,0.2421875,256,5.746806131446476,False,10
5006704240795252002,0.0,raw_coordinates,0.602001256828288,0.0078125,256,11.684734259874407,True,10
5006704240795252002,0.0,moment_registration,-0.05068196266125602,0.1953125,256,2.796315005819153,False,10
5006704240795252002,0.0,euler_secondary,-0.010558484327424345,0.3671875,256,2.449489742783178,False,10
2443830309680113904,0.0,quotient_exact,-0.0506340215244756,0.625,256,6.40693368850496,False,11
2443830309680113904,0.0,raw_coordinates,0.5417184232661669,0.0078125,256,11.907167894107957,True,11
2443830309680113904,0.0,moment_registration,-0.06601637638628333,0.328125,256,3.673418986562767,False,11
2443830309680113904,0.0,euler_secondary,-0.045979870361630315,0.5390625,256,6.726812023536855,False,11
10854318299683127675,0.0,quotient_exact,-0.09421473010294468,0.96875,256,7.038683363911316,False,12
10854318299683127675,0.0,raw_coordinates,0.5025181545024409,0.0078125,256,12.433214342468032,True,12
10854318299683127675,0.0,moment_registration,-0.0896685186669719,0.09375,256,4.149738286296039,False,12
10854318299683127675,0.0,euler_secondary,-0.009381396215933036,0.390625,256,2.6457513110645907,False,12
9581767603744724951,0.0,quotient_exact,-0.02814768421218461,0.453125,256,6.12141776529578,False,13
9581767603744724951,0.0,raw_coordinates,0.46531196490738325,0.0078125,256,12.591663687938604,True,13
9581767603744724951,0.0,moment_registration,-0.056047702140675226,0.234375,256,3.4869659992662605,False,13
9581767603744724951,0.0,euler_secondary,0.06280257370520292,0.09375,256,6.745368781616021,False,13
6921042043183003498,0.0,quotient_exact,-0.05651931840303037,0.484375,256,6.85176230560623,False,14
6921042043183003498,0.0,raw_coordinates,0.5191951323832737,0.0078125,256,12.46471429578846,True,14
6921042043183003498,0.0,moment_registration,-0.09792967323906632,0.9140625,256,3.900608319908577,False,14
6921042043183003498,0.0,euler_secondary,-0.01213018909203245,0.4375,256,2.1213203435596424,False,14
3691270843507189856,0.0,quotient_exact,-0.03312793265902081,0.0078125,256,6.222938381178778,True,15
3691270843507189856,0.0,raw_coordinates,0.4265343550058459,0.0078125,256,12.527672653092049,True,15
3691270843507189856,0.0,moment_registration,-0.05469783584515453,0.1953125,256,3.601661479708813,False,15
3691270843507189856,0.0,euler_secondary,0.008910988513700757,0.265625,256,1.8708286933869707,False,15
7549107126082506642,0.0,quotient_exact,-0.041077011591467816,0.09375,256,6.6647761774679815,False,16
7549107126082506642,0.0,raw_coordinates,0.6534571913413756,0.0078125,256,13.099480621567244,True,16
7549107126082506642,0.0,moment_registration,-0.06057027204993404,0.0390625,256,4.216161082982669,True,16
7549107126082506642,0.0,euler_secondary,0.008159929498685159,0.2421875,256,2.5,False,16
4924327522248003393,0.0,quotient_exact,0.006634086828032015,0.1171875,256,5.813417495811426,False,17
4924327522248003393,0.0,raw_coordinates,0.4898477161119906,0.0078125,256,13.155687807810747,True,17
4924327522248003393,0.0,moment_registration,0.006813376820772543,0.0234375,256,3.032010540577622,True,17
4924327522248003393,0.0,euler_secondary,-0.026959482363962395,0.65625,256,1.6583123951777,False,17
1341948807527306222,0.0,quotient_exact,-0.06594263831581904,0.2734375,256,7.578556408312049,False,18
1341948807527306222,0.0,raw_coordinates,0.5076808672688629,0.0078125,256,12.785792421867603,True,18
1341948807527306222,0.0,moment_registration,-0.09706213786293949,0.078125,256,4.655002875247624,False,18
1341948807527306222,0.0,euler_secondary,-0.036834545441029154,0.8203125,256,2.8722813232690143,False,18
8590628532549220465,0.0,quotient_exact,-0.06297458423837587,0.40625,256,7.143500505248583,False,19
8590628532549220465,0.0,raw_coordinates,0.6036191574888996,0.0078125,256,12.120334954477412,True,19
8590628532549220465,0.0,moment_registration,-0.0865378227777609,0.1796875,256,4.513588907129188,False,19
8590628532549220465,0.0,euler_secondary,0.010854663377194318,0.140625,256,2.8284271247461903,False,19
5271376846478961258,0.0,quotient_exact,-0.05711865293020313,0.2265625,256,6.506950328363463,False,20
5271376846478961258,0.0,raw_coordinates,0.629806617866458,0.0078125,256,13.13637364780549,True,20
5271376846478961258,0.0,moment_registration,-0.07155791719601678,0.3828125,256,3.700319616712222,False,20
5271376846478961258,0.0,euler_secondary,-0.034097250618400854,0.6875,256,2.29128784747792,False,20
14366762291387053034,0.0,quotient_exact,-0.06153409675646371,0.4765625,256,7.02064259708067,False,21
14366762291387053034,0.0,raw_coordinates,0.6456967512895151,0.0078125,256,12.718158804517028,True,21
14366762291387053034,0.0,moment_registration,-0.09818487046620195,0.8671875,256,4.487995559292845,False,21
14366762291387053034,0.0,euler_secondary,0.00923998775168855,0.3203125,256,3.0,False,21
14895079933591317788,0.0,quotient_exact,-0.06621897801316667,0.5625,256,6.366463660957049,False,22
14895079933591317788,0.0,raw_coordinates,0.5192150784849424,0.0078125,256,13.05086987433368,True,22
14895079933591317788,0.0,moment_registration,-0.0820463796872557,0.6796875,256,3.7475745008799786,False,22
14895079933591317788,0.0,euler_secondary,-0.0016764305495553522,0.15625,256,1.5811388300841898,False,22
13998400495261349309,0.0,quotient_exact,-0.08579790708325785,0.984375,256,6.71343792730954,False,23
13998400495261349309,0.0,raw_coordinates,0.5394709334385845,0.0078125,256,13.220044789946918,True,23
13998400495261349309,0.0,moment_registration,-0.09285156674928186,0.921875,256,3.86153769871999,False,23
13998400495261349309,0.0,euler_secondary,0.04756827505519101,0.140625,256,2.6457513110645907,False,23
12726056729955640111,0.0,quotient_exact,-0.025419134822672884,0.140625,256,6.841244976175271,False,24
12726056729955640111,0.0,raw_coordinates,0.5877104120279022,0.0078125,256,14.046194893024001,True,24
12726056729955640111,0.0,moment_registration,-0.05197796906718655,0.25,256,3.861354991984048,False,24
12726056729955640111,0.0,euler_secondary,-0.03884412133894144,0.7109375,256,2.0,False,24
9678904988835075341,0.0,quotient_exact,-0.042057959678420964,0.046875,256,7.957521057983988,True,25
9678904988835075341,0.0,raw_coordinates,0.5468282634689374,0.0078125,256,12.656231600151873,True,25
9678904988835075341,0.0,moment_registration,-0.09187933987102859,0.34375,256,4.960231067514672,False,25
9678904988835075341,0.0,euler_secondary,-0.057839590323565004,0.984375,256,3.082207001484488,False,25
17571954611242821026,0.0,quotient_exact,-0.07179369531114221,0.96875,256,6.276044742428095,False,26
17571954611242821026,0.0,raw_coordinates,0.5472973442170139,0.0078125,256,13.596957399999678,True,26
17571954611242821026,0.0,moment_registration,-0.08743798168212069,0.703125,256,3.548379969774766,False,26
17571954611242821026,0.0,euler_secondary,-0.06004110525758699,0.9765625,256,1.9364916731037085,False,26
9055111222425644842,0.0,quotient_exact,-0.050213318169041066,0.15625,256,6.702592581979178,False,27
9055111222425644842,0.0,raw_coordinates,0.4568150561478377,0.0078125,256,12.937777873312461,True,27
9055111222425644842,0.0,moment_registration,-0.06749279103256489,0.2578125,256,4.004997007447285,False,27
9055111222425644842,0.0,euler_secondary,-0.005404669756552738,0.21875,256,1.7320508075688772,False,27
11064185924350924802,0.0,quotient_exact,-0.055510512136283,0.8046875,256,6.5699874777703595,False,28
11064185924350924802,0.0,raw_coordinates,0.5355165015546579,0.0078125,256,13.143422130370501,True,28
11064185924350924802,0.0,moment_registration,-0.05479931735806498,0.3828125,256,3.693004504746656,False,28
11064185924350924802,0.0,euler_secondary,-0.013877653830319026,0.5625,256,1.7320508075688772,False,28
3281976879962163580,0.0,quotient_exact,-0.07695039316088315,0.90625,256,7.357303258163196,False,29
3281976879962163580,0.0,raw_coordinates,0.5290521778899974,0.0078125,256,12.0768004613371,True,29
3281976879962163580,0.0,moment_registration,-0.10869057977198715,1.0,256,4.134953944664637,False,29
3281976879962163580,0.0,euler_secondary,-0.02807456878746617,0.5234375,256,2.1213203435596424,False,29
17966518547395102437,0.0,quotient_exact,-0.05283666744809545,0.3828125,256,6.838749859920512,False,30
17966518547395102437,0.0,raw_coordinates,0.4710540241037833,0.015625,256,11.243222238816161,True,30
17966518547395102437,0.0,moment_registration,-0.07222110421836503,0.0625,256,4.0699894988074155,False,30
17966518547395102437,0.0,euler_secondary,-0.0065138770848690575,0.5078125,256,2.29128784747792,False,30
11434687359902523557,0.0,quotient_exact,-0.06712947912912937,0.796875,256,7.691055180737019,False,31
11434687359902523557,0.0,raw_coordinates,0.45727573834116153,0.0078125,256,12.586216857331811,True,31
11434687359902523557,0.0,moment_registration,-0.09631007502673983,0.703125,256,4.926532296313266,False,31
11434687359902523557,0.0,euler_secondary,-0.03779014724076424,0.7109375,256,2.345207879911715,False,31
6880008416435348104,0.0,quotient_exact,-0.07197339331836028,0.8125,256,7.229384862787834,False,32
6880008416435348104,0.0,raw_coordinates,0.5356301059238269,0.0078125,256,12.21904468848736,True,32
6880008416435348104,0.0,moment_registration,-0.10743326619187255,0.71875,256,4.614760906448416,False,32
6880008416435348104,0.0,euler_secondary,0.05634325827996345,0.1953125,256,4.06201920231798,False,32
15409514653702490871,0.0,quotient_exact,-0.06137706913795582,0.3515625,256,6.874494362376585,False,33
15409514653702490871,0.0,raw_coordinates,0.6092042160834342,0.0078125,256,12.274988777014519,True,33
15409514653702490871,0.0,moment_registration,-0.07188216703825256,0.4609375,256,3.7674766327519023,False,33
15409514653702490871,0.0,euler_secondary,-0.04139302801417233,0.6875,256,2.1213203435596424,False,33
3190997942595493851,0.0,quotient_exact,-0.05630677467923739,0.6015625,256,6.962660280221683,False,34
3190997942595493851,0.0,raw_coordinates,0.4832421929798799,0.0078125,256,12.428954976721007,True,34
3190997942595493851,0.0,moment_registration,-0.1009074770714411,0.9140625,256,4.1741475194732205,False,34
3190997942595493851,0.0,euler_secondary,-0.029943372339363172,0.6484375,256,2.0,False,34
10852620259027481979,0.0,quotient_exact,-0.06704387941859313,0.6953125,256,6.647691775168614,False,35
10852620259027481979,0.0,raw_coordinates,0.5639855835119331,0.0078125,256,12.63489101149533,True,35
10852620259027481979,0.0,moment_registration,-0.07152511958844932,0.2578125,256,3.323870170670596,False,35
10852620259027481979,0.0,euler_secondary,0.0062055053624352485,0.1640625,256,2.23606797749979,False,35
10675402853038612310,0.0,quotient_exact,-0.03590826113832368,0.046875,256,7.346572624955516,True,36
10675402853038612310,0.0,raw_coordinates,0.4636802224753941,0.0078125,256,12.80938021190964,True,36
10675402853038612310,0.0,moment_registration,-0.07498237697210242,0.2421875,256,4.796695782283868,False,36
10675402853038612310,0.0,euler_secondary,-0.057333968500107635,0.9453125,256,2.9154759474226504,False,36
9276651556259541831,0.0,quotient_exact,-0.016790131768438465,0.1484375,256,5.526729108289028,False,37
9276651556259541831,0.0,raw_coordinates,0.5112864891935947,0.0078125,256,11.97332070015176,True,37
9276651556259541831,0.0,moment_registration,-0.033050230308659945,0.2578125,256,2.955598725952855,False,37
9276651556259541831,0.0,euler_secondary,-0.0010410522524171295,0.375,256,2.5495097567963922,False,37
15242794581460039594,0.0,quotient_exact,-0.05531407082451678,0.40625,256,6.239651512635496,False,38
15242794581460039594,0.0,raw_coordinates,0.5323923346166972,0.0078125,256,12.547960504331247,True,38
15242794581460039594,0.0,moment_registration,-0.08183789307311051,0.3203125,256,3.2985405545335547,False,38
15242794581460039594,0.0,euler_secondary,-0.033768716357635675,0.1640625,256,2.23606797749979,False,38
11354980717213364976,0.0,quotient_exact,-0.05667086775839025,0.1640625,256,7.534539952939982,False,39
11354980717213364976,0.0,raw_coordinates,0.47292034715350784,0.0078125,256,12.906326767518953,True,39
11354980717213364976,0.0,moment_registration,-0.07197739688371885,0.203125,256,4.611225851870415,False,39
11354980717213364976,0.0,euler_secondary,-0.0182544207262203,0.7109375,256,2.23606797749979,False,39
1022822888823573582,0.0,quotient_exact,-0.05858413851217015,0.109375,256,7.026687954965167,False,40
1022822888823573582,0.0,raw_coordinates,0.47750087179947276,0.0078125,256,12.790323007991748,True,40
1022822888823573582,0.0,moment_registration,-0.08488301345932048,0.203125,256,4.473919589024021,False,40
1022822888823573582,0.0,euler_secondary,-0.06457193784147885,0.609375,256,2.0,False,40
5547518253662574713,0.0,quotient_exact,-0.058428987793780696,0.4609375,256,6.870523256650157,False,41
5547518253662574713,0.0,raw_coordinates,0.5232874312530167,0.0078125,256,12.713633053596954,True,41
5547518253662574713,0.0,moment_registration,-0.09403510621434674,0.5703125,256,4.423574751400651,False,41
5547518253662574713,0.0,euler_secondary,-0.01074977811451483,0.546875,256,1.7320508075688772,False,41
7468713797354106160,0.0,quotient_exact,-0.0763390962788586,0.671875,256,8.023934789843889,False,42
7468713797354106160,0.0,raw_coordinates,0.42557534026192456,0.0078125,256,12.127438517859659,True,42
7468713797354106160,0.0,moment_registration,-0.09651386227227332,0.75,256,5.613839009885056,False,42
7468713797354106160,0.0,euler_secondary,0.009129520604071906,0.2890625,256,3.570714214271425,False,42
6750053080747137088,0.0,quotient_exact,-0.08063737975943774,0.859375,256,7.3152479278959355,False,43
6750053080747137088,0.0,raw_coordinates,0.37595479718478686,0.0078125,256,11.720016128013787,True,43
6750053080747137088,0.0,moment_registration,-0.09218362320346085,0.078125,256,4.645761111668,False,43
6750053080747137088,0.0,euler_secondary,-0.04856628101717886,0.609375,256,3.0,False,43
10178250082856312039,0.0,quotient_exact,-0.04406520282844251,0.25,256,7.277642109246906,False,44
10178250082856312039,0.0,raw_coordinates,0.40375788965459114,0.0078125,256,12.119819493913857,True,44
10178250082856312039,0.0,moment_registration,-0.10203437929290149,0.8203125,256,4.467611372038829,False,44
10178250082856312039,0.0,euler_secondary,-0.07127354065455982,0.9921875,256,2.23606797749979,False,44
5655587012344798166,0.0,quotient_exact,-0.060218999311116184,0.703125,256,6.990524642355162,False,45
5655587012344798166,0.0,raw_coordinates,0.5081847018959154,0.0078125,256,12.5749565859913,True,45
5655587012344798166,0.0,moment_registration,-0.07162987057105963,0.3203125,256,4.548217605867296,False,45
5655587012344798166,0.0,euler_secondary,-0.024707349878691942,0.421875,256,2.9154759474226504,False,45
2702045607442481273,0.0,quotient_exact,-0.09652162713526158,0.9296875,256,7.389971050325725,False,46
2702045607442481273,0.0,raw_coordinates,0.3275276715038835,0.0078125,256,12.007183114257954,True,46
2702045607442481273,0.0,moment_registration,-0.09403849182297941,0.390625,256,4.645228538743898,False,46
2702045607442481273,0.0,euler_secondary,-0.04030302465868851,0.8046875,256,2.0,False,46
16208962587058121412,0.0,quotient_exact,-0.06393193556703636,0.375,256,7.089123917479395,False,47
16208962587058121412,0.0,raw_coordinates,0.4952575621270624,0.0078125,256,12.623726398676041,True,47
16208962587058121412,0.0,moment_registration,-0.10000751091574844,0.6171875,256,4.413367604957527,False,47
16208962587058121412,0.0,euler_secondary,-0.025201701764545392,0.625,256,2.0,False,47
1496101785555134602,0.0,quotient_exact,-0.02966003294544839,0.421875,256,6.281669823946294,False,48
1496101785555134602,0.0,raw_coordinates,0.4424769862354604,0.0078125,256,12.630118396694584,True,48
1496101785555134602,0.0,moment_registration,-0.06560495941456812,0.5390625,256,3.4022270229019185,False,48
1496101785555134602,0.0,euler_secondary,0.06925674555847372,0.0625,256,2.5495097567963922,False,48
4235746736207545671,0.0,quotient_exact,-0.04155734352978335,0.625,256,6.788564272211528,False,49
4235746736207545671,0.0,raw_coordinates,0.504727387102091,0.0078125,256,13.590973611219264,True,49
4235746736207545671,0.0,moment_registration,-0.055639643187744836,0.375,256,3.744739871625035,False,49
4235746736207545671,0.0,euler_secondary,-0.04003715720308332,0.8203125,256,2.1213203435596424,False,49
12394558298169548853,0.0,quotient_exact,-0.05104668420007907,0.2890625,256,6.796641520808715,False,50
12394558298169548853,0.0,raw_coordinates,0.48491034831112956,0.0078125,256,12.558690602148081,True,50
12394558298169548853,0.0,moment_registration,-0.08054144256140217,0.5859375,256,4.216185229732917,False,50
12394558298169548853,0.0,euler_secondary,-0.058886697214733386,0.9765625,256,2.29128784747792,False,50
9776069374486831546,0.0,quotient_exact,-0.06126385238186027,0.1875,256,6.653303412205703,False,51
9776069374486831546,0.0,raw_coordinates,0.491801273886707,0.0078125,256,12.771870915712062,True,51
9776069374486831546,0.0,moment_registration,-0.04857006549178333,0.0546875,256,3.815135696813734,False,51
9776069374486831546,0.0,euler_secondary,-0.06821220822686036,0.8828125,256,1.8708286933869707,False,51
2348768157627659166,0.0,quotient_exact,-0.06561041848853999,0.4375,256,7.651134147778186,False,52
2348768157627659166,0.0,raw_coordinates,0.41965724307978414,0.0078125,256,13.428877093763996,True,52
2348768157627659166,0.0,moment_registration,-0.09800655964686733,0.703125,256,4.840199305634495,False,52
2348768157627659166,0.0,euler_secondary,-0.06693725816941598,0.9921875,256,2.1213203435596424,False,52
1227332908786355767,0.0,quotient_exact,-0.06301134418750076,1.0,256,5.819697217162291,False,53
1227332908786355767,0.0,raw_coordinates,0.5386552507897228,0.0078125,256,12.13028963054012,True,53
1227332908786355767,0.0,moment_registration,-0.0911725815007749,1.0,256,3.1345828939643825,False,53
1227332908786355767,0.0,euler_secondary,-0.036737388935354054,0.7421875,256,2.29128784747792,False,53
10294154309735092292,0.0,quotient_exact,-0.05597757324796793,0.5859375,256,6.207141905206841,False,54
10294154309735092292,0.0,raw_coordinates,0.6315288095685301,0.0078125,256,12.339073517514645,True,54
10294154309735092292,0.0,moment_registration,-0.0845851011208949,0.96875,256,3.1775858413675917,False,54
10294154309735092292,0.0,euler_secondary,0.015287679458519943,0.1875,256,2.1213203435596424,False,54
13179427702763852454,0.0,quotient_exact,-0.07186711934470935,0.4375,256,6.5543930409445075,False,55
13179427702763852454,0.0,raw_coordinates,0.5569690894829318,0.0078125,256,13.037208280526373,True,55
13179427702763852454,0.0,moment_registration,-0.0943485072376371,0.328125,256,4.182194961603493,False,55
13179427702763852454,0.0,euler_secondary,-0.05077739387318414,0.8984375,256,2.0,False,55
1334188908458888247,0.0,quotient_exact,-0.05847166020109662,0.234375,256,7.091009362031419,False,56
1334188908458888247,0.0,raw_coordinates,0.5006514493356679,0.0078125,256,12.651210541612619,True,56
1334188908458888247,0.0,moment_registration,-0.06208396324087251,0.0390625,256,4.472916192327578,True,56
1334188908458888247,0.0,euler_secondary,0.045744261870257596,0.0078125,256,2.1213203435596424,True,56
7148445328048135263,0.0,quotient_exact,-0.04401488582590085,0.3203125,256,6.7893180380317935,False,57
7148445328048135263,0.0,raw_coordinates,0.4823909844240504,0.0078125,256,12.316458638632447,True,57
7148445328048135263,0.0,moment_registration,-0.09143607187714109,0.90625,256,4.341589741179156,False,57
7148445328048135263,0.0,euler_secondary,-0.014939556716257019,0.421875,256,1.8708286933869707,False,57
3823268368009566833,0.0,quotient_exact,-0.048696429637694716,0.15625,256,6.494343707353683,False,58
3823268368009566833,0.0,raw_coordinates,0.5499630386190097,0.0078125,256,12.474384579838794,True,58
3823268368009566833,0.0,moment_registration,-0.06762103103764061,0.34375,256,3.3807959908487226,False,58
3823268368009566833,0.0,euler_secondary,-0.01763735986409798,0.5859375,256,2.8284271247461903,False,58
12276814823094795228,0.0,quotient_exact,-0.048651194063670355,0.296875,256,6.430452069373178,False,59
12276814823094795228,0.0,raw_coordinates,0.4987118147800167,0.0078125,256,12.825862737875083,True,59
12276814823094795228,0.0,moment_registration,-0.07714437687376186,0.4140625,256,3.9951283486651605,False,59
12276814823094795228,0.0,euler_secondary,0.03912287523465374,0.078125,256,2.0,False,59
8967330663703868619,0.0,quotient_exact,-0.06633287060192361,0.8046875,256,6.125026219105209,False,60
8967330663703868619,0.0,raw_coordinates,0.4351063031713821,0.0078125,256,12.270777396192097,True,60
8967330663703868619,0.0,moment_registration,-0.07948774559022542,0.8203125,256,3.213044211362342,False,60
8967330663703868619,0.0,euler_secondary,0.01062905070220388,0.234375,256,3.24037034920393,False,60
10082509170697441220,0.0,quotient_exact,-0.030865745465057826,0.0703125,256,5.969330363397917,False,61
10082509170697441220,0.0,raw_coordinates,0.413921164833172,0.0078125,256,11.972538304391168,True,61
10082509170697441220,0.0,moment_registration,-0.06169275349638681,0.15625,256,3.5494080656610056,False,61
10082509170697441220,0.0,euler_secondary,-0.002038252521764372,0.2890625,256,2.0,False,61
16529200259702448977,0.0,quotient_exact,-0.06628253874289869,0.7109375,256,7.218156238325265,False,62
16529200259702448977,0.0,raw_coordinates,0.500419400048167,0.0078125,256,11.428386260545924,True,62
16529200259702448977,0.0,moment_registration,-0.09002204137717296,0.6875,256,4.390856914881523,False,62
16529200259702448977,0.0,euler_secondary,-0.031124248368336604,0.6484375,256,2.1213203435596424,False,62
12955932684325445775,0.0,quotient_exact,-0.058999819096295814,0.3515625,256,6.131369925405996,False,63
12955932684325445775,0.0,raw_coordinates,0.56228779055365,0.0078125,256,12.634107139382738,True,63
12955932684325445775,0.0,moment_registration,-0.06848718190827308,0.03125,256,3.1684103500453404,True,63
12955932684325445775,0.0,euler_secondary,-0.006021919200256853,0.1328125,256,2.7386127875258306,False,63
9288657582117365306,0.0,quotient_exact,-0.05806787777274225,0.7890625,256,6.495048446753449,False,64
9288657582117365306,0.0,raw_coordinates,0.5196024021716461,0.0078125,256,12.531965671334637,True,64
9288657582117365306,0.0,moment_registration,-0.07302393179845201,0.6640625,256,3.746924525786887,False,64
9288657582117365306,0.0,euler_secondary,-0.048269197571618516,0.921875,256,1.8708286933869707,False,64
17752969821602404862,0.0,quotient_exact,-0.06196719604957868,0.3359375,256,7.028593430633097,False,65
17752969821602404862,0.0,raw_coordinates,0.5155368580678782,0.0078125,256,12.396072770626184,True,65
17752969821602404862,0.0,moment_registration,-0.09831528852586935,0.3984375,256,3.8783254193868553,False,65
17752969821602404862,0.0,euler_secondary,-0.059442138363635655,0.96875,256,2.7838821814150108,False,65
5924534237832779004,0.0,quotient_exact,-0.06193705861889964,0.7578125,256,6.4624255397795825,False,66
5924534237832779004,0.0,raw_coordinates,0.4255566754937582,0.0078125,256,11.194190971766256,True,66
5924534237832779004,0.0,moment_registration,-0.07216075339849859,0.78125,256,3.3472501715955203,False,66
5924534237832779004,0.0,euler_secondary,-0.03565497583469335,0.6171875,256,2.23606797749979,False,66
1304819635949852277,0.0,quotient_exact,-0.08481366755797226,0.9609375,256,7.634877663861735,False,67
1304819635949852277,0.0,raw_coordinates,0.41005580858474266,0.0078125,256,12.155781488296054,True,67
1304819635949852277,0.0,moment_registration,-0.10788240498039015,0.6875,256,4.567895817901683,False,67
1304819635949852277,0.0,euler_secondary,-0.04287663757431903,0.1015625,256,6.855654600401044,False,67
7202957061711351234,0.0,quotient_exact,-0.06283816632850991,0.578125,256,6.958496941064688,False,68
7202957061711351234,0.0,raw_coordinates,0.5023226834342426,0.0078125,256,12.4182494689753,True,68
7202957061711351234,0.0,moment_registration,-0.07312378892609839,0.359375,256,4.498766681622833,False,68
7202957061711351234,0.0,euler_secondary,0.025863530963315617,0.1171875,256,2.1213203435596424,False,68
10013562856523094919,0.0,quotient_exact,-0.05867873285835856,0.8671875,256,6.188041640267064,False,69
10013562856523094919,0.0,raw_coordinates,0.528719210521884,0.0078125,256,14.263045950906363,True,69
10013562856523094919,0.0,moment_registration,-0.0727089733137658,0.8828125,256,3.2741136138915947,False,69
10013562856523094919,0.0,euler_secondary,0.08122384286893869,0.171875,256,2.9154759474226504,False,69
3832680221088908929,0.0,quotient_exact,-0.06518081649167184,0.3515625,256,7.414283444963109,False,70
3832680221088908929,0.0,raw_coordinates,0.5085305431038725,0.0078125,256,13.062591411986212,True,70
3832680221088908929,0.0,moment_registration,-0.09472790898741401,0.4921875,256,5.739257715736082,False,70
3832680221088908929,0.0,euler_secondary,-0.05123327204981065,0.8359375,256,2.8284271247461903,False,70
12103498035168787978,0.0,quotient_exact,-0.0437562323028271,0.21875,256,6.388739513738603,False,71
12103498035168787978,0.0,raw_coordinates,0.4836443883638377,0.0078125,256,11.949654630655827,True,71
12103498035168787978,0.0,moment_registration,-0.07574425008866137,0.3515625,256,3.481443200786787,False,71
12103498035168787978,0.0,euler_secondary,-0.012527883545185525,0.09375,256,2.0,False,71
9066567214945665445,0.0,quotient_exact,-0.08349369435944809,0.96875,256,6.88310448870471,False,72
9066567214945665445,0.0,raw_coordinates,0.5487392231956001,0.0078125,256,12.391886074445017,True,72
9066567214945665445,0.0,moment_registration,-0.10201071410882712,0.8828125,256,4.034788766600072,False,72
9066567214945665445,0.0,euler_secondary,-0.0491575945528413,0.8125,256,2.345207879911715,False,72
15403510392195612106,0.0,quotient_exact,-0.05037721982675858,0.6015625,256,6.607418592315536,False,73
15403510392195612106,0.0,raw_coordinates,0.5544046385677827,0.0078125,256,12.614393361403051,True,73
15403510392195612106,0.0,moment_registration,-0.06696601323077334,0.2734375,256,3.9162671294829137,False,73
15403510392195612106,0.0,euler_secondary,0.029717847879889958,0.0859375,256,2.0,False,73
3054761373897929972,0.0,quotient_exact,-0.05833865808733496,0.0625,256,7.434018596455357,False,74
3054761373897929972,0.0,raw_coordinates,0.4663960989360665,0.0078125,256,12.12996682691479,True,74
3054761373897929972,0.0,moment_registration,-0.08491707556688322,0.1484375,256,4.507624944183468,False,74
3054761373897929972,0.0,euler_secondary,0.04528709940075604,0.2265625,256,3.082207001484488,False,74
1994387110341861695,0.0,quotient_exact,-0.07107375506198255,0.890625,256,6.162646408037585,False,75
1994387110341861695,0.0,raw_coordinates,0.4945813543748254,0.0078125,256,13.441487087542843,True,75
1994387110341861695,0.0,moment_registration,-0.07489332336735677,0.5390625,256,3.6393964499277702,False,75
1994387110341861695,0.0,euler_secondary,-0.02086302976553367,0.7265625,256,1.5811388300841898,False,75
18111419562250747334,0.0,quotient_exact,-0.06963409430373602,0.71875,256,6.901032082065649,False,76
18111419562250747334,0.0,raw_coordinates,0.5852357290618115,0.0078125,256,12.806963969064016,True,76
18111419562250747334,0.0,moment_registration,-0.09061898980872629,0.5625,256,4.368726140451104,False,76
18111419562250747334,0.0,euler_secondary,-0.02591428700593079,0.6640625,256,2.1213203435596424,False,76
4445667770586998363,0.0,quotient_exact,-0.061265562124312445,0.4609375,256,6.986315443516895,False,77
4445667770586998363,0.0,raw_coordinates,0.469128464397238,0.0078125,256,12.356995038122307,True,77
4445667770586998363,0.0,moment_registration,-0.09443967132342634,0.765625,256,4.164614604014728,False,77
4445667770586998363,0.0,euler_secondary,-0.04088694731755993,0.59375,256,2.345207879911715,False,77
8599943063536473792,0.0,quotient_exact,-0.07071342541809134,0.578125,256,7.287816662411209,False,78
8599943063536473792,0.0,raw_coordinates,0.4978332879707785,0.0078125,256,12.642257873576579,True,78
8599943063536473792,0.0,moment_registration,-0.09179655690505695,0.296875,256,4.71989105895779,False,78
8599943063536473792,0.0,euler_secondary,-0.026426965025916904,0.6796875,256,2.23606797749979,False,78
7061504583801096831,0.0,quotient_exact,-0.0591723088251328,0.453125,256,6.9529607576129155,False,79
7061504583801096831,0.0,raw_coordinates,0.4794507726464261,0.0078125,256,12.556146027635064,True,79
7061504583801096831,0.0,moment_registration,-0.0950748969999533,0.78125,256,4.034886433124045,False,79
7061504583801096831,0.0,euler_secondary,-0.03646441454480098,0.53125,256,2.7386127875258306,False,79
14404061857192521640,0.0,quotient_exact,-0.047318974010853054,0.046875,256,7.032838568760375,True,80
14404061857192521640,0.0,raw_coordinates,0.43801532427359313,0.0078125,256,13.074246431628287,True,80
14404061857192521640,0.0,moment_registration,-0.08618532074360319,0.3828125,256,4.519741970952482,False,80
14404061857192521640,0.0,euler_secondary,0.059076039459652785,0.140625,256,1.8708286933869707,False,80
9357002029376051279,0.0,quotient_exact,-0.05361596824864878,0.4453125,256,6.422685931183232,False,81
9357002029376051279,0.0,raw_coordinates,0.5221458761425035,0.0078125,256,12.32411302877232,True,81
9357002029376051279,0.0,moment_registration,-0.07016443946874884,0.40625,256,3.7283308189649156,False,81
9357002029376051279,0.0,euler_secondary,-0.03741389708095322,0.2421875,256,2.23606797749979,False,81
9726221980550479395,0.0,quotient_exact,-0.06514595742921325,0.78125,256,7.391299665281286,False,82
9726221980550479395,0.0,raw_coordinates,0.5499049973836634,0.0078125,256,13.057063808348543,True,82
9726221980550479395,0.0,moment_registration,-0.10069605073558852,0.46875,256,4.686028524248492,False,82
9726221980550479395,0.0,euler_secondary,-0.032733151771449975,0.4765625,256,6.892024376045111,False,82
15664250174607019562,0.0,quotient_exact,-0.07377372287826456,1.0,256,6.698185224691027,False,83
15664250174607019562,0.0,raw_coordinates,0.49907522809908256,0.0078125,256,13.180382355940413,True,83
15664250174607019562,0.0,moment_registration,-0.10309750673181017,1.0,256,3.840506921591464,False,83
15664250174607019562,0.0,euler_secondary,-0.05701665220979324,0.953125,256,2.5495097567963922,False,83
5869155496345673895,0.0,quotient_exact,-0.05471773121535484,0.3515625,256,7.2695752256137345,False,84
5869155496345673895,0.0,raw_coordinates,0.4654351938520189,0.0078125,256,12.5501035957999,True,84
5869155496345673895,0.0,moment_registration,-0.10021333105797214,0.890625,256,4.619283396345022,False,84
5869155496345673895,0.0,euler_secondary,-0.03790442767478308,0.6796875,256,3.122498999199199,False,84
9417563241878580185,0.0,quotient_exact,-0.07353658341396407,0.890625,256,6.913369820032143,False,85
9417563241878580185,0.0,raw_coordinates,0.5930987365695072,0.0078125,256,13.471206989945685,True,85
9417563241878580185,0.0,moment_registration,-0.10176904641096052,0.9765625,256,4.027581414403877,False,85
9417563241878580185,0.0,euler_secondary,-0.008836625459690661,0.2890625,256,2.0,False,85
16956179298529883757,0.0,quotient_exact,-0.0485404960313256,0.421875,256,6.454460793740317,False,86
16956179298529883757,0.0,raw_coordinates,0.4470150003986145,0.0078125,256,12.627095288261826,True,86
16956179298529883757,0.0,moment_registration,-0.07778225038708464,0.5078125,256,3.689815887458961,False,86
16956179298529883757,0.0,euler_secondary,-0.05310371743382403,0.859375,256,2.0,False,86
7707508562357239551,0.0,quotient_exact,-0.058087303682743174,0.5234375,256,6.933161645426067,False,87
7707508562357239551,0.0,raw_coordinates,0.5062046721680185,0.0078125,256,12.618806206678837,True,87
7707508562357239551,0.0,moment_registration,-0.08257421978186752,0.375,256,4.102468888354711,False,87
7707508562357239551,0.0,euler_secondary,-0.024429492206866854,0.328125,256,2.8284271247461903,False,87
70508927945660183,0.0,quotient_exact,-0.0639246952967717,0.203125,256,7.950847666127971,False,88
70508927945660183,0.0,raw_coordinates,0.49684294330427464,0.0078125,256,12.292296421677642,True,88
70508927945660183,0.0,moment_registration,-0.10587853990124807,0.5625,256,5.653248077820634,False,88
70508927945660183,0.0,euler_secondary,-0.04118351352031069,0.78125,256,1.8708286933869707,False,88
1979222521715294326,0.0,quotient_exact,-0.06839970748587632,0.8515625,256,7.255523003293566,False,89
1979222521715294326,0.0,raw_coordinates,0.4178100038544714,0.0078125,256,12.7871770808774,True,89
1979222521715294326,0.0,moment_registration,-0.10710783173270588,0.8828125,256,4.627764762466085,False,89
1979222521715294326,0.0,euler_secondary,0.0780323557296635,0.0859375,256,3.905124837953327,False,89
6650394780544194123,0.0,quotient_exact,-0.05577816645118927,0.5703125,256,6.269556457548637,False,90
6650394780544194123,0.0,raw_coordinates,0.39345727239618133,0.0078125,256,12.268828384812965,True,90
6650394780544194123,0.0,moment_registration,-0.044323215725548426,0.2265625,256,3.339503051958643,False,90
6650394780544194123,0.0,euler_secondary,-0.0522448381401468,0.71875,256,2.0,False,90
11841940653546451895,0.0,quotient_exact,-0.06110426807039948,0.3828125,256,7.203111874886512,False,91
11841940653546451895,0.0,raw_coordinates,0.3858229375703305,0.0078125,256,12.76434061911887,True,91
11841940653546451895,0.0,moment_registration,-0.07723846571088966,0.2578125,256,4.689079201832545,False,91
11841940653546451895,0.0,euler_secondary,0.020016187173046762,0.1796875,256,2.29128784747792,False,91
12359965818899820624,0.0,quotient_exact,-0.06926238792323569,0.7265625,256,7.020428748385988,False,92
12359965818899820624,0.0,raw_coordinates,0.5592675960310831,0.0078125,256,12.183067962449929,True,92
12359965818899820624,0.0,moment_registration,-0.06372919120480036,0.234375,256,4.386360099033436,False,92
12359965818899820624,0.0,euler_secondary,-0.04193119386914079,0.71875,256,2.449489742783178,False,92
17979300177440770091,0.0,quotient_exact,-0.022920245024465657,0.09375,256,6.755408427313725,False,93
17979300177440770091,0.0,raw_coordinates,0.44802850189325594,0.0078125,256,12.137149456027466,True,93
17979300177440770091,0.0,moment_registration,-0.05633994300339917,0.265625,256,3.910734172314998,False,93
17979300177440770091,0.0,euler_secondary,-0.0436804533625208,0.9609375,256,2.345207879911715,False,93
1473030348097300157,0.0,quotient_exact,-0.05550266495903089,0.5625,256,6.208920854707122,False,94
1473030348097300157,0.0,raw_coordinates,0.5708350066272636,0.0078125,256,12.933519952129336,True,94
1473030348097300157,0.0,moment_registration,-0.09634952171157074,1.0,256,3.323874226443592,False,94
1473030348097300157,0.0,euler_secondary,-0.06660157086219942,0.9296875,256,2.345207879911715,False,94
3426941444182688319,0.0,quotient_exact,-0.03937139032898651,0.3359375,256,6.363589396904609,False,95
3426941444182688319,0.0,raw_coordinates,0.5692702405031138,0.0078125,256,13.680976985443888,True,95
3426941444182688319,0.0,moment_registration,-0.04184752707864681,0.25,256,3.3565959780645818,False,95
3426941444182688319,0.0,euler_secondary,0.020607105338610987,0.046875,256,1.8708286933869707,True,95
92899031499203898,0.0,quotient_exact,-0.07643625008251065,0.9296875,256,6.194208151479847,False,96
92899031499203898,0.0,raw_coordinates,0.582221693438794,0.0078125,256,12.26246942065657,True,96
92899031499203898,0.0,moment_registration,-0.07276050898663633,0.4765625,256,3.0404533382154235,False,96
92899031499203898,0.0,euler_secondary,-0.021963595233047473,0.671875,256,2.449489742783178,False,96
13826465771114121878,0.0,quotient_exact,-0.03581510275216093,0.1796875,256,6.491179260807264,False,97
13826465771114121878,0.0,raw_coordinates,0.5536501014312144,0.0078125,256,13.143886498405301,True,97
13826465771114121878,0.0,moment_registration,-0.04792107047883565,0.0234375,256,4.213591494620836,True,97
13826465771114121878,0.0,euler_secondary,-0.01645685015270204,0.625,256,6.324555320336759,False,97
16568729220508302449,0.0,quotient_exact,-0.03965030777405032,0.0859375,256,6.890940618638199,False,98
16568729220508302449,0.0,raw_coordinates,0.44566106826087926,0.0078125,256,12.3222822847909,True,98
16568729220508302449,0.0,moment_registration,-0.04021953632843667,0.0859375,256,3.619051858170451,False,98
16568729220508302449,0.0,euler_secondary,-0.044928682381425444,0.953125,256,2.23606797749979,False,98
10397886471809199488,0.0,quotient_exact,-0.05787961495814253,0.0625,256,6.907160388442003,False,99
10397886471809199488,0.0,raw_coordinates,0.3840826852734305,0.0078125,256,11.174982713868651,True,99
10397886471809199488,0.0,moment_registration,-0.0974493284537834,0.7265625,256,4.166081743242646,False,99
10397886471809199488,0.0,euler_secondary,-0.06041489555203505,0.96875,256,3.6742346141747673,False,99
6774960390367727414,0.0,quotient_exact,-0.07468555312124558,0.2578125,256,8.270276103787111,False,100
6774960390367727414,0.0,raw_coordinates,0.5200055601008375,0.0078125,256,12.071444275454608,True,100
6774960390367727414,0.0,moment_registration,-0.09217800794640052,0.0703125,256,5.311218385798279,False,100
6774960390367727414,0.0,euler_secondary,0.044550480799804615,0.0859375,256,2.0,False,100
10569675931516873161,0.0,quotient_exact,-0.06405240066598761,0.2578125,256,6.869192700778556,False,101
10569675931516873161,0.0,raw_coordinates,0.4361401514486142,0.0078125,256,13.069077671623369,True,101
10569675931516873161,0.0,moment_registration,-0.07252629793958598,0.046875,256,4.212976911119051,True,101
10569675931516873161,0.0,euler_secondary,0.04549299641644544,0.0546875,256,2.0,False,101
17333616149822264529,0.0,quotient_exact,-0.055390296154267826,0.2265625,256,6.185466716605541,False,102
17333616149822264529,0.0,raw_coordinates,0.5290475349114727,0.0078125,256,12.87611386595911,True,102
17333616149822264529,0.0,moment_registration,-0.06320068626938558,0.1171875,256,3.8242896336579695,False,102
17333616149822264529,0.0,euler_secondary,-0.03700860361506442,0.4453125,256,2.0,False,102
7715535641581658951,0.0,quotient_exact,-0.05957318813537871,0.84375,256,6.427323462480922,False,103
7715535641581658951,0.0,raw_coordinates,0.576317156489363,0.0078125,256,12.44011544848363,True,103
7715535641581658951,0.0,moment_registration,-0.06840149846165544,0.171875,256,3.586559768185069,False,103
7715535641581658951,0.0,euler_secondary,-0.055263701551731215,0.7578125,256,3.640054944640259,False,103
6450106445042151555,0.0,quotient_exact,-0.068769049937766,0.765625,256,6.945006926137435,False,104
6450106445042151555,0.0,raw_coordinates,0.5234765076465207,0.0078125,256,13.997498572180533,True,104
6450106445042151555,0.0,moment_registration,-0.07963455109779849,0.7265625,256,4.143099803220918,False,104
6450106445042151555,0.0,euler_secondary,-0.04342010066992863,0.7734375,256,2.1213203435596424,False,104
14068194393190646001,0.0,quotient_exact,-0.06389864961683411,0.5625,256,6.755570348287562,False,105
14068194393190646001,0.0,raw_coordinates,0.39678909237189774,0.0078125,256,12.346567677709608,True,105
14068194393190646001,0.0,moment_registration,-0.09999887337321356,0.78125,256,4.1129301999229035,False,105
14068194393190646001,0.0,euler_secondary,-0.0007964629206073104,0.359375,256,2.1213203435596424,False,105
6935574750052723480,0.0,quotient_exact,-0.09283668704585235,0.7890625,256,7.827459581642755,False,106
6935574750052723480,0.0,raw_coordinates,0.4798956081547925,0.0078125,256,12.456410803097086,True,106
6935574750052723480,0.0,moment_registration,-0.1088950941224911,0.5546875,256,5.171898025767407,False,106
6935574750052723480,0.0,euler_secondary,-0.025309999909975844,0.0625,256,2.9154759474226504,False,106
872833868476692538,0.0,quotient_exact,-0.024660565376361743,0.15625,256,6.013640323345532,False,107
872833868476692538,0.0,raw_coordinates,0.47039919576059686,0.0078125,256,12.396846732369593,True,107
872833868476692538,0.0,moment_registration,-0.08042144423132636,0.7421875,256,3.2331895509822575,False,107
872833868476692538,0.0,euler_secondary,-0.021708378428436204,0.125,256,3.5355339059327378,False,107
5226257035093581567,0.0,quotient_exact,-0.0460211628923215,0.609375,256,6.748420231076566,False,108
5226257035093581567,0.0,raw_coordinates,0.40177057372449965,0.0078125,256,12.773455420813074,True,108
5226257035093581567,0.0,moment_registration,-0.08874548723898124,0.7734375,256,4.142786131378085,False,108
5226257035093581567,0.0,euler_secondary,-0.03306682235587033,0.671875,256,2.5495097567963922,False,108
2606824813678439387,0.0,quotient_exact,-0.0655815623096947,0.7578125,256,6.642884253404609,False,109
2606824813678439387,0.0,raw_coordinates,0.4191542349370979,0.0078125,256,11.97611205982083,True,109
2606824813678439387,0.0,moment_registration,-0.09479327550377936,0.828125,256,3.7668806031524147,False,109
2606824813678439387,0.0,euler_secondary,-0.051135447833320136,0.7109375,256,3.3541019662496847,False,109
6785420946642168404,0.0,quotient_exact,-0.06453684629677436,0.859375,256,6.552703165983761,False,110
6785420946642168404,0.0,raw_coordinates,0.4222846749714151,0.0078125,256,12.491897490919019,True,110
6785420946642168404,0.0,moment_registration,-0.08177889131458227,0.828125,256,3.9360586421222283,False,110
6785420946642168404,0.0,euler_secondary,-0.06739897486194002,0.96875,256,2.0,False,110
2584149404438072157,0.0,quotient_exact,-0.03559920368017866,0.640625,256,5.9634651416925,False,111
2584149404438072157,0.0,raw_coordinates,0.543581405779973,0.0078125,256,13.16537987920567,True,111
2584149404438072157,0.0,moment_registration,-0.052318502173133496,0.5,256,3.1832710707574514,False,111
2584149404438072157,0.0,euler_secondary,-0.01111197176731582,0.53125,256,2.1213203435596424,False,111
3071283386040324547,0.0,quotient_exact,-0.07153924676396528,0.3671875,256,7.563105265109177,False,112
3071283386040324547,0.0,raw_coordinates,0.42442134874144877,0.0078125,256,12.20890180669409,True,112
3071283386040324547,0.0,moment_registration,-0.09579979149825546,0.6328125,256,4.692756764167907,False,112
3071283386040324547,0.0,euler_secondary,0.010147555821346521,0.3828125,256,1.7320508075688772,False,112
11667694782290843203,0.0,quotient_exact,-0.0813730053752677,0.4921875,256,6.886803436835727,False,113
11667694782290843203,0.0,raw_coordinates,0.4962006268576762,0.0078125,256,13.308337270952721,True,113
11667694782290843203,0.0,moment_registration,-0.08855906299347627,0.1015625,256,4.185936645717259,False,113
11667694782290843203,0.0,euler_secondary,-0.030554777020066926,0.65625,256,2.0615528128088303,False,113
5228942762270058032,0.0,quotient_exact,-0.06936801864005515,0.8125,256,6.987073461804573,False,114
5228942762270058032,0.0,raw_coordinates,0.4182166103087974,0.0078125,256,12.011488040190782,True,114
5228942762270058032,0.0,moment_registration,-0.10230627082239818,0.8515625,256,3.741884059098658,False,114
5228942762270058032,0.0,euler_secondary,-0.04333952021215515,0.828125,256,3.082207001484488,False,114
3043281110892896616,0.0,quotient_exact,-0.05665436539620472,0.7421875,256,6.374333889592774,False,115
3043281110892896616,0.0,raw_coordinates,0.5247054622336882,0.0078125,256,11.914614726923867,True,115
3043281110892896616,0.0,moment_registration,-0.08255102298669581,0.765625,256,3.706908886114974,False,115
3043281110892896616,0.0,euler_secondary,-0.06287779436485796,0.9140625,256,2.23606797749979,False,115
10032666535610757244,0.0,quotient_exact,-0.025579903069915533,0.1796875,256,5.823145353645703,False,116
10032666535610757244,0.0,raw_coordinates,0.5591403599770377,0.0078125,256,12.920928268316931,True,116
10032666535610757244,0.0,moment_registration,-0.079416688166138,0.9296875,256,3.0938916040492157,False,116
10032666535610757244,0.0,euler_secondary,0.034041649557849496,0.09375,256,1.4142135623730951,False,116
4798198876536173505,0.0,quotient_exact,-0.06228121183381852,0.4765625,256,7.070751856365818,False,117
4798198876536173505,0.0,raw_coordinates,0.5909837368937865,0.0078125,256,12.825165950082717,True,117
4798198876536173505,0.0,moment_registration,-0.0657866880104847,0.1328125,256,4.1139139367628275,False,117
4798198876536173505,0.0,euler_secondary,0.0067036950460415135,0.2890625,256,1.7320508075688772,False,117
7544157356992759091,0.0,quotient_exact,-0.042371530180151606,0.78125,256,6.361272566310552,False,118
7544157356992759091,0.0,raw_coordinates,0.5354226210836363,0.0078125,256,12.492845556263912,True,118
7544157356992759091,0.0,moment_registration,-0.08148668218150157,0.84375,256,3.666502676317787,False,118
7544157356992759091,0.0,euler_secondary,-0.03295533314930055,0.1484375,256,2.8284271247461903,False,118
913523138215389637,0.0,quotient_exact,-0.06185081471482379,0.9140625,256,5.930754971706859,False,119
913523138215389637,0.0,raw_coordinates,0.4494851377048745,0.0078125,256,11.895882300257615,True,119
913523138215389637,0.0,moment_registration,-0.0747253225686052,0.9375,256,3.177752205266679,False,119
913523138215389637,0.0,euler_secondary,-0.05463892230521006,0.9609375,256,2.1213203435596424,False,119
10204107313898743708,0.0,quotient_exact,-0.07737267881984233,0.859375,256,6.697228021310202,False,120
10204107313898743708,0.0,raw_coordinates,0.6176612307955266,0.0078125,256,12.575202088672523,True,120
10204107313898743708,0.0,moment_registration,-0.1065506721686641,0.8359375,256,3.7080931264137837,False,120
10204107313898743708,0.0,euler_secondary,-0.02466326134993424,0.203125,256,3.278719262151,False,120
7812893978453738769,0.0,quotient_exact,-0.08941513191605299,0.890625,256,7.405081524055194,False,121
7812893978453738769,0.0,raw_coordinates,0.4968474246724145,0.0078125,256,13.189964329382022,True,121
7812893978453738769,0.0,moment_registration,-0.10101658772950273,0.359375,256,4.680875282629854,False,121
7812893978453738769,0.0,euler_secondary,-0.020656303681511168,0.484375,256,2.0,False,121
4226128839151494845,0.0,quotient_exact,-0.03540875894528528,0.6875,256,5.9906256277790115,False,122
4226128839151494845,0.0,raw_coordinates,0.44905494593218087,0.0078125,256,13.093961828619923,True,122
4226128839151494845,0.0,moment_registration,-0.05873597960477739,0.4921875,256,3.2877103781468335,False,122
4226128839151494845,0.0,euler_secondary,-0.051173480508585056,0.90625,256,3.872983346207417,False,122
11913830740642265997,0.0,quotient_exact,-0.07319935555787727,0.265625,256,6.71824046446156,False,123
11913830740642265997,0.0,raw_coordinates,0.584631590229179,0.0078125,256,12.388012697986168,True,123
11913830740642265997,0.0,moment_registration,-0.1117703599862111,0.7890625,256,3.717543763119885,False,123
11913830740642265997,0.0,euler_secondary,-0.03887093836207245,0.75,256,2.1213203435596424,False,123
10250775022668288437,0.0,quotient_exact,-0.05236696777804062,0.234375,256,6.328545415213169,False,124
10250775022668288437,0.0,raw_coordinates,0.6790296963035576,0.0078125,256,13.492877203994475,True,124
10250775022668288437,0.0,moment_registration,-0.08456872302980567,0.4296875,256,3.589309390586559,False,124
10250775022668288437,0.0,euler_secondary,0.03502764416419479,0.0234375,256,1.7320508075688772,True,124
12526603468207691646,0.0,quotient_exact,-0.059097317539268945,0.546875,256,6.7630270039606994,False,125
12526603468207691646,0.0,raw_coordinates,0.490464199362753,0.0078125,256,13.485283235237166,True,125
12526603468207691646,0.0,moment_registration,-0.07591943758141428,0.3125,256,3.9404366030239393,False,125
12526603468207691646,0.0,euler_secondary,-0.04304104527222463,0.8046875,256,3.427827300200522,False,125
15586557270835252368,0.0,quotient_exact,-0.06475708003426683,0.3125,256,6.743081865999636,False,126
15586557270835252368,0.0,raw_coordinates,0.5352175292277683,0.0078125,256,12.315598154945185,True,126
15586557270835252368,0.0,moment_registration,-0.10530541670044391,0.7734375,256,3.878119717460356,False,126
15586557270835252368,0.0,euler_secondary,0.008680460312427307,0.015625,256,2.7838821814150108,True,126
13419066885116759461,0.0,quotient_exact,-0.07806335393824848,0.9375,256,7.121339410119713,False,127
13419066885116759461,0.0,raw_coordinates,0.4470624895030906,0.0078125,256,13.281944634512493,True,127
13419066885116759461,0.0,moment_registration,-0.10303795148339234,0.8984375,256,4.530843225314472,False,127
13419066885116759461,0.0,euler_secondary,-0.02846218124063249,0.375,256,2.29128784747792,False,127
10872065228402521902,0.0,quotient_exact,-0.09226384993550951,0.9921875,256,6.410589527837311,False,128
10872065228402521902,0.0,raw_coordinates,0.4684415258661787,0.0078125,256,12.36701399949741,True,128
10872065228402521902,0.0,moment_registration,-0.10117088178583977,0.984375,256,3.5656113074375213,False,128
10872065228402521902,0.0,euler_secondary,-0.042868328971206626,0.875,256,2.345207879911715,False,128
14271509234298814243,0.0,quotient_exact,-0.06479128901770304,0.796875,256,6.824007413178064,False,129
14271509234298814243,0.0,raw_coordinates,0.6063760640260296,0.0078125,256,13.213397677573537,True,129
14271509234298814243,0.0,moment_registration,-0.09569464805210814,0.6875,256,3.7248669360532682,False,129
14271509234298814243,0.0,euler_secondary,-0.012187558119078679,0.59375,256,6.782329983125268,False,129
2703794493257756357,0.0,quotient_exact,-0.04535671475606451,0.0546875,256,6.770483974094094,False,130
2703794493257756357,0.0,raw_coordinates,0.4704355340877737,0.0078125,256,12.365282575724642,True,130
2703794493257756357,0.0,moment_registration,-0.10029722608275726,0.5703125,256,3.930964849070979,False,130
2703794493257756357,0.0,euler_secondary,-0.022719838521182534,0.3046875,256,3.570714214271425,False,130
8413590274198005673,0.0,quotient_exact,-0.079486366124224,0.9140625,256,6.8749526594661745,False,131
8413590274198005673,0.0,raw_coordinates,0.5984777903463794,0.0078125,256,13.283764359346652,True,131
8413590274198005673,0.0,moment_registration,-0.1007049761828418,0.703125,256,4.125883110372641,False,131
8413590274198005673,0.0,euler_secondary,-0.0041047865026472286,0.3125,256,2.179449471770337,False,131
11778107982846230359,0.0,quotient_exact,-0.04035637542679471,0.390625,256,6.435574810759114,False,132
11778107982846230359,0.0,raw_coordinates,0.5317165436341862,0.0078125,256,12.932568979318589,True,132
11778107982846230359,0.0,moment_registration,-0.04166941466550078,0.078125,256,3.8082531492457132,False,132
11778107982846230359,0.0,euler_secondary,0.09471473004734887,0.109375,256,2.23606797749979,False,132
9077040047200356929,0.0,quotient_exact,-0.06448297049498053,0.1875,256,7.7214909271026855,False,133
9077040047200356929,0.0,raw_coordinates,0.3617140079921395,0.0078125,256,12.20259823626047,True,133
9077040047200356929,0.0,moment_registration,-0.09814450281346154,0.421875,256,5.056336752672223,False,133
9077040047200356929,0.0,euler_secondary,-0.037503343175550596,0.921875,256,3.3166247903554,False,133
159560701204858924,0.0,quotient_exact,-0.07431964443269123,0.96875,256,6.979434778960119,False,134
159560701204858924,0.0,raw_coordinates,0.5769326275633135,0.0078125,256,13.743368600642551,True,134
159560701204858924,0.0,moment_registration,-0.09031495620664987,0.671875,256,4.102411715105986,False,134
159560701204858924,0.0,euler_secondary,-0.015003286927521176,0.5390625,256,1.7320508075688772,False,134
18035383418294886460,0.0,quotient_exact,-0.005899179923108511,0.171875,256,6.250371668007367,False,135
18035383418294886460,0.0,raw_coordinates,0.4801379745068164,0.0078125,256,13.83671058675005,True,135
18035383418294886460,0.0,moment_registration,-0.046740193794721274,0.671875,256,3.419351610101509,False,135
18035383418294886460,0.0,euler_secondary,-0.013981736604382178,0.40625,256,1.8708286933869707,False,135
12320087361939532138,0.0,quotient_exact,-0.06329304050266571,0.890625,256,6.671705905758704,False,136
12320087361939532138,0.0,raw_coordinates,0.46345495428192085,0.0078125,256,12.149982770297507,True,136
12320087361939532138,0.0,moment_registration,-0.09398897056660926,0.8671875,256,3.9655151632991803,False,136
12320087361939532138,0.0,euler_secondary,-0.032083341044676916,0.6953125,256,2.23606797749979,False,136
9540144960975371076,0.0,quotient_exact,-0.06554650156880693,0.1328125,256,6.609700589769482,False,137
9540144960975371076,0.0,raw_coordinates,0.5363667906046402,0.0078125,256,12.046626763305754,True,137
9540144960975371076,0.0,moment_registration,-0.09912695615059153,0.609375,256,3.491608100608972,False,137
9540144960975371076,0.0,euler_secondary,-0.02879237518136013,0.671875,256,2.449489742783178,False,137
18035263314144904219,0.0,quotient_exact,-0.03289947284397843,0.1171875,256,7.33926490721877,False,138
18035263314144904219,0.0,raw_coordinates,0.4744130184112344,0.0078125,256,12.61177683917417,True,138
18035263314144904219,0.0,moment_registration,-0.08455704144255405,0.3359375,256,4.615539808449849,False,138
18035263314144904219,0.0,euler_secondary,-0.030911996356589033,0.9375,256,2.345207879911715,False,138
11697009551887749824,0.0,quotient_exact,-0.06013062906680744,0.703125,256,5.950268897530768,False,139
11697009551887749824,0.0,raw_coordinates,0.5410235356814992,0.0078125,256,12.902170827643424,True,139
11697009551887749824,0.0,moment_registration,-0.09177292129315495,0.9296875,256,3.4787122061929057,False,139
11697009551887749824,0.0,euler_secondary,-0.0010523605333113695,0.109375,256,1.9364916731037085,False,139
14382030512946143002,0.0,quotient_exact,-0.04253240119721868,0.3515625,256,6.518292571247719,False,140
14382030512946143002,0.0,raw_coordinates,0.3749557958309857,0.0078125,256,11.715202733137106,True,140
14382030512946143002,0.0,moment_registration,-0.08105521934165816,0.8359375,256,3.4847992935594467,False,140
14382030512946143002,0.0,euler_secondary,0.006939298746988176,0.0625,256,2.6457513110645907,False,140
4573467933886839255,0.0,quotient_exact,-0.008722655653479627,0.0390625,256,6.499819792861775,True,141
4573467933886839255,0.0,raw_coordinates,0.6036914406815177,0.0078125,256,13.646138261568407,True,141
4573467933886839255,0.0,moment_registration,-0.023943554955950797,0.0859375,256,3.9098050232717534,False,141
4573467933886839255,0.0,euler_secondary,0.04342791153548553,0.15625,256,3.3541019662496847,False,141
8651091763943160079,0.0,quotient_exact,-0.06021327968854484,0.1875,256,6.861664575887586,False,142
8651091763943160079,0.0,raw_coordinates,0.5038448608442985,0.0078125,256,13.149067083149063,True,142
8651091763943160079,0.0,moment_registration,-0.09822328674516168,0.296875,256,4.053640375087846,False,142
8651091763943160079,0.0,euler_secondary,-0.02285441101854313,0.5625,256,6.557438524302,False,142
13162849673199544138,0.0,quotient_exact,-0.07536057036306332,0.6171875,256,6.7906693418766,False,143
13162849673199544138,0.0,raw_coordinates,0.38591655350415,0.0078125,256,12.284502817252482,True,143
13162849673199544138,0.0,moment_registration,-0.1049059813383536,0.84375,256,4.308121709589132,False,143
13162849673199544138,0.0,euler_secondary,0.0015700742102515708,0.2265625,256,2.449489742783178,False,143
17793210298483057060,0.0,quotient_exact,-0.06684183117482068,0.171875,256,7.164971736878553,False,144
17793210298483057060,0.0,raw_coordinates,0.44570454469519183,0.0078125,256,11.859951742928374,True,144
17793210298483057060,0.0,moment_registration,-0.09588219019721422,0.1484375,256,4.307912887739752,False,144
17793210298483057060,0.0,euler_secondary,-0.005719500042593917,0.40625,256,2.1213203435596424,False,144
9953451442245168705,0.0,quotient_exact,-0.04072318850437906,0.1015625,256,6.584690830176594,False,145
9953451442245168705,0.0,raw_coordinates,0.5343447393254035,0.0078125,256,12.428754196149667,True,145
9953451442245168705,0.0,moment_registration,-0.09519724843202104,0.4921875,256,3.985841071971971,False,145
9953451442245168705,0.0,euler_secondary,-0.021876612783066296,0.4375,256,1.8708286933869707,False,145
3655241374983525954,0.0,quotient_exact,-0.03652697683739736,0.4140625,256,5.852143857164507,False,146
3655241374983525954,0.0,raw_coordinates,0.43469783345953994,0.0078125,256,12.192857276747539,True,146
3655241374983525954,0.0,moment_registration,-0.06640843804766328,0.6171875,256,3.0045384912778195,False,146
3655241374983525954,0.0,euler_secondary,-0.024541291413708977,0.6484375,256,3.082207001484488,False,146
902964888514915939,0.0,quotient_exact,-0.048523633199328176,0.25,256,7.347989416583937,False,147
902964888514915939,0.0,raw_coordinates,0.6447457116429365,0.0078125,256,13.08705903764646,True,147
902964888514915939,0.0,moment_registration,-0.08986706919536946,0.5,256,4.662344902323573,False,147
902964888514915939,0.0,euler_secondary,-0.02357097281590259,0.7734375,256,2.345207879911715,False,147
5065028755122166520,0.0,quotient_exact,-0.06630282353981887,0.7109375,256,6.764804420358824,False,148
5065028755122166520,0.0,raw_coordinates,0.4579229788992534,0.0078125,256,12.19808718288929,True,148
5065028755122166520,0.0,moment_registration,-0.09380218896524328,0.71875,256,4.361804392589507,False,148
5065028755122166520,0.0,euler_secondary,-0.030285743578940316,0.5390625,256,6.726812023536855,False,148
1110216735153960354,0.0,quotient_exact,-0.022646968512870957,0.21875,256,6.060443217840336,False,149
1110216735153960354,0.0,raw_coordinates,0.394496757419019,0.0078125,256,13.064806198601753,True,149
1110216735153960354,0.0,moment_registration,-0.0445746710140984,0.3125,256,3.103315921934726,False,149
1110216735153960354,0.0,euler_secondary,0.023827736493308382,0.265625,256,1.8708286933869707,False,149
4431438088114887418,0.0,quotient_exact,-0.0711494844172843,0.796875,256,6.93625248073589,False,150
4431438088114887418,0.0,raw_coordinates,0.5320686381101926,0.0078125,256,12.35657455276437,True,150
4431438088114887418,0.0,moment_registration,-0.06818529384832095,0.3046875,256,4.223702034128596,False,150
4431438088114887418,0.0,euler_secondary,-0.051434638670035504,0.9921875,256,2.692582403567252,False,150
18188031151986718504,0.0,quotient_exact,-0.009534851953013401,0.0234375,256,6.7933912317905305,True,151
18188031151986718504,0.0,raw_coordinates,0.5286003525558856,0.0078125,256,13.123755834294567,True,151
18188031151986718504,0.0,moment_registration,-0.08392464063479,0.0859375,256,4.089955571549161,False,151
18188031151986718504,0.0,euler_secondary,-0.04231485852178407,0.578125,256,2.29128784747792,False,151
4628223748980774898,0.0,quotient_exact,-0.044057805514523984,0.1640625,256,5.5599876042806695,False,152
4628223748980774898,0.0,raw_coordinates,0.6364598826954082,0.0078125,256,13.024165387306287,True,152
4628223748980774898,0.0,moment_registration,-0.06565033309070267,0.125,256,3.1739951407333478,False,152
4628223748980774898,0.0,euler_secondary,-0.016760531597623363,0.296875,256,2.0,False,152
13971060155664340220,0.0,quotient_exact,-0.051793270436423455,0.8046875,256,6.555337946708498,False,153
13971060155664340220,0.0,raw_coordinates,0.5561941851071819,0.0078125,256,12.438070253183302,True,153
13971060155664340220,0.0,moment_registration,-0.08559246687701438,0.921875,256,3.6303921353084445,False,153
13971060155664340220,0.0,euler_secondary,-0.019496730877429203,0.671875,256,2.0,False,153
8203403664165899453,0.0,quotient_exact,-0.08931190222254404,0.4921875,256,7.269634708874727,False,154
8203403664165899453,0.0,raw_coordinates,0.5643619591225945,0.0078125,256,12.257368602444679,True,154
8203403664165899453,0.0,moment_registration,-0.10717593717397922,0.2109375,256,4.505484856586009,False,154
8203403664165899453,0.0,euler_secondary,-0.009967782093451616,0.3046875,256,2.23606797749979,False,154
13021054894588391378,0.0,quotient_exact,-0.05400777836451698,0.34375,256,6.348990435793465,False,155
13021054894588391378,0.0,raw_coordinates,0.46602481876555,0.0078125,256,11.921055071325933,True,155
13021054894588391378,0.0,moment_registration,-0.06409427930921185,0.1796875,256,3.829312996777829,False,155
13021054894588391378,0.0,euler_secondary,-0.0030811294854123927,0.296875,256,2.0,False,155
15469518343534612177,0.0,quotient_exact,-0.05473733911376599,0.34375,256,6.55084855851543,False,156
15469518343534612177,0.0,raw_coordinates,0.48234825455134245,0.0078125,256,12.705888955273464,True,156
15469518343534612177,0.0,moment_registration,-0.0917591023157831,0.828125,256,4.193039608062961,False,156
15469518343534612177,0.0,euler_secondary,-0.007328416978240826,0.171875,256,2.23606797749979,False,156
5962751665940954203,0.0,quotient_exact,-0.043761829064512425,0.296875,256,7.157479381922701,False,157
5962751665940954203,0.0,raw_coordinates,0.5741504111522944,0.0078125,256,13.809395246741813,True,157
5962751665940954203,0.0,moment_registration,-0.10272262898215945,0.921875,256,4.063812055611102,False,157
5962751665940954203,0.0,euler_secondary,-0.04292933782485764,0.6796875,256,3.905124837953327,False,157
10130169963384569199,0.0,quotient_exact,-0.04980784662815374,0.0625,256,6.630760489092461,False,158
10130169963384569199,0.0,raw_coordinates,0.5236525523695748,0.0078125,256,11.678099067937943,True,158
10130169963384569199,0.0,moment_registration,-0.09836519176541769,0.953125,256,3.755849076144426,False,158
10130169963384569199,0.0,euler_secondary,-0.03434492906057729,0.453125,256,6.96419413859206,False,158
5656465306346352530,0.0,quotient_exact,-0.055456160414558586,0.5859375,256,7.016745989224076,False,159
5656465306346352530,0.0,raw_coordinates,0.4220125238906154,0.0078125,256,12.71652251370093,True,159
5656465306346352530,0.0,moment_registration,-0.09059149558222224,0.6875,256,4.117488452904737,False,159
5656465306346352530,0.0,euler_secondary,0.01697254238859358,0.0234375,256,2.29128784747792,True,159
2798674795824683877,0.0,quotient_exact,-0.05671177503563918,0.9296875,256,6.742204614726093,False,160
2798674795824683877,0.0,raw_coordinates,0.5371587954014836,0.0078125,256,12.679534310957845,True,160
2798674795824683877,0.0,moment_registration,-0.09338650618015676,0.9765625,256,3.9393656202094007,False,160
2798674795824683877,0.0,euler_secondary,-0.04307958993820116,0.7578125,256,2.9154759474226504,False,160
10499077704173072096,0.0,quotient_exact,-0.0772291176155866,0.984375,256,6.889401390070247,False,161
10499077704173072096,0.0,raw_coordinates,0.6012915416542268,0.0078125,256,13.093194881628078,True,161
10499077704173072096,0.0,moment_registration,-0.09082354310625285,0.9140625,256,4.04707984655905,False,161
10499077704173072096,0.0,euler_secondary,-0.02581205560006139,0.4609375,256,2.8284271247461903,False,161
9293048045613279694,0.0,quotient_exact,-0.06895459182702468,0.875,256,6.784429828946291,False,162
9293048045613279694,0.0,raw_coordinates,0.5193362601204095,0.0078125,256,12.497384047068813,True,162
9293048045613279694,0.0,moment_registration,-0.08962921627875753,0.484375,256,4.174345527796302,False,162
9293048045613279694,0.0,euler_secondary,0.06008472323374947,0.0546875,256,2.23606797749979,False,162
11521584850276554529,0.0,quotient_exact,-0.09188898137479606,0.8359375,256,7.550313601871662,False,163
11521584850276554529,0.0,raw_coordinates,0.418861360507906,0.0078125,256,12.316508892866354,True,163
11521584850276554529,0.0,moment_registration,-0.09921191199328483,0.171875,256,5.1444233938950585,False,163
11521584850276554529,0.0,euler_secondary,0.015458238604873387,0.4609375,256,6.48074069840786,False,163
17763081684854828758,0.0,quotient_exact,-0.07629587960767559,0.9140625,256,6.43369478463949,False,164
17763081684854828758,0.0,raw_coordinates,0.4203110228535557,0.0078125,256,12.319538628055533,True,164
17763081684854828758,0.0,moment_registration,-0.09803897805249817,0.890625,256,3.8177332846928005,False,164
17763081684854828758,0.0,euler_secondary,-0.0482626156745376,0.5234375,256,3.0,False,164
13251931407541006245,0.0,quotient_exact,-0.06604206025137671,0.53125,256,6.791692614479799,False,165
13251931407541006245,0.0,raw_coordinates,0.44397487604119745,0.0078125,256,12.151216632503601,True,165
13251931407541006245,0.0,moment_registration,-0.09569578390549438,0.703125,256,3.828460975323963,False,165
13251931407541006245,0.0,euler_secondary,-0.0354392699284618,0.625,256,3.24037034920393,False,165
16473001392645446811,0.0,quotient_exact,-0.07598428842343252,0.78125,256,6.931442655078787,False,166
16473001392645446811,0.0,raw_coordinates,0.6470143865535827,0.0078125,256,13.284062041695996,True,166
16473001392645446811,0.0,moment_registration,-0.10557777316907124,0.953125,256,4.070280914382009,False,166
16473001392645446811,0.0,euler_secondary,-0.053324621707301234,0.875,256,1.8708286933869707,False,166
17493623289030388993,0.0,quotient_exact,-0.049169481516617264,0.7109375,256,6.574816437728116,False,167
17493623289030388993,0.0,raw_coordinates,0.5280173885011975,0.0078125,256,11.470501101044059,True,167
17493623289030388993,0.0,moment_registration,-0.07498308699099498,0.6875,256,3.6001384168771926,False,167
17493623289030388993,0.0,euler_secondary,-0.014503540936445791,0.5859375,256,2.1213203435596424,False,167
13117426106642236496,0.0,quotient_exact,-0.05213059733256076,0.265625,256,6.118403237591861,False,168
13117426106642236496,0.0,raw_coordinates,0.2734367850646191,0.0078125,256,11.017325484616633,True,168
13117426106642236496,0.0,moment_registration,-0.08601071999615661,0.4375,256,3.334773724931087,False,168
13117426106642236496,0.0,euler_secondary,-0.027650865031021876,0.5625,256,2.5495097567963922,False,168
13093410647833356333,0.0,quotient_exact,-0.05248314119091613,0.21875,256,6.949792695607426,False,169
13093410647833356333,0.0,raw_coordinates,0.5509769945673397,0.0078125,256,12.731610436784615,True,169
13093410647833356333,0.0,moment_registration,-0.08787099582987346,0.03125,256,4.223221858317751,True,169
13093410647833356333,0.0,euler_secondary,-0.02618330525943935,0.703125,256,2.598076211353316,False,169
16575322005544445343,0.0,quotient_exact,-0.04711938625888756,0.125,256,7.2024355797778625,False,170
16575322005544445343,0.0,raw_coordinates,0.4547704458426133,0.0078125,256,11.854514604684407,True,170
16575322005544445343,0.0,moment_registration,-0.06490764582226305,0.1640625,256,4.620682294177662,False,170
16575322005544445343,0.0,euler_secondary,-0.020041928633190542,0.796875,256,2.5495097567963922,False,170
14136414669124842261,0.0,quotient_exact,-0.017157473785097355,0.1171875,256,6.424715773842768,False,171
14136414669124842261,0.0,raw_coordinates,0.5416104991839935,0.0078125,256,13.58649056517777,True,171
14136414669124842261,0.0,moment_registration,-0.020220009205426215,0.09375,256,3.5646838775142604,False,171
14136414669124842261,0.0,euler_secondary,-0.03061602362144966,0.6875,256,6.652067347825035,False,171
14323988999369391075,0.0,quotient_exact,-0.014998423537392447,0.015625,256,6.724873274199724,True,172
14323988999369391075,0.0,raw_coordinates,0.5251600964525904,0.0078125,256,11.97404155526011,True,172
14323988999369391075,0.0,moment_registration,-0.07671204981629753,0.515625,256,3.797425327639105,False,172
14323988999369391075,0.0,euler_secondary,-0.00906720080089407,0.3046875,256,2.345207879911715,False,172
8664151452065969593,0.0,quotient_exact,-0.02749624433173614,0.2890625,256,5.059687347045197,False,173
8664151452065969593,0.0,raw_coordinates,0.5497179370977833,0.0078125,256,11.234025698856266,True,173
8664151452065969593,0.0,moment_registration,-0.034965514319808655,0.3125,256,2.5734807536813804,False,173
8664151452065969593,0.0,euler_secondary,-0.03981506707710292,0.8046875,256,6.670832032063167,False,173
3751482867280439186,0.0,quotient_exact,-0.08467927425075483,0.1640625,256,7.580207520927159,False,174
3751482867280439186,0.0,raw_coordinates,0.5069229520897893,0.0078125,256,12.20990869445373,True,174
3751482867280439186,0.0,moment_registration,-0.1214327877617345,0.140625,256,4.875056509293091,False,174
3751482867280439186,0.0,euler_secondary,-0.032699066660935805,0.28125,256,2.449489742783178,False,174
17945988094129005369,0.0,quotient_exact,-0.05881289448902516,0.828125,256,6.6794608321331665,False,175
17945988094129005369,0.0,raw_coordinates,0.5398766362542227,0.0078125,256,13.347962965022157,True,175
17945988094129005369,0.0,moment_registration,-0.0739010832242406,0.6328125,256,3.563646171798176,False,175
17945988094129005369,0.0,euler_secondary,-0.0616624317497525,0.8359375,256,2.449489742783178,False,175
12052029443525356740,0.0,quotient_exact,-0.06446005390111975,0.3828125,256,6.562058380652856,False,176
12052029443525356740,0.0,raw_coordinates,0.49557124899690486,0.0078125,256,12.498811391330408,True,176
12052029443525356740,0.0,moment_registration,-0.07918144449183617,0.3984375,256,3.7764671348755092,False,176
12052029443525356740,0.0,euler_secondary,-0.017345573371386314,0.46875,256,1.7320508075688772,False,176
5434487380023684660,0.0,quotient_exact,-0.031314174516928306,0.421875,256,6.223189519148277,False,177
5434487380023684660,0.0,raw_coordinates,0.6141367853129153,0.0078125,256,13.345046879772644,True,177
5434487380023684660,0.0,moment_registration,-0.08274496330017289,0.96875,256,3.2363807926706087,False,177
5434487380023684660,0.0,euler_secondary,-0.0661403654281768,1.0,256,3.0413812651491097,False,177
7084320367450496155,0.0,quotient_exact,-0.05279307252261667,0.21875,256,6.458047176002508,False,178
7084320367450496155,0.0,raw_coordinates,0.5350752320077268,0.0078125,256,12.347560847032227,True,178
7084320367450496155,0.0,moment_registration,-0.025755082324389944,0.046875,256,3.1530674798247005,True,178
7084320367450496155,0.0,euler_secondary,-0.065008409394395,0.90625,256,2.958039891549808,False,178
2274189788956426905,0.0,quotient_exact,-0.0650355939972812,0.21875,256,6.660767784722391,False,179
2274189788956426905,0.0,raw_coordinates,0.49216152373394273,0.0078125,256,12.040194813163644,True,179
2274189788956426905,0.0,moment_registration,-0.07549198044276084,0.1484375,256,3.9230170215011166,False,179
2274189788956426905,0.0,euler_secondary,-0.01892836252732466,0.5,256,2.1213203435596424,False,179
16031543355911662799,0.0,quotient_exact,-0.04439063880168881,0.0546875,256,6.957683052599325,False,180
16031543355911662799,0.0,raw_coordinates,0.49238171702882305,0.0078125,256,12.517259687165494,True,180
16031543355911662799,0.0,moment_registration,-0.09079265635821554,0.1328125,256,4.4862729256332505,False,180
16031543355911662799,0.0,euler_secondary,0.04429198637713605,0.34375,256,6.614378277661476,False,180
1480276266081371544,0.0,quotient_exact,-0.05905543390121293,0.578125,256,6.826545357483935,False,181
1480276266081371544,0.0,raw_coordinates,0.5603744115352316,0.0078125,256,13.138546138514648,True,181
1480276266081371544,0.0,moment_registration,-0.10126186991255026,0.9296875,256,4.114959101078943,False,181
1480276266081371544,0.0,euler_secondary,-0.06296445529279371,0.9296875,256,2.1213203435596424,False,181
18036083432036766351,0.0,quotient_exact,-0.07067973843006436,0.859375,256,6.968415816257582,False,182
18036083432036766351,0.0,raw_coordinates,0.47195377347069023,0.0078125,256,12.851248247008881,True,182
18036083432036766351,0.0,moment_registration,-0.09221105821972586,0.9609375,256,4.185187567693588,False,182
18036083432036766351,0.0,euler_secondary,-0.012601332113721164,0.546875,256,2.5,False,182
3695676234437884499,0.0,quotient_exact,-0.028681642733189405,0.484375,256,6.233503137622522,False,183
3695676234437884499,0.0,raw_coordinates,0.5873055686875793,0.0078125,256,13.744832863976177,True,183
3695676234437884499,0.0,moment_registration,-0.05382334709784553,0.7421875,256,3.4854044222169915,False,183
3695676234437884499,0.0,euler_secondary,-0.011590824486247597,0.25,256,2.1213203435596424,False,183
7157501786809460307,0.0,quotient_exact,-0.06587149856379493,0.5234375,256,7.315593224118558,False,184
7157501786809460307,0.0,raw_coordinates,0.39880914837171133,0.0078125,256,12.749325465034373,True,184
7157501786809460307,0.0,moment_registration,-0.10112254324766212,0.4140625,256,4.748729916271461,False,184
7157501786809460307,0.0,euler_secondary,-0.05671011632973666,0.90625,256,2.0,False,184
578716631069418921,0.0,quotient_exact,-0.08021660130320174,0.75,256,7.0656654964103,False,185
578716631069418921,0.0,raw_coordinates,0.430419644281684,0.0078125,256,12.65659734786057,True,185
578716631069418921,0.0,moment_registration,-0.08307116838935913,0.15625,256,4.212829063972723,False,185
578716631069418921,0.0,euler_secondary,-0.05441441462075591,0.9921875,256,6.928203230275509,False,185
15299376010533840840,0.0,quotient_exact,-0.022742597508651263,0.234375,256,6.499645612324802,False,186
15299376010533840840,0.0,raw_coordinates,0.48965384891546493,0.0078125,256,12.79596916114372,True,186
15299376010533840840,0.0,moment_registration,-0.020028608491619804,0.125,256,3.770381369970664,False,186
15299376010533840840,0.0,euler_secondary,0.008412918438975958,0.3125,256,1.8027756377319946,False,186
12780409260270221933,0.0,quotient_exact,-0.06714777926140958,0.84375,256,6.8619239746069445,False,187
12780409260270221933,0.0,raw_coordinates,0.5383993650425019,0.0078125,256,13.327769269376596,True,187
12780409260270221933,0.0,moment_registration,-0.07342323574220477,0.7734375,256,3.5078586051643983,False,187
12780409260270221933,0.0,euler_secondary,-0.0052021856684481005,0.421875,256,2.345207879911715,False,187
12391632152181213547,0.0,quotient_exact,-0.0054021879226408,0.03125,256,6.841858053456262,True,188
12391632152181213547,0.0,raw_coordinates,0.5552413246405038,0.0078125,256,13.64827805520412,True,188
12391632152181213547,0.0,moment_registration,-0.025686853935564025,0.0546875,256,4.301451474877529,False,188
12391632152181213547,0.0,euler_secondary,-0.04090151084763094,0.5234375,256,2.449489742783178,False,188
1380071719601715060,0.0,quotient_exact,-0.06730115929444558,0.9140625,256,6.828900223972417,False,189
1380071719601715060,0.0,raw_coordinates,0.4500851818184757,0.0078125,256,12.751814004074523,True,189
1380071719601715060,0.0,moment_registration,-0.09168162100707855,0.84375,256,3.7616573777665887,False,189
1380071719601715060,0.0,euler_secondary,0.0319217563668005,0.0859375,256,2.345207879911715,False,189
11723364302639016428,0.0,quotient_exact,-0.042935199234644617,0.078125,256,7.083322083924269,False,190
11723364302639016428,0.0,raw_coordinates,0.5877010384769425,0.0078125,256,12.5444764406889,True,190
11723364302639016428,0.0,moment_registration,-0.08072112385919783,0.34375,256,4.378201887927389,False,190
11723364302639016428,0.0,euler_secondary,-0.03625612811829504,0.6328125,256,2.598076211353316,False,190
8799945009390437815,0.0,quotient_exact,-0.048764712428649215,0.21875,256,6.763875418179252,False,191
8799945009390437815,0.0,raw_coordinates,0.5287045673013431,0.0078125,256,12.66825151318466,True,191
8799945009390437815,0.0,moment_registration,-0.08485177959360923,0.1953125,256,4.206078095283797,False,191
8799945009390437815,0.0,euler_secondary,-0.007793151975837409,0.53125,256,2.345207879911715,False,191
17605394473446649331,0.0,quotient_exact,-0.06635014641213022,0.859375,256,6.793385291797622,False,192
17605394473446649331,0.0,raw_coordinates,0.5704720352511609,0.0078125,256,13.774469197149994,True,192
17605394473446649331,0.0,moment_registration,-0.07905933963219225,0.59375,256,4.1201669486880474,False,192
17605394473446649331,0.0,euler_secondary,-0.014032092190385259,0.328125,256,2.9154759474226504,False,192
18127231980500645456,0.0,quotient_exact,-0.07824320154358144,0.8125,256,7.601036471335536,False,193
18127231980500645456,0.0,raw_coordinates,0.4665759596188288,0.0078125,256,12.292158184541144,True,193
18127231980500645456,0.0,moment_registration,-0.10738800897456957,0.6953125,256,5.045788574792407,False,193
18127231980500645456,0.0,euler_secondary,-0.03951455483051536,0.7890625,256,2.1213203435596424,False,193
2671723660645839196,0.0,quotient_exact,-0.03875895918631067,0.15625,256,6.4249072787815695,False,194
2671723660645839196,0.0,raw_coordinates,0.5983730076644049,0.0078125,256,13.963995575586305,True,194
2671723660645839196,0.0,moment_registration,-0.04988344451777271,0.0859375,256,3.779641660204237,False,194
2671723660645839196,0.0,euler_secondary,-0.06090053244700877,0.703125,256,3.6742346141747673,False,194
2649195653205776026,0.0,quotient_exact,-0.07881463474359196,0.9140625,256,7.522607707779258,False,195
2649195653205776026,0.0,raw_coordinates,0.4927862104532559,0.0078125,256,13.10517986189968,True,195
2649195653205776026,0.0,moment_registration,-0.09751008583175702,0.53125,256,4.57877452942718,False,195
2649195653205776026,0.0,euler_secondary,0.008493734953154752,0.1171875,256,2.8284271247461903,False,195
15790077018211290344,0.0,quotient_exact,-0.06799499234575057,0.5859375,256,6.714666797751999,False,196
15790077018211290344,0.0,raw_coordinates,0.4782275630610606,0.0078125,256,12.151583509649925,True,196
15790077018211290344,0.0,moment_registration,-0.09992234687560608,0.6875,256,4.503207584383619,False,196
15790077018211290344,0.0,euler_secondary,-0.01361082519119805,0.5703125,256,2.0,False,196
12218395658618764626,0.0,quotient_exact,-0.06240416510932034,0.609375,256,6.86677802198787,False,197
12218395658618764626,0.0,raw_coordinates,0.5864901836650581,0.0078125,256,12.016829533668783,True,197
12218395658618764626,0.0,moment_registration,-0.10036769735892925,0.78125,256,4.096728968354377,False,197
12218395658618764626,0.0,euler_secondary,0.0735480005252227,0.0078125,256,6.87386354243376,True,197
8569105388785052870,0.0,quotient_exact,-0.0550690455992926,0.3671875,256,6.252432563733876,False,198
8569105388785052870,0.0,raw_coordinates,0.5148158766814712,0.0078125,256,13.583207330903704,True,198
8569105388785052870,0.0,moment_registration,-0.07044730535634047,0.2734375,256,3.4898238320724335,False,198
8569105388785052870,0.0,euler_secondary,-0.041395991848542035,0.625,256,1.8708286933869707,False,198
3556163973922542144,0.0,quotient_exact,-0.08390988594025361,0.796875,256,6.738002343716333,False,199
3556163973922542144,0.0,raw_coordinates,0.5798637326548114,0.0078125,256,12.171451469495569,True,199
3556163973922542144,0.0,moment_registration,-0.1067816633986921,0.828125,256,3.728314306476259,False,199
3556163973922542144,0.0,euler_secondary,-0.013755429499600513,0.328125,256,3.0,False,199
15821285223849342345,0.0,quotient_exact,-0.06818291931954135,0.59375,256,5.883453351450007,False,200
15821285223849342345,0.0,raw_coordinates,0.5184268494752033,0.0078125,256,12.339493068650764,True,200
15821285223849342345,0.0,moment_registration,-0.09456424902842941,0.578125,256,3.552740546980233,False,200
15821285223849342345,0.0,euler_secondary,0.0046283891799082655,0.359375,256,3.24037034920393,False,200
6555166338548933897,0.0,quotient_exact,-0.07278663452605993,0.8203125,256,7.134508159945793,False,201
6555166338548933897,0.0,raw_coordinates,0.4262702330914019,0.0078125,256,12.424016729524622,True,201
6555166338548933897,0.0,moment_registration,-0.10195645658929964,0.8828125,256,4.8076001811441005,False,201
6555166338548933897,0.0,euler_secondary,-0.0031276309856914652,0.453125,256,2.0,False,201
1129537633926634162,0.0,quotient_exact,-0.07683953511128983,0.8671875,256,6.778921056786687,False,202
1129537633926634162,0.0,raw_coordinates,0.5885208214765738,0.0078125,256,12.284675422294605,True,202
1129537633926634162,0.0,moment_registration,-0.08473179165224598,0.8203125,256,4.290547044758075,False,202
1129537633926634162,0.0,euler_secondary,-0.05608738752184583,0.828125,256,2.1213203435596424,False,202
481163318497495421,0.0,quotient_exact,-0.07313658635695985,0.5234375,256,7.305935727887111,False,203
481163318497495421,0.0,raw_coordinates,0.47194694106486046,0.0078125,256,12.204194437348635,True,203
481163318497495421,0.0,moment_registration,-0.10468764581356937,0.390625,256,4.730497045392201,False,203
481163318497495421,0.0,euler_secondary,-0.05688023944893805,0.8359375,256,3.1622776601683795,False,203
1863555097778841120,0.0,quotient_exact,-0.07932510933899128,0.8125,256,7.11730912738133,False,204
1863555097778841120,0.0,raw_coordinates,0.6308123549881971,0.0078125,256,12.943172110417162,True,204
1863555097778841120,0.0,moment_registration,-0.08596196991477156,0.0703125,256,4.067328528244379,False,204
1863555097778841120,0.0,euler_secondary,-0.016093650962909267,0.1875,256,2.5495097567963922,False,204
12247939175416111070,0.0,quotient_exact,-0.04784763645352985,0.21875,256,6.8837241814288905,False,205
12247939175416111070,0.0,raw_coordinates,0.48854144542392075,0.0078125,256,12.447669221542608,True,205
12247939175416111070,0.0,moment_registration,-0.03934744422999026,0.03125,256,3.8792363365386593,True,205
12247939175416111070,0.0,euler_secondary,-0.041727513554507656,0.796875,256,2.0,False,205
15766965110443757485,0.0,quotient_exact,-0.052687909450037984,0.671875,256,6.027486246196935,False,206
15766965110443757485,0.0,raw_coordinates,0.5871950124506163,0.0078125,256,10.925639730479107,True,206
15766965110443757485,0.0,moment_registration,-0.06914523111101722,0.484375,256,3.2326193101264553,False,206
15766965110443757485,0.0,euler_secondary,-0.010986840254243235,0.2421875,256,2.449489742783178,False,206
8725089111971606911,0.0,quotient_exact,-0.08195912138577977,0.6640625,256,7.6226001399611345,False,207
8725089111971606911,0.0,raw_coordinates,0.5390089853333524,0.0078125,256,12.95157659053236,True,207
8725089111971606911,0.0,moment_registration,-0.10966404757205184,0.453125,256,4.440689189505748,False,207
8725089111971606911,0.0,euler_secondary,-0.025926865067931848,0.453125,256,6.819090848492928,False,207
15918842663249879674,0.0,quotient_exact,-0.06427587070336438,0.5,256,6.373287945369745,False,208
15918842663249879674,0.0,raw_coordinates,0.41825007958562566,0.0078125,256,12.432661766842093,True,208
15918842663249879674,0.0,moment_registration,-0.08681579580245291,0.46875,256,3.6429131017414833,False,208
15918842663249879674,0.0,euler_secondary,-0.050665027976343646,0.9453125,256,2.0,False,208
9799265291648935526,0.0,quotient_exact,-0.07479767053996955,0.5390625,256,6.557893997653606,False,209
9799265291648935526,0.0,raw_coordinates,0.5300172543133717,0.0078125,256,12.47463701743827,True,209
9799265291648935526,0.0,moment_registration,-0.09919652138210411,0.8671875,256,3.9020564744246546,False,209
9799265291648935526,0.0,euler_secondary,-0.02130284952193462,0.53125,256,1.8708286933869707,False,209
16605900093920276220,0.0,quotient_exact,-0.07516015321304126,0.7421875,256,7.016046811900576,False,210
16605900093920276220,0.0,raw_coordinates,0.46846930044813495,0.0078125,256,12.546313510603934,True,210
16605900093920276220,0.0,moment_registration,-0.0846105105029803,0.421875,256,4.443249445843499,False,210
16605900093920276220,0.0,euler_secondary,-0.025358731687296077,0.609375,256,1.7320508075688772,False,210
13510884869023581369,0.0,quotient_exact,-0.06090849722720948,0.4375,256,6.802342496098479,False,211
13510884869023581369,0.0,raw_coordinates,0.5068728023544138,0.0078125,256,12.687401323233805,True,211
13510884869023581369,0.0,moment_registration,-0.1132698296738105,0.9140625,256,4.176366230557807,False,211
13510884869023581369,0.0,euler_secondary,-0.05216423323343977,0.875,256,5.916079783099616,False,211
11737576164884698635,0.0,quotient_exact,-0.06327557604070932,0.625,256,7.071605486899783,False,212
11737576164884698635,0.0,raw_coordinates,0.5615512303948134,0.0078125,256,12.506483440753746,True,212
11737576164884698635,0.0,moment_registration,-0.07935426656603506,0.4375,256,4.371491697131923,False,212
11737576164884698635,0.0,euler_secondary,-0.04565374400155564,0.9453125,256,2.23606797749979,False,212
11388507991261091331,0.0,quotient_exact,-0.06325044667249369,0.7265625,256,6.764726548768948,False,213
11388507991261091331,0.0,raw_coordinates,0.3977155471425806,0.0078125,256,11.753213052593004,True,213
11388507991261091331,0.0,moment_registration,-0.0851849276755613,0.421875,256,4.207570060078229,False,213
11388507991261091331,0.0,euler_secondary,-0.003059951314156484,0.421875,256,2.8284271247461903,False,213
8144197620373723734,0.0,quotient_exact,-0.07386158640873264,0.8046875,256,6.924596280482175,False,214
8144197620373723734,0.0,raw_coordinates,0.5561015804207873,0.0078125,256,12.507003728218342,True,214
8144197620373723734,0.0,moment_registration,-0.09715119415384188,0.40625,256,4.205909433076599,False,214
8144197620373723734,0.0,euler_secondary,-0.041903375719413716,0.7734375,256,2.958039891549808,False,214
1332967821311330032,0.0,quotient_exact,-0.07676389433664155,0.4453125,256,7.343410776219854,False,215
1332967821311330032,0.0,raw_coordinates,0.5424939553779371,0.0078125,256,12.104821120061029,True,215
1332967821311330032,0.0,moment_registration,-0.10220019495460964,0.515625,256,4.798185185022895,False,215
1332967821311330032,0.0,euler_secondary,-0.05671144832044839,0.953125,256,2.8284271247461903,False,215
2582631767024576110,0.0,quotient_exact,-0.06126195399478118,0.015625,256,7.255934171997881,True,216
2582631767024576110,0.0,raw_coordinates,0.5479030129420627,0.0078125,256,12.58611651329716,True,216
2582631767024576110,0.0,moment_registration,-0.09457852076741635,0.015625,256,4.568386059812123,True,216
2582631767024576110,0.0,euler_secondary,-0.037032496100438794,0.4921875,256,3.082207001484488,False,216
6032207221789625758,0.0,quotient_exact,-0.03827431554007199,0.0390625,256,7.621564319033836,True,217
6032207221789625758,0.0,raw_coordinates,0.4945611272651077,0.0078125,256,12.342180728851785,True,217
6032207221789625758,0.0,moment_registration,-0.09087247468234061,0.625,256,5.598351861954681,False,217
6032207221789625758,0.0,euler_secondary,-0.02734525480569705,0.71875,256,2.3979157616563596,False,217
13969538264925455613,0.0,quotient_exact,-0.044720194164371674,0.28125,256,6.363613845065219,False,218
13969538264925455613,0.0,raw_coordinates,0.4426749708388721,0.0078125,256,12.510277433457553,True,218
13969538264925455613,0.0,moment_registration,-0.08027927758895714,0.578125,256,3.6966599631278867,False,218
13969538264925455613,0.0,euler_secondary,0.025208642554037874,0.078125,256,2.5495097567963922,False,218
6110790361646126055,0.0,quotient_exact,-0.08175384153631726,0.9453125,256,6.58343421039594,False,219
6110790361646126055,0.0,raw_coordinates,0.5421890922872483,0.0078125,256,11.141869557291226,True,219
6110790361646126055,0.0,moment_registration,-0.10992071574866003,0.9921875,256,3.9296281236028867,False,219
6110790361646126055,0.0,euler_secondary,0.013981252527377475,0.171875,256,2.0,False,219
7239020065580682526,0.0,quotient_exact,-0.02980951773046625,0.2734375,256,6.6207884303361775,False,220
7239020065580682526,0.0,raw_coordinates,0.5051187327459172,0.0078125,256,13.290756682141593,True,220
7239020065580682526,0.0,moment_registration,-0.09617614391619433,0.9609375,256,3.9051766473684895,False,220
7239020065580682526,0.0,euler_secondary,0.012183106515639475,0.3359375,256,6.689544080129826,False,220
17651960829078383595,0.0,quotient_exact,-0.05821901449911504,0.390625,256,7.516001119060289,False,221
17651960829078383595,0.0,raw_coordinates,0.546691751936816,0.0078125,256,12.473344195711539,True,221
17651960829078383595,0.0,moment_registration,-0.08424556097523894,0.3125,256,4.84205725533308,False,221
17651960829078383595,0.0,euler_secondary,-0.05497114242969059,0.8828125,256,2.345207879911715,False,221
9159167233174347135,0.0,quotient_exact,-0.08421827317219788,1.0,256,6.844219180731629,False,222
9159167233174347135,0.0,raw_coordinates,0.5559511111829271,0.0078125,256,13.310485430233415,True,222
9159167233174347135,0.0,moment_registration,-0.08115696379492732,0.8671875,256,4.225921129614714,False,222
9159167233174347135,0.0,euler_secondary,0.02821725202491221,0.234375,256,2.23606797749979,False,222
14554487978107141538,0.0,quotient_exact,-0.07023731393375976,0.6953125,256,6.686192787251078,False,223
14554487978107141538,0.0,raw_coordinates,0.538276705523992,0.0078125,256,13.110697580598742,True,223
14554487978107141538,0.0,moment_registration,-0.08865670761521627,0.6328125,256,4.063554729148069,False,223
14554487978107141538,0.0,euler_secondary,0.041992611172907424,0.0546875,256,1.8708286933869707,False,223
9245775777104557549,0.0,quotient_exact,-0.02988213098181991,0.265625,256,6.779649251093121,False,224
9245775777104557549,0.0,raw_coordinates,0.5903854082792754,0.0078125,256,13.818971054440846,True,224
9245775777104557549,0.0,moment_registration,-0.06379809304229123,0.046875,256,4.017973964329021,True,224
9245775777104557549,0.0,euler_secondary,0.0552789437518576,0.03125,256,2.29128784747792,True,224
16212237260912776032,0.0,quotient_exact,-0.006883151735279203,0.0078125,256,6.5174859354803125,True,225
16212237260912776032,0.0,raw_coordinates,0.5659767956421229,0.0078125,256,13.551031023251527,True,225
16212237260912776032,0.0,moment_registration,-0.0544938173009204,0.265625,256,3.2667238608659335,False,225
16212237260912776032,0.0,euler_secondary,0.09724180880927713,0.0078125,256,1.7320508075688772,True,225
6759565441373517954,0.0,quotient_exact,-0.07410190989046195,0.75,256,6.7199607923064955,False,226
6759565441373517954,0.0,raw_coordinates,0.5824343735084122,0.0078125,256,12.659044566569385,True,226
6759565441373517954,0.0,moment_registration,-0.09715333188395037,0.296875,256,4.118155087492266,False,226
6759565441373517954,0.0,euler_secondary,-0.02175394295507138,0.53125,256,2.5495097567963922,False,226
15338518565585361215,0.0,quotient_exact,0.014689729715858246,0.09375,256,6.2774351882618475,False,227
15338518565585361215,0.0,raw_coordinates,0.5647878030985964,0.0078125,256,13.042176392723773,True,227
15338518565585361215,0.0,moment_registration,-0.016677937915919427,0.1640625,256,3.5171050122806604,False,227
15338518565585361215,0.0,euler_secondary,0.02235094518465952,0.1484375,256,1.7320508075688772,False,227
15315528599915676679,0.0,quotient_exact,-0.06376257085807802,0.6640625,256,8.284895239730199,False,228
15315528599915676679,0.0,raw_coordinates,0.5324938979581033,0.0078125,256,12.256313078293571,True,228
15315528599915676679,0.0,moment_registration,-0.08180485715627572,0.328125,256,5.7964149008391646,False,228
15315528599915676679,0.0,euler_secondary,0.0032724699480124464,0.3515625,256,1.7320508075688772,False,228
2910126137891879588,0.0,quotient_exact,-0.07829689575769427,0.6875,256,6.594199784169616,False,229
2910126137891879588,0.0,raw_coordinates,0.5246102495874908,0.0078125,256,11.994456500013062,True,229
2910126137891879588,0.0,moment_registration,-0.08305992686702468,0.1484375,256,4.0509378028359,False,229
2910126137891879588,0.0,euler_secondary,0.026356475344955665,0.0390625,256,2.449489742783178,True,229
4895089882054175633,0.0,quotient_exact,-0.06174425495829827,0.296875,256,6.536226701436852,False,230
4895089882054175633,0.0,raw_coordinates,0.5157839707012399,0.0078125,256,11.780543463557873,True,230
4895089882054175633,0.0,moment_registration,-0.08708806068690456,0.2578125,256,3.9992666875724914,False,230
4895089882054175633,0.0,euler_secondary,-0.03877426361549263,0.53125,256,2.692582403567252,False,230
7397703592899154170,0.0,quotient_exact,-0.07443422696096191,0.7890625,256,6.783914675834812,False,231
7397703592899154170,0.0,raw_coordinates,0.5354792902036453,0.0078125,256,12.209704170545177,True,231
7397703592899154170,0.0,moment_registration,-0.08291781734648662,0.359375,256,3.673116490395646,False,231
7397703592899154170,0.0,euler_secondary,0.004362607288319942,0.1484375,256,2.7386127875258306,False,231
358217842708364638,0.0,quotient_exact,-0.061385249012736454,0.7109375,256,6.151720291877308,False,232
358217842708364638,0.0,raw_coordinates,0.4459983083639836,0.0078125,256,11.515174482107609,True,232
358217842708364638,0.0,moment_registration,-0.08667946193664566,0.6875,256,3.721351281070507,False,232
358217842708364638,0.0,euler_secondary,-0.03804591678488656,0.421875,256,2.0,False,232
15399559728942021015,0.0,quotient_exact,-0.05024519367624469,0.2265625,256,7.598719492949077,False,233
15399559728942021015,0.0,raw_coordinates,0.4850633211162334,0.0078125,256,12.594214190496604,True,233
15399559728942021015,0.0,moment_registration,-0.07858308636545441,0.1171875,256,5.22017992484351,False,233
15399559728942021015,0.0,euler_secondary,0.04436444756337243,0.0078125,256,1.7320508075688772,True,233
8425796969405870923,0.0,quotient_exact,-0.0485717798207701,0.5,256,7.128935522700641,False,234
8425796969405870923,0.0,raw_coordinates,0.45285855935265606,0.0078125,256,11.89027372816083,True,234
8425796969405870923,0.0,moment_registration,-0.0929448919812661,0.5234375,256,4.339599893067641,False,234
8425796969405870923,0.0,euler_secondary,-0.03341005018563903,0.578125,256,2.0,False,234
17450404333239632313,0.0,quotient_exact,-0.0725646518068821,0.7265625,256,7.055780334114203,False,235
17450404333239632313,0.0,raw_coordinates,0.4545777418608914,0.0078125,256,12.075487819048874,True,235
17450404333239632313,0.0,moment_registration,-0.10186544272887432,0.8203125,256,4.379037785890777,False,235
17450404333239632313,0.0,euler_secondary,-0.011014377138136466,0.2578125,256,1.8708286933869707,False,235
7182970993190866741,0.0,quotient_exact,-0.07591521063215101,0.8203125,256,5.927449223133335,False,236
7182970993190866741,0.0,raw_coordinates,0.5905101901298792,0.0078125,256,12.630299820279182,True,236
7182970993190866741,0.0,moment_registration,-0.0817296526389576,0.640625,256,3.23590140976528,False,236
7182970993190866741,0.0,euler_secondary,-0.039062731280074536,0.75,256,1.5811388300841898,False,236
551330011094430909,0.0,quotient_exact,-0.05376832782414098,0.1875,256,6.901059927869497,False,237
551330011094430909,0.0,raw_coordinates,0.4619187635162161,0.0078125,256,12.4209370973347,True,237
551330011094430909,0.0,moment_registration,-0.10304812400678487,0.796875,256,4.2942359684104146,False,237
551330011094430909,0.0,euler_secondary,-0.01827017347872517,0.53125,256,2.23606797749979,False,237
12256738627685524549,0.0,quotient_exact,-0.05938916410394135,0.375,256,6.483386544357091,False,238
12256738627685524549,0.0,raw_coordinates,0.5030396196823854,0.0078125,256,12.478323930043713,True,238
12256738627685524549,0.0,moment_registration,-0.05022042730057763,0.0390625,256,3.6303789029643614,True,238
12256738627685524549,0.0,euler_secondary,-0.062130909377824395,0.9765625,256,1.8708286933869707,False,238
17416082381674893166,0.0,quotient_exact,-0.034083618218699985,0.0546875,256,6.947938376261715,False,239
17416082381674893166,0.0,raw_coordinates,0.5595099046966441,0.0078125,256,12.790664034488609,True,239
17416082381674893166,0.0,moment_registration,-0.08209162147311999,0.1328125,256,4.358474357922248,False,239
17416082381674893166,0.0,euler_secondary,-0.024803548453532387,0.34375,256,1.8708286933869707,False,239
4366347528393049312,0.0,quotient_exact,-0.04282722935453098,0.484375,256,6.520196535914868,False,240
4366347528393049312,0.0,raw_coordinates,0.5425309132061166,0.0078125,256,12.363048365935455,True,240
4366347528393049312,0.0,moment_registration,-0.05522828093307941,0.359375,256,3.884757240709724,False,240
4366347528393049312,0.0,euler_secondary,-0.005434996775571577,0.5390625,256,2.345207879911715,False,240
12763962316383638546,0.0,quotient_exact,-0.023393800668582765,0.015625,256,6.523846686431265,True,241
12763962316383638546,0.0,raw_coordinates,0.558823846371667,0.0078125,256,13.199556226668605,True,241
12763962316383638546,0.0,moment_registration,-0.08476994438499941,0.234375,256,4.105097256871475,False,241
12763962316383638546,0.0,euler_secondary,-0.00813521682415097,0.671875,256,2.0,False,241
6172061475707804122,0.0,quotient_exact,-0.07417538020735648,0.6328125,256,7.77322789020372,False,242
6172061475707804122,0.0,raw_coordinates,0.4447430090833929,0.0078125,256,12.981533879366435,True,242
6172061475707804122,0.0,moment_registration,-0.08814090749351411,0.0234375,256,5.1611319992405615,True,242
6172061475707804122,0.0,euler_secondary,-0.03259445480859435,0.78125,256,1.8708286933869707,False,242
7785684449707853711,0.0,quotient_exact,-0.04754286603876978,0.4765625,256,6.254648908977008,False,243
7785684449707853711,0.0,raw_coordinates,0.6449763440387167,0.0078125,256,12.724648385604,True,243
7785684449707853711,0.0,moment_registration,-0.07354557125095096,0.5234375,256,3.977403126566099,False,243
7785684449707853711,0.0,euler_secondary,-0.014810504412329228,0.6171875,256,2.23606797749979,False,243
10528753551372245342,0.0,quotient_exact,-0.037172950174821584,0.4375,256,6.376198248700889,False,244
10528753551372245342,0.0,raw_coordinates,0.4585195361109565,0.0078125,256,12.25969512760743,True,244
10528753551372245342,0.0,moment_registration,-0.06844265842517783,0.6328125,256,3.6786760552783053,False,244
10528753551372245342,0.0,euler_secondary,-0.009669670996010571,0.5390625,256,2.7386127875258306,False,244
10163389310352273486,0.0,quotient_exact,-0.031576259540060825,0.1015625,256,6.4468604449831135,False,245
10163389310352273486,0.0,raw_coordinates,0.5093188288954914,0.0078125,256,12.34047743521944,True,245
10163389310352273486,0.0,moment_registration,-0.06339020533188044,0.1484375,256,3.9293482916904248,False,245
10163389310352273486,0.0,euler_secondary,-0.02174965768934567,0.5703125,256,2.1213203435596424,False,245
8242066486900959297,0.0,quotient_exact,-0.058807829580798665,0.1171875,256,7.449671955801736,False,246
8242066486900959297,0.0,raw_coordinates,0.4575987339970107,0.0078125,256,12.34024892009187,True,246
8242066486900959297,0.0,moment_registration,-0.10840544163696075,0.796875,256,4.436256334381526,False,246
8242066486900959297,0.0,euler_secondary,-0.012317078308999974,0.296875,256,1.7320508075688772,False,246
3210305929420114539,0.0,quotient_exact,-0.004769483844401012,0.046875,256,6.683162041531934,True,247
3210305929420114539,0.0,raw_coordinates,0.5329056679086247,0.0078125,256,13.1296998672641,True,247
3210305929420114539,0.0,moment_registration,-0.03088633295991894,0.046875,256,3.582363243846761,True,247
3210305929420114539,0.0,euler_secondary,-0.034972860493902136,0.7578125,256,2.5495097567963922,False,247
13780120431511949916,0.0,quotient_exact,-0.050104350205711023,0.2734375,256,6.8866839561253395,False,248
13780120431511949916,0.0,raw_coordinates,0.47775536146657804,0.0078125,256,11.96790952816078,True,248
13780120431511949916,0.0,moment_registration,-0.08624879837957478,0.4609375,256,3.749643180840973,False,248
13780120431511949916,0.0,euler_secondary,-0.05352581630176889,0.875,256,2.5,False,248
6973962455357692450,0.0,quotient_exact,-0.08216479733636384,0.75,256,6.638090351899167,False,249
6973962455357692450,0.0,raw_coordinates,0.42459579276387105,0.0078125,256,12.70809918666862,True,249
6973962455357692450,0.0,moment_registration,-0.10372178575199764,0.46875,256,3.8592077212962117,False,249
6973962455357692450,0.0,euler_secondary,-0.054993846203999275,0.875,256,1.7320508075688772,False,249
10106668956051244943,0.35,quotient_exact,-0.01549744153665289,0.0234375,256,7.062323692031391,True,0
10106668956051244943,0.35,raw_coordinates,0.5177171697326854,0.0078125,256,13.445736823922044,True,0
10106668956051244943,0.35,moment_registration,-0.015280495480810563,0.0390625,256,4.213643031397587,True,0
10106668956051244943,0.35,euler_secondary,-0.036651101710320155,0.609375,256,6.614378277661476,False,0
14663645207707537751,0.35,quotient_exact,-0.02678142669563144,0.0546875,256,6.583018093914622,False,1
14663645207707537751,0.35,raw_coordinates,0.38585839650901177,0.0078125,256,12.193201588844229,True,1
14663645207707537751,0.35,moment_registration,-0.03506254586226465,0.0234375,256,4.163019039216411,True,1
14663645207707537751,0.35,euler_secondary,-0.031025973310322752,0.640625,256,1.8708286933869707,False,1
15280334270070306709,0.35,quotient_exact,-0.05977852775694914,0.2734375,256,6.598970499071305,False,2
15280334270070306709,0.35,raw_coordinates,0.46263713892362035,0.0078125,256,12.713852270868086,True,2
15280334270070306709,0.35,moment_registration,-0.0722201898130751,0.34375,256,4.15073275194149,False,2
15280334270070306709,0.35,euler_secondary,-0.0026359254457342107,0.484375,256,2.7386127875258306,False,2
1659571799594010729,0.35,quotient_exact,-0.03577901783808768,0.234375,256,6.124148628340088,False,3
1659571799594010729,0.35,raw_coordinates,0.426346561355335,0.0078125,256,12.674683370497208,True,3
1659571799594010729,0.35,moment_registration,-0.009681263086065206,0.15625,256,2.9189138621469217,False,3
1659571799594010729,0.35,euler_secondary,0.012261621924910315,0.296875,256,3.5355339059327378,False,3
15136660474024562601,0.35,quotient_exact,-0.043819714659323994,0.15625,256,6.14640913953164,False,4
15136660474024562601,0.35,raw_coordinates,0.5492241106114449,0.0078125,256,13.23904154730264,True,4
15136660474024562601,0.35,moment_registration,-0.0035784934443973127,0.0078125,256,3.6205478480286932,True,4
15136660474024562601,0.35,euler_secondary,-0.0639929490586143,0.8984375,256,2.1213203435596424,False,4
8517500274450577291,0.35,quotient_exact,-0.049490104465168994,0.3125,256,6.96982175488718,False,5
8517500274450577291,0.35,raw_coordinates,0.6022732534307085,0.0078125,256,13.666782421120553,True,5
8517500274450577291,0.35,moment_registration,-0.02647599602319417,0.0078125,256,4.294332200593844,True,5
8517500274450577291,0.35,euler_secondary,-0.0456232671498904,0.796875,256,6.782329983125268,False,5
14423371784277938885,0.35,quotient_exact,-0.05998675051819191,0.1640625,256,7.917533426740227,False,6
14423371784277938885,0.35,raw_coordinates,0.41918366913130767,0.0078125,256,12.695525376873979,True,6
14423371784277938885,0.35,moment_registration,-0.06907524336614723,0.0390625,256,5.32736345121922,True,6
14423371784277938885,0.35,euler_secondary,0.134347381810338,0.0390625,256,6.96419413859206,True,6
9772773323787120093,0.35,quotient_exact,-0.0581069814754106,0.09375,256,6.778907146869558,False,7
9772773323787120093,0.35,raw_coordinates,0.474197447402793,0.0078125,256,12.905999821705626,True,7
9772773323787120093,0.35,moment_registration,-0.0703715467041317,0.0078125,256,4.177035881911853,True,7
9772773323787120093,0.35,euler_secondary,0.0806705684619683,0.0703125,256,3.3166247903554,False,7
15095413073502423684,0.35,quotient_exact,-0.05356109895742933,0.0859375,256,7.091222163252667,False,8
15095413073502423684,0.35,raw_coordinates,0.5902959199321864,0.0078125,256,12.942464954823786,True,8
15095413073502423684,0.35,moment_registration,-0.05944266372075091,0.0078125,256,3.8833664944096777,True,8
15095413073502423684,0.35,euler_secondary,0.007812672566895662,0.40625,256,6.59545297913646,False,8
9598606461620849726,0.35,quotient_exact,-0.050445590410713614,0.3125,256,6.669053123908113,False,9
9598606461620849726,0.35,raw_coordinates,0.5785358959363982,0.0078125,256,12.575728683862968,True,9
9598606461620849726,0.35,moment_registration,-0.038078605978296265,0.0859375,256,3.7663513365644965,False,9
9598606461620849726,0.35,euler_secondary,0.037380203093969055,0.25,256,6.708203932499369,False,9
9253099471970729898,0.35,quotient_exact,-0.062110492487737146,0.2265625,256,6.460429836960649,False,10
9253099471970729898,0.35,raw_coordinates,0.5319736652416397,0.0078125,256,12.561990298611823,True,10
9253099471970729898,0.35,moment_registration,-0.04281376773927392,0.0546875,256,4.14190392194437,False,10
9253099471970729898,0.35,euler_secondary,0.061943044876750286,0.109375,256,2.345207879911715,False,10
11506824023689162342,0.35,quotient_exact,-0.061243235310574184,0.125,256,7.904352558019682,False,11
11506824023689162342,0.35,raw_coordinates,0.5255726693088422,0.0078125,256,12.087913309005774,True,11
11506824023689162342,0.35,moment_registration,-0.08084823188299772,0.015625,256,4.981096271139776,True,11
11506824023689162342,0.35,euler_secondary,-0.004053628032657519,0.3984375,256,2.1213203435596424,False,11
2186125434003735527,0.35,quotient_exact,-0.047034733110929317,0.4296875,256,6.644647818037254,False,12
2186125434003735527,0.35,raw_coordinates,0.544561878262092,0.0078125,256,13.78861213606261,True,12
2186125434003735527,0.35,moment_registration,-0.01842090179584166,0.015625,256,3.924449545998236,True,12
2186125434003735527,0.35,euler_secondary,0.09767301179124288,0.109375,256,2.1213203435596424,False,12
12127208998903348701,0.35,quotient_exact,-0.0347110973847754,0.1015625,256,6.819409888456976,False,13
12127208998903348701,0.35,raw_coordinates,0.5276948604889449,0.0078125,256,13.629619213881039,True,13
12127208998903348701,0.35,moment_registration,-0.053293638051151726,0.0078125,256,4.049274657218867,True,13
12127208998903348701,0.35,euler_secondary,-0.06853756899279728,0.9609375,256,3.1622776601683795,False,13
16406653919967220522,0.35,quotient_exact,-0.06023872022220611,0.78125,256,6.947026928160945,False,14
16406653919967220522,0.35,raw_coordinates,0.47977764868916495,0.0078125,256,11.922896286487202,True,14
16406653919967220522,0.35,moment_registration,-0.061004252869545916,0.265625,256,3.6565158867730876,False,14
16406653919967220522,0.35,euler_secondary,-0.02334461063282589,0.6171875,256,3.3541019662496847,False,14
7739199661572165235,0.35,quotient_exact,-0.029240131098380306,0.0390625,256,6.374744316971823,True,15
7739199661572165235,0.35,raw_coordinates,0.5437823310719838,0.0078125,256,14.207976832669717,True,15
7739199661572165235,0.35,moment_registration,-0.03401568167185287,0.0078125,256,3.7169873051977556,True,15
7739199661572165235,0.35,euler_secondary,0.12396620251990353,0.0625,256,6.782329983125268,False,15
17687785928144770517,0.35,quotient_exact,-0.013383496325463762,0.15625,256,6.367071451804804,False,16
17687785928144770517,0.35,raw_coordinates,0.632766399423941,0.0078125,256,13.770849690550707,True,16
17687785928144770517,0.35,moment_registration,-0.013511814347788587,0.0078125,256,3.448463975657077,True,16
17687785928144770517,0.35,euler_secondary,-0.02605669740211658,0.6015625,256,6.614378277661476,False,16
8888931930031819069,0.35,quotient_exact,-0.05854293058412585,0.40625,256,7.134504646720986,False,17
8888931930031819069,0.35,raw_coordinates,0.4538060027780957,0.0078125,256,12.9007888150235,True,17
8888931930031819069,0.35,moment_registration,-0.054175485579050275,0.015625,256,4.631869905581705,True,17
8888931930031819069,0.35,euler_secondary,0.013126445738181003,0.296875,256,2.958039891549808,False,17
6291711509363172179,0.35,quotient_exact,-0.05738610206509209,0.03125,256,6.321756446474836,True,18
6291711509363172179,0.35,raw_coordinates,0.4549211416508032,0.0078125,256,12.623775710468493,True,18
6291711509363172179,0.35,moment_registration,-0.06469791698734118,0.0234375,256,3.593183767909762,True,18
6291711509363172179,0.35,euler_secondary,0.02150829901706619,0.1953125,256,2.8284271247461903,False,18
16599058920896212240,0.35,quotient_exact,-0.052715364974476486,0.015625,256,7.118634904120058,True,19
16599058920896212240,0.35,raw_coordinates,0.5483637016330347,0.0078125,256,12.621679720204666,True,19
16599058920896212240,0.35,moment_registration,-0.07339576283913829,0.21875,256,4.395893136393093,False,19
16599058920896212240,0.35,euler_secondary,0.016921216029580077,0.2890625,256,7.106335201775948,False,19
5413344198735901568,0.35,quotient_exact,-0.022747784960653328,0.3046875,256,6.101436092373972,False,20
5413344198735901568,0.35,raw_coordinates,0.49659251237175983,0.0078125,256,13.334554973539662,True,20
5413344198735901568,0.35,moment_registration,-0.018250214987349356,0.0390625,256,3.314855455020014,True,20
5413344198735901568,0.35,euler_secondary,-0.05648101385419013,0.796875,256,6.708203932499369,False,20
10832169653812789123,0.35,quotient_exact,-0.05806709472073002,0.125,256,6.823809075618613,False,21
10832169653812789123,0.35,raw_coordinates,0.5843944185273655,0.0078125,256,12.56595401589051,True,21
10832169653812789123,0.35,moment_registration,-0.06054614917557766,0.0078125,256,3.9702247239642467,True,21
10832169653812789123,0.35,euler_secondary,-0.016221819786217617,0.484375,256,3.5355339059327378,False,21
6684334432851070893,0.35,quotient_exact,-0.051206695591091256,0.359375,256,6.2273912948924535,False,22
6684334432851070893,0.35,raw_coordinates,0.544419667153336,0.0078125,256,13.314797499754679,True,22
6684334432851070893,0.35,moment_registration,-0.031001515702965166,0.0078125,256,3.4349332530209713,True,22
6684334432851070893,0.35,euler_secondary,0.014904674614772073,0.265625,256,2.449489742783178,False,22
4426575186588740265,0.35,quotient_exact,-0.04835720335084137,0.3359375,256,6.979278894112393,False,23
4426575186588740265,0.35,raw_coordinates,0.519103301289933,0.0078125,256,13.204683358151348,True,23
4426575186588740265,0.35,moment_registration,-0.04019501235988254,0.03125,256,4.1747129960159635,True,23
4426575186588740265,0.35,euler_secondary,0.12227385667805413,0.1171875,256,6.855654600401044,False,23
15796752912259044261,0.35,quotient_exact,-0.03235666372203949,0.4921875,256,6.429549200816318,False,24
15796752912259044261,0.35,raw_coordinates,0.5380618592067141,0.0078125,256,13.174654372127325,True,24
15796752912259044261,0.35,moment_registration,-0.0347979651757766,0.1328125,256,3.5959245695369426,False,24
15796752912259044261,0.35,euler_secondary,-0.038946231425348254,0.8828125,256,1.8708286933869707,False,24
1807405513646578293,0.35,quotient_exact,-0.07216615063482412,0.6484375,256,7.514640539663687,False,25
1807405513646578293,0.35,raw_coordinates,0.4986690323872991,0.0078125,256,13.100315289427638,True,25
1807405513646578293,0.35,moment_registration,-0.07257091412196648,0.203125,256,4.832304831250023,False,25
1807405513646578293,0.35,euler_secondary,0.1387362735364538,0.03125,256,7.106335201775948,True,25
3172288673592261749,0.35,quotient_exact,-0.03836247694282546,0.2734375,256,6.615034697642649,False,26
3172288673592261749,0.35,raw_coordinates,0.5308349038567819,0.0078125,256,12.575298379895075,True,26
3172288673592261749,0.35,moment_registration,-0.05134452807152157,0.0546875,256,3.849846204389443,False,26
3172288673592261749,0.35,euler_secondary,0.11743202220843163,0.1640625,256,6.745368781616021,False,26
18055029655872898651,0.35,quotient_exact,-0.0420796551439393,0.1640625,256,6.535585225115438,False,27
18055029655872898651,0.35,raw_coordinates,0.5102832145832685,0.0078125,256,12.196447157879449,True,27
18055029655872898651,0.35,moment_registration,-0.048552632586413735,0.1328125,256,3.6146244922408877,False,27
18055029655872898651,0.35,euler_secondary,0.055838302886419555,0.0078125,256,2.449489742783178,True,27
12075651808977267664,0.35,quotient_exact,-0.03431002994768151,0.0625,256,6.328862502187059,False,28
12075651808977267664,0.35,raw_coordinates,0.5219399250494076,0.0078125,256,12.31371555657019,True,28
12075651808977267664,0.35,moment_registration,-0.06373686182162364,0.3359375,256,3.567601221025373,False,28
12075651808977267664,0.35,euler_secondary,-0.025497098684296615,0.3828125,256,6.614378277661476,False,28
2220565280603886035,0.35,quotient_exact,-0.05475042319878409,0.109375,256,7.427995469959501,False,29
2220565280603886035,0.35,raw_coordinates,0.5356799930404484,0.0078125,256,12.61904535295188,True,29
2220565280603886035,0.35,moment_registration,-0.07548057375072847,0.015625,256,4.476467274478489,True,29
2220565280603886035,0.35,euler_secondary,-0.03892673254800372,0.4453125,256,3.1622776601683795,False,29
16668505848719024354,0.35,quotient_exact,-0.02860147043811445,0.21875,256,6.684416879988058,False,30
16668505848719024354,0.35,raw_coordinates,0.5057865745443044,0.0078125,256,13.830047253902565,True,30
16668505848719024354,0.35,moment_registration,-0.0476178440681152,0.1015625,256,3.9160251100143717,False,30
16668505848719024354,0.35,euler_secondary,0.13155516927928534,0.0078125,256,6.855654600401044,True,30
17642740694461586757,0.35,quotient_exact,-0.04580514439961392,0.265625,256,7.583445295048082,False,31
17642740694461586757,0.35,raw_coordinates,0.5008399803264577,0.0078125,256,12.730183208813974,True,31
17642740694461586757,0.35,moment_registration,-0.04252430972116428,0.0625,256,5.189146450648065,False,31
17642740694461586757,0.35,euler_secondary,0.020558824407497123,0.234375,256,3.774917217635375,False,31
1330072600641891520,0.35,quotient_exact,-0.059502790345899115,0.359375,256,6.8345754431322465,False,32
1330072600641891520,0.35,raw_coordinates,0.5468495305545487,0.0078125,256,13.1502364425901,True,32
1330072600641891520,0.35,moment_registration,-0.06065334577246606,0.2265625,256,4.085014594947983,False,32
1330072600641891520,0.35,euler_secondary,0.21124586616760177,0.046875,256,6.7638746292343415,True,32
12914518084200065318,0.35,quotient_exact,-0.04849929865278113,0.2890625,256,6.577764703492051,False,33
12914518084200065318,0.35,raw_coordinates,0.4902997023888199,0.0078125,256,12.278221786077056,True,33
12914518084200065318,0.35,moment_registration,-0.07829677330630747,0.015625,256,4.065322656438619,True,33
12914518084200065318,0.35,euler_secondary,0.03478396138125395,0.140625,256,7.19374728496908,False,33
14809027568482716956,0.35,quotient_exact,-0.04835132477653015,0.3515625,256,6.0069866943369306,False,34
14809027568482716956,0.35,raw_coordinates,0.4341195352564772,0.0078125,256,12.029284436121971,True,34
14809027568482716956,0.35,moment_registration,-0.041372877931761254,0.0078125,256,3.7206109352938372,True,34
14809027568482716956,0.35,euler_secondary,-0.02977351627273639,0.5390625,256,3.0,False,34
8814096978645962949,0.35,quotient_exact,-0.05816037792672202,0.1328125,256,7.475002262779959,False,35
8814096978645962949,0.35,raw_coordinates,0.5017231097523633,0.0078125,256,12.463390206777161,True,35
8814096978645962949,0.35,moment_registration,-0.0837041948850944,0.0859375,256,4.776478372253221,False,35
8814096978645962949,0.35,euler_secondary,0.21320485164561753,0.0078125,256,3.0,True,35
16051043666746040700,0.35,quotient_exact,-0.007913384602007967,0.0859375,256,6.1709015000163046,False,36
16051043666746040700,0.35,raw_coordinates,0.46755446916254606,0.0078125,256,13.520712732844295,True,36
16051043666746040700,0.35,moment_registration,-0.023848906924217705,0.1640625,256,3.4962874625920057,False,36
16051043666746040700,0.35,euler_secondary,0.0399114568422676,0.3203125,256,6.59545297913646,False,36
7456851807715060755,0.35,quotient_exact,-0.055335859318786484,0.2421875,256,7.000460714850406,False,37
7456851807715060755,0.35,raw_coordinates,0.5743970707667765,0.0078125,256,13.2304366746441,True,37
7456851807715060755,0.35,moment_registration,-0.04337032118298234,0.0078125,256,4.342410985013998,True,37
7456851807715060755,0.35,euler_secondary,0.11054845344067254,0.03125,256,6.800735254367722,True,37
8233866335581008956,0.35,quotient_exact,-0.05029381378671438,0.2421875,256,6.907067725675083,False,38
8233866335581008956,0.35,raw_coordinates,0.5687104951198722,0.0078125,256,13.074369629544465,True,38
8233866335581008956,0.35,moment_registration,-0.06729496468322083,0.015625,256,4.322984833329112,True,38
8233866335581008956,0.35,euler_secondary,0.05113906726500428,0.015625,256,6.892024376045111,True,38
809072117661267372,0.35,quotient_exact,-0.03152638879311953,0.1796875,256,6.5218506240748395,False,39
809072117661267372,0.35,raw_coordinates,0.4528290361930982,0.0078125,256,12.641888212205712,True,39
809072117661267372,0.35,moment_registration,-0.031632182713388524,0.109375,256,3.7550111044778265,False,39
809072117661267372,0.35,euler_secondary,-0.023113875292676833,0.734375,256,2.0,False,39
9273023324178366750,0.35,quotient_exact,-0.04435542857768593,0.3671875,256,6.040436791493889,False,40
9273023324178366750,0.35,raw_coordinates,0.6028085528969258,0.0078125,256,11.782663933669804,True,40
9273023324178366750,0.35,moment_registration,-0.04388435391867962,0.1328125,256,3.465884802264051,False,40
9273023324178366750,0.35,euler_secondary,0.04017567057197391,0.28125,256,6.910137480542627,False,40
8245851991236098408,0.35,quotient_exact,-0.06395569901269449,0.53125,256,7.040530154759551,False,41
8245851991236098408,0.35,raw_coordinates,0.5316463350788598,0.0078125,256,14.380816994931653,True,41
8245851991236098408,0.35,moment_registration,-0.06945906941821778,0.109375,256,4.451349768084281,False,41
8245851991236098408,0.35,euler_secondary,-0.019018182439214826,0.5078125,256,6.87386354243376,False,41
2687536973530449362,0.35,quotient_exact,-0.04182184832071789,0.359375,256,6.344249265771187,False,42
2687536973530449362,0.35,raw_coordinates,0.3979214189049307,0.0078125,256,12.708964701379676,True,42
2687536973530449362,0.35,moment_registration,-0.024373761077256195,0.1875,256,3.4468759925554626,False,42
2687536973530449362,0.35,euler_secondary,0.057441704861803444,0.0078125,256,6.726812023536855,True,42
13905462233998570214,0.35,quotient_exact,-0.03297019296633785,0.4453125,256,6.41638755672566,False,43
13905462233998570214,0.35,raw_coordinates,0.4299627624648935,0.0078125,256,11.990117408085496,True,43
13905462233998570214,0.35,moment_registration,-0.06354275378584606,0.25,256,3.8006763995355457,False,43
13905462233998570214,0.35,euler_secondary,0.029046308208410476,0.21875,256,6.59545297913646,False,43
10128250248341546551,0.35,quotient_exact,-0.052873622551228294,0.328125,256,6.484154727441696,False,44
10128250248341546551,0.35,raw_coordinates,0.5002613945196541,0.0078125,256,13.160105477876145,True,44
10128250248341546551,0.35,moment_registration,-0.04603483255386687,0.015625,256,3.6657224176314718,True,44
10128250248341546551,0.35,euler_secondary,0.09632968055452884,0.09375,256,2.5,False,44
16932279633382348777,0.35,quotient_exact,-0.05581764031535297,0.2109375,256,7.271128870149637,False,45
16932279633382348777,0.35,raw_coordinates,0.46414226272344095,0.0078125,256,13.073663571950005,True,45
16932279633382348777,0.35,moment_registration,-0.06821498337018739,0.0859375,256,4.534156461438863,False,45
16932279633382348777,0.35,euler_secondary,-0.04770572806712148,0.921875,256,2.5,False,45
17127992682389212688,0.35,quotient_exact,-0.08805827358766094,0.546875,256,6.7341109065774125,False,46
17127992682389212688,0.35,raw_coordinates,0.5095754458747013,0.0078125,256,12.921174177247766,True,46
17127992682389212688,0.35,moment_registration,-0.07918782992012052,0.015625,256,4.280566553346917,True,46
17127992682389212688,0.35,euler_secondary,0.1902221568268463,0.03125,256,6.87386354243376,True,46
16031572733664963035,0.35,quotient_exact,-0.06078299801488629,0.40625,256,6.7936611718195286,False,47
16031572733664963035,0.35,raw_coordinates,0.39914138580895075,0.0078125,256,12.839664478214537,True,47
16031572733664963035,0.35,moment_registration,-0.05003078281963336,0.015625,256,4.346618924826855,True,47
16031572733664963035,0.35,euler_secondary,-0.008075930278813148,0.40625,256,3.1622776601683795,False,47
5987302719703994058,0.35,quotient_exact,-0.05100125410053513,0.3515625,256,7.4327314912815,False,48
5987302719703994058,0.35,raw_coordinates,0.49706587043895656,0.0078125,256,12.537118655791911,True,48
5987302719703994058,0.35,moment_registration,-0.08941047736258234,0.1015625,256,5.0543844877382895,False,48
5987302719703994058,0.35,euler_secondary,-0.023535967890191634,0.5,256,2.179449471770337,False,48
6147328740772019265,0.35,quotient_exact,-0.0678561017252931,0.640625,256,6.7334454535029495,False,49
6147328740772019265,0.35,raw_coordinates,0.5759868156195074,0.0078125,256,12.34805370597932,True,49
6147328740772019265,0.35,moment_registration,-0.050971168227828434,0.0078125,256,4.015372348104542,True,49
6147328740772019265,0.35,euler_secondary,0.035441181799567456,0.109375,256,3.3166247903554,False,49
13612043500104615339,0.35,quotient_exact,-0.03145473767502571,0.28125,256,6.724999042835449,False,50
13612043500104615339,0.35,raw_coordinates,0.7081075669370045,0.0078125,256,12.423040359752584,True,50
13612043500104615339,0.35,moment_registration,-0.01781102453800676,0.078125,256,4.1722376881864855,False,50
13612043500104615339,0.35,euler_secondary,0.07059156437263281,0.09375,256,2.9154759474226504,False,50
11443621185040322160,0.35,quotient_exact,-0.06919038493380691,0.609375,256,6.944491209898626,False,51
11443621185040322160,0.35,raw_coordinates,0.5360773649545733,0.0078125,256,12.25560631295814,True,51
11443621185040322160,0.35,moment_registration,-0.07368366921513769,0.015625,256,4.339008477866617,True,51
11443621185040322160,0.35,euler_secondary,-0.025368548534284496,0.4765625,256,6.819090848492928,False,51
1354949148058164112,0.35,quotient_exact,-0.06484393126863042,0.21875,256,7.692747860294633,False,52
1354949148058164112,0.35,raw_coordinates,0.5707254721911272,0.0078125,256,12.807255458897043,True,52
1354949148058164112,0.35,moment_registration,-0.06006966930919333,0.0546875,256,4.664570854681497,False,52
1354949148058164112,0.35,euler_secondary,0.09270868768423357,0.1171875,256,6.855654600401044,False,52
11379034933107160355,0.35,quotient_exact,-0.05738774001189029,0.4765625,256,7.243684174553001,False,53
11379034933107160355,0.35,raw_coordinates,0.5225787432075877,0.0078125,256,12.37882153486901,True,53
11379034933107160355,0.35,moment_registration,-0.055760936439431474,0.015625,256,4.348500771066395,True,53
11379034933107160355,0.35,euler_secondary,0.03320968360077603,0.046875,256,2.9154759474226504,True,53
1615533461940908224,0.35,quotient_exact,-0.05051451383203187,0.1484375,256,7.161247331012633,False,54
1615533461940908224,0.35,raw_coordinates,0.5123265185214096,0.0078125,256,12.989340954479614,True,54
1615533461940908224,0.35,moment_registration,-0.058194592539308365,0.046875,256,4.123229757571778,True,54
1615533461940908224,0.35,euler_secondary,0.11732038923717591,0.0234375,256,6.782329983125268,True,54
15247967158749098673,0.35,quotient_exact,-0.06053144295793256,0.40625,256,7.473648931449371,False,55
15247967158749098673,0.35,raw_coordinates,0.5512245311005035,0.0078125,256,13.812175277062652,True,55
15247967158749098673,0.35,moment_registration,-0.07082661940976298,0.1328125,256,4.668183277068721,False,55
15247967158749098673,0.35,euler_secondary,0.01864698606559967,0.2578125,256,2.449489742783178,False,55
6161191559757937883,0.35,quotient_exact,0.01840948364110806,0.0625,256,6.049078571148112,False,56
6161191559757937883,0.35,raw_coordinates,0.4409123206556357,0.0078125,256,12.603807245894751,True,56
6161191559757937883,0.35,moment_registration,-0.01832604114661074,0.03125,256,3.5056208861240634,True,56
6161191559757937883,0.35,euler_secondary,-0.002178785940547101,0.4140625,256,4.444097208657794,False,56
1593086843847321147,0.35,quotient_exact,-0.03137481171764733,0.015625,256,6.808671207565391,True,57
1593086843847321147,0.35,raw_coordinates,0.5665768818745212,0.0078125,256,12.656134075016716,True,57
1593086843847321147,0.35,moment_registration,-0.036991471717894964,0.0078125,256,4.546570205283055,True,57
1593086843847321147,0.35,euler_secondary,0.14307346564206158,0.0625,256,2.6457513110645907,False,57
3361122420895354718,0.35,quotient_exact,-0.04785178016352021,0.4921875,256,6.518230631364181,False,58
3361122420895354718,0.35,raw_coordinates,0.5427276034785726,0.0078125,256,12.229881496963252,True,58
3361122420895354718,0.35,moment_registration,-0.0431277461913413,0.3203125,256,3.229589837082042,False,58
3361122420895354718,0.35,euler_secondary,-0.02992264700798697,0.6015625,256,5.937171043518958,False,58
3363806329679961019,0.35,quotient_exact,-0.06662468351586637,0.4296875,256,6.7083838052403975,False,59
3363806329679961019,0.35,raw_coordinates,0.47760273531102004,0.0078125,256,13.469155644952087,True,59
3363806329679961019,0.35,moment_registration,-0.04551245998450715,0.078125,256,3.7441217357389567,False,59
3363806329679961019,0.35,euler_secondary,0.05706537692085423,0.140625,256,2.9154759474226504,False,59
17388160394320360786,0.35,quotient_exact,-0.033298533329646274,0.28125,256,6.694811623283673,False,60
17388160394320360786,0.35,raw_coordinates,0.46233182104673287,0.0078125,256,12.702219655965587,True,60
17388160394320360786,0.35,moment_registration,-0.03544558428360145,0.0390625,256,3.9519515290157097,True,60
17388160394320360786,0.35,euler_secondary,0.025838099767806266,0.3046875,256,6.782329983125268,False,60
15889870613548998947,0.35,quotient_exact,-0.053635840890013387,0.203125,256,7.094992259425658,False,61
15889870613548998947,0.35,raw_coordinates,0.47024015292709354,0.0078125,256,13.789597210396828,True,61
15889870613548998947,0.35,moment_registration,-0.033404702267457065,0.015625,256,4.248073155979988,True,61
15889870613548998947,0.35,euler_secondary,0.17638101294959063,0.03125,256,6.708203932499369,True,61
14171593327888270271,0.35,quotient_exact,-0.06809257878841524,0.375,256,8.317837981796037,False,62
14171593327888270271,0.35,raw_coordinates,0.44936351035458677,0.0078125,256,12.983650244322218,True,62
14171593327888270271,0.35,moment_registration,-0.06854906362989899,0.0078125,256,5.759753951436112,True,62
14171593327888270271,0.35,euler_secondary,0.0588488750695364,0.21875,256,6.745368781616021,False,62
14739206779806577322,0.35,quotient_exact,-0.04501961428363521,0.4609375,256,7.118099919217682,False,63
14739206779806577322,0.35,raw_coordinates,0.5718843827410782,0.0078125,256,13.722650662827062,True,63
14739206779806577322,0.35,moment_registration,-0.06436426826130515,0.0078125,256,4.198410227583372,True,63
14739206779806577322,0.35,euler_secondary,-0.07248653973970931,0.5,256,3.122498999199199,False,63
12702747855026639669,0.35,quotient_exact,-0.08045016950552963,0.7578125,256,7.794672067433549,False,64
12702747855026639669,0.35,raw_coordinates,0.37741419358017725,0.0078125,256,12.715235385026814,True,64
12702747855026639669,0.35,moment_registration,-0.09513550980384411,0.0078125,256,5.226263933432788,True,64
12702747855026639669,0.35,euler_secondary,-0.03599766661708059,0.625,256,6.726812023536855,False,64
3575866939454265714,0.35,quotient_exact,-0.062063493337079056,0.671875,256,7.332623932309902,False,65
3575866939454265714,0.35,raw_coordinates,0.48463536824384934,0.0078125,256,12.104682970668046,True,65
3575866939454265714,0.35,moment_registration,-0.0611375093535268,0.0625,256,4.395518818269086,False,65
3575866939454265714,0.35,euler_secondary,-0.006883341736353188,0.203125,256,6.670832032063167,False,65
2783378660679990235,0.35,quotient_exact,-0.027416774495570007,0.046875,256,6.874985373806877,True,66
2783378660679990235,0.35,raw_coordinates,0.6073091875492364,0.0078125,256,14.427464344460157,True,66
2783378660679990235,0.35,moment_registration,-0.022185505801800454,0.015625,256,3.972024055992066,True,66
2783378660679990235,0.35,euler_secondary,0.3295964729126344,0.0078125,256,6.855654600401044,True,66
7352433406681377500,0.35,quotient_exact,-0.048483904403147204,0.0390625,256,7.0266266762029,True,67
7352433406681377500,0.35,raw_coordinates,0.4502483737265175,0.0078125,256,13.128561463941534,True,67
7352433406681377500,0.35,moment_registration,-0.03867826116272788,0.0078125,256,4.20792183433935,True,67
7352433406681377500,0.35,euler_secondary,0.09795407225038244,0.046875,256,5.049752469181039,True,67
6414393449658117448,0.35,quotient_exact,-0.05353319117101352,0.4296875,256,6.455577257872377,False,68
6414393449658117448,0.35,raw_coordinates,0.4586663939810236,0.0078125,256,12.810653058529358,True,68
6414393449658117448,0.35,moment_registration,-0.04329449789992601,0.0078125,256,3.8472727848264445,True,68
6414393449658117448,0.35,euler_secondary,0.062479841535932557,0.1796875,256,6.819090848492928,False,68
10116303579440727894,0.35,quotient_exact,-0.06905541019171157,0.515625,256,6.9124304370942475,False,69
10116303579440727894,0.35,raw_coordinates,0.4373214883784121,0.0078125,256,13.290503399353605,True,69
10116303579440727894,0.35,moment_registration,-0.05003522821080808,0.171875,256,3.6834517770156365,False,69
10116303579440727894,0.35,euler_secondary,-0.05859969183288116,0.953125,256,2.345207879911715,False,69
10393026344110364451,0.35,quotient_exact,-0.03527876645203376,0.5390625,256,6.318203448068797,False,70
10393026344110364451,0.35,raw_coordinates,0.572415790709215,0.0078125,256,12.422152736374036,True,70
10393026344110364451,0.35,moment_registration,-0.025902554843608483,0.1953125,256,3.4153475553359227,False,70
10393026344110364451,0.35,euler_secondary,0.06691595391338923,0.03125,256,3.4641016151377544,True,70
10526317901320584308,0.35,quotient_exact,-0.029639127939283805,0.15625,256,7.227708399500932,False,71
10526317901320584308,0.35,raw_coordinates,0.5148269093654455,0.0078125,256,13.459171294374373,True,71
10526317901320584308,0.35,moment_registration,-0.04491324196315927,0.0390625,256,4.323851869202486,True,71
10526317901320584308,0.35,euler_secondary,0.1028995873607571,0.0234375,256,2.345207879911715,True,71
7462619830056487179,0.35,quotient_exact,-0.03577017660228121,0.0546875,256,7.195063985277743,False,72
7462619830056487179,0.35,raw_coordinates,0.48061805684300585,0.0078125,256,12.712103684954362,True,72
7462619830056487179,0.35,moment_registration,0.018274164885365263,0.0078125,256,4.360709511452544,True,72
7462619830056487179,0.35,euler_secondary,0.04511541672106967,0.2734375,256,6.745368781616021,False,72
10453831838592471562,0.35,quotient_exact,-0.05270098784030508,0.6328125,256,6.692307008540793,False,73
10453831838592471562,0.35,raw_coordinates,0.5757511315687962,0.0078125,256,13.244279990849199,True,73
10453831838592471562,0.35,moment_registration,-0.050138416306950595,0.3359375,256,3.9083985888365325,False,73
10453831838592471562,0.35,euler_secondary,0.04633758195663307,0.0546875,256,2.8284271247461903,False,73
18412285505950822140,0.35,quotient_exact,-0.040436545063185725,0.0625,256,6.416353415553323,False,74
18412285505950822140,0.35,raw_coordinates,0.43688261707446274,0.0078125,256,13.430976065922115,True,74
18412285505950822140,0.35,moment_registration,-0.039363201872476106,0.0078125,256,3.6597314049484604,True,74
18412285505950822140,0.35,euler_secondary,0.06342152252635458,0.015625,256,6.708203932499369,True,74
3926370976055203584,0.35,quotient_exact,-0.061469067943541233,0.3984375,256,7.166700962482967,False,75
3926370976055203584,0.35,raw_coordinates,0.4542050825936559,0.0078125,256,12.464127439385786,True,75
3926370976055203584,0.35,moment_registration,-0.0705419682952455,0.1328125,256,4.611912398849739,False,75
3926370976055203584,0.35,euler_secondary,-0.027242320350086002,0.6171875,256,7.14142842854285,False,75
8784356487621843614,0.35,quotient_exact,-0.04131736563209776,0.078125,256,7.230823020223971,False,76
8784356487621843614,0.35,raw_coordinates,0.5935403593434148,0.0078125,256,12.811656618059017,True,76
8784356487621843614,0.35,moment_registration,-0.05378453954954843,0.078125,256,4.49823977259763,False,76
8784356487621843614,0.35,euler_secondary,-0.004260854753443066,0.2265625,256,2.23606797749979,False,76
2982134354831732709,0.35,quotient_exact,-0.05597799564994732,0.2890625,256,6.887932694045646,False,77
2982134354831732709,0.35,raw_coordinates,0.5690953279498316,0.0078125,256,12.676199974054109,True,77
2982134354831732709,0.35,moment_registration,-0.04639092367877018,0.0078125,256,3.976620575142757,True,77
2982134354831732709,0.35,euler_secondary,-0.059110635012659896,0.7265625,256,4.769696007084728,False,77
287123358896279215,0.35,quotient_exact,-0.046375629458266565,0.2578125,256,7.09309458365673,False,78
287123358896279215,0.35,raw_coordinates,0.5233501287290406,0.0078125,256,12.50328176789396,True,78
287123358896279215,0.35,moment_registration,-0.03989455255127372,0.0546875,256,4.360508478878824,False,78
287123358896279215,0.35,euler_secondary,0.13067312628829897,0.03125,256,2.6457513110645907,True,78
3775159610408065665,0.35,quotient_exact,-0.06753881864280764,0.8671875,256,8.38603338714071,False,79
3775159610408065665,0.35,raw_coordinates,0.5919790491279152,0.0078125,256,12.498881213928676,True,79
3775159610408065665,0.35,moment_registration,-0.0731666744564381,0.0703125,256,6.219650673495278,False,79
3775159610408065665,0.35,euler_secondary,-0.04163204073672544,0.8203125,256,6.557438524302,False,79
17056957895300555894,0.35,quotient_exact,-0.05947944892150947,0.53125,256,7.367648532007888,False,80
17056957895300555894,0.35,raw_coordinates,0.5144386344197731,0.0078125,256,13.00290516488727,True,80
17056957895300555894,0.35,moment_registration,-0.061767125954175106,0.03125,256,4.503307469958529,True,80
17056957895300555894,0.35,euler_secondary,0.10709466466703577,0.0625,256,3.082207001484488,False,80
8173363315984395283,0.35,quotient_exact,-0.0228518196245302,0.171875,256,6.498801731697333,False,81
8173363315984395283,0.35,raw_coordinates,0.6855592120696212,0.0078125,256,13.662041301011799,True,81
8173363315984395283,0.35,moment_registration,-0.05167993451825459,0.046875,256,3.8066541716931384,True,81
8173363315984395283,0.35,euler_secondary,0.010326620559498179,0.171875,256,2.9154759474226504,False,81
15095988403539949758,0.35,quotient_exact,-0.07797278807635499,0.765625,256,6.650510907115807,False,82
15095988403539949758,0.35,raw_coordinates,0.3504907637318464,0.0078125,256,12.460249369379929,True,82
15095988403539949758,0.35,moment_registration,-0.06780958122019765,0.0625,256,3.8479752753097918,False,82
15095988403539949758,0.35,euler_secondary,0.09157176216296281,0.125,256,6.726812023536855,False,82
14801238495728012975,0.35,quotient_exact,-0.06662508920831944,0.65625,256,6.800334626602138,False,83
14801238495728012975,0.35,raw_coordinates,0.44980944828027036,0.0078125,256,13.369837531451424,True,83
14801238495728012975,0.35,moment_registration,-0.0626221938664846,0.078125,256,4.33520820907288,False,83
14801238495728012975,0.35,euler_secondary,0.2346579163754654,0.0625,256,6.782329983125268,False,83
8399446924007216289,0.35,quotient_exact,-0.0359948766860666,0.5859375,256,6.20249097654061,False,84
8399446924007216289,0.35,raw_coordinates,0.4523212047978643,0.0078125,256,11.786369127855023,True,84
8399446924007216289,0.35,moment_registration,-0.03386697868801225,0.0859375,256,3.4031529653425294,False,84
8399446924007216289,0.35,euler_secondary,-0.002425437152348442,0.3203125,256,2.6457513110645907,False,84
14436667523131645495,0.35,quotient_exact,-0.047610672733979564,0.3046875,256,6.763477800504637,False,85
14436667523131645495,0.35,raw_coordinates,0.594605719783103,0.0078125,256,13.384313276090564,True,85
14436667523131645495,0.35,moment_registration,-0.04138748494597144,0.015625,256,4.000661824812106,True,85
14436667523131645495,0.35,euler_secondary,-0.027074554976581622,0.5703125,256,3.0,False,85
12992990344720773834,0.35,quotient_exact,-0.050690111441022756,0.0625,256,7.631990158093406,False,86
12992990344720773834,0.35,raw_coordinates,0.502514641326223,0.0078125,256,12.49918450966396,True,86
12992990344720773834,0.35,moment_registration,-0.05794901348609627,0.015625,256,5.0436508368431925,True,86
12992990344720773834,0.35,euler_secondary,-0.01759066337298565,0.3125,256,6.708203932499369,False,86
17133182326459318674,0.35,quotient_exact,-0.04545781573007879,0.2421875,256,6.837309096159125,False,87
17133182326459318674,0.35,raw_coordinates,0.4560762805229598,0.0078125,256,12.1270016281189,True,87
17133182326459318674,0.35,moment_registration,-0.04365442587843449,0.0234375,256,4.139367675634452,True,87
17133182326459318674,0.35,euler_secondary,-0.056419039141012095,0.9765625,256,2.3979157616563596,False,87
14173249813037876145,0.35,quotient_exact,-0.04592311132010529,0.0390625,256,7.448331552817034,True,88
14173249813037876145,0.35,raw_coordinates,0.6067967201979867,0.0078125,256,12.754434223414165,True,88
14173249813037876145,0.35,moment_registration,-0.06439756988134415,0.015625,256,4.687062589923317,True,88
14173249813037876145,0.35,euler_secondary,0.11838577768908287,0.1015625,256,6.708203932499369,False,88
6504106723641055821,0.35,quotient_exact,-0.043826811982804914,0.046875,256,6.440094712851158,True,89
6504106723641055821,0.35,raw_coordinates,0.4543081561215607,0.0078125,256,12.155238388249646,True,89
6504106723641055821,0.35,moment_registration,-0.03981925893961136,0.0078125,256,3.548279187025376,True,89
6504106723641055821,0.35,euler_secondary,0.029495009531357974,0.328125,256,6.422616289332565,False,89
3504227624111849574,0.35,quotient_exact,-0.05674495015788161,0.265625,256,7.033719456317577,False,90
3504227624111849574,0.35,raw_coordinates,0.4131413132205246,0.0078125,256,13.172406531452044,True,90
3504227624111849574,0.35,moment_registration,-0.06687027775895626,0.1171875,256,4.467512392494319,False,90
3504227624111849574,0.35,euler_secondary,0.051908605813940856,0.1640625,256,4.330127018922194,False,90
16398987221932616576,0.35,quotient_exact,-0.03550533368494524,0.2578125,256,6.653250546448828,False,91
16398987221932616576,0.35,raw_coordinates,0.35985769055716954,0.0078125,256,12.430962967601426,True,91
16398987221932616576,0.35,moment_registration,-0.02896127674472182,0.078125,256,4.010615131948876,False,91
16398987221932616576,0.35,euler_secondary,-0.02658917208236411,0.4921875,256,1.8708286933869707,False,91
17317071845487024796,0.35,quotient_exact,-0.06997459252571203,0.5859375,256,6.8952052321379425,False,92
17317071845487024796,0.35,raw_coordinates,0.5454152974575188,0.0078125,256,12.257437580317038,True,92
17317071845487024796,0.35,moment_registration,-0.057011183111904784,0.0234375,256,3.815803243747693,True,92
17317071845487024796,0.35,euler_secondary,0.10956469443878847,0.09375,256,3.0,False,92
17956048020896739374,0.35,quotient_exact,-0.05754682361855312,0.3046875,256,6.405199811889855,False,93
17956048020896739374,0.35,raw_coordinates,0.606889451335401,0.0078125,256,12.314818910649512,True,93
17956048020896739374,0.35,moment_registration,-0.06457079990212211,0.1640625,256,3.963883095735322,False,93
17956048020896739374,0.35,euler_secondary,0.051128479460610166,0.09375,256,2.449489742783178,False,93
14824949338444394804,0.35,quotient_exact,-0.0371695130017764,0.078125,256,6.418065097049704,False,94
14824949338444394804,0.35,raw_coordinates,0.5111169311961529,0.0078125,256,12.494725736181238,True,94
14824949338444394804,0.35,moment_registration,-0.06469796852401744,0.046875,256,3.970395656923488,True,94
14824949338444394804,0.35,euler_secondary,-0.018023808234609806,0.5703125,256,6.442049363362563,False,94
11870104901711724525,0.35,quotient_exact,-0.02856626798016837,0.203125,256,6.2453527787218945,False,95
11870104901711724525,0.35,raw_coordinates,0.4136282488919456,0.0078125,256,12.864642303868536,True,95
11870104901711724525,0.35,moment_registration,-0.05872637258715696,0.234375,256,3.577702954872045,False,95
11870104901711724525,0.35,euler_secondary,7.01230315551804e-05,0.5,256,1.8708286933869707,False,95
15946648756239830923,0.35,quotient_exact,-0.05305993799582365,0.5234375,256,6.051783971977042,False,96
15946648756239830923,0.35,raw_coordinates,0.5175532643876124,0.0078125,256,12.60407767799171,True,96
15946648756239830923,0.35,moment_registration,-0.042780193583173864,0.1875,256,3.3867202133983465,False,96
15946648756239830923,0.35,euler_secondary,-0.040709179898088754,0.8828125,256,2.0,False,96
9752187855955074035,0.35,quotient_exact,-0.05711574254494567,0.3984375,256,6.803155501948541,False,97
9752187855955074035,0.35,raw_coordinates,0.56446987222068,0.0078125,256,12.736572339338391,True,97
9752187855955074035,0.35,moment_registration,-0.06339700683626659,0.0390625,256,3.9932980343520805,True,97
9752187855955074035,0.35,euler_secondary,0.011015467279234303,0.0234375,256,2.5495097567963922,True,97
3080144603899647394,0.35,quotient_exact,-0.06377227379861206,0.5546875,256,6.8327472553005855,False,98
3080144603899647394,0.35,raw_coordinates,0.48150671847697346,0.0078125,256,13.30597303102498,True,98
3080144603899647394,0.35,moment_registration,-0.06248418391075028,0.1875,256,4.283647940385862,False,98
3080144603899647394,0.35,euler_secondary,-0.03130699449085517,0.3203125,256,2.5495097567963922,False,98
568555839305123625,0.35,quotient_exact,-0.04781758850657303,0.125,256,6.240675808810265,False,99
568555839305123625,0.35,raw_coordinates,0.6319833374466803,0.0078125,256,12.373408874699262,True,99
568555839305123625,0.35,moment_registration,-0.03239081992439674,0.0078125,256,3.2790576313197803,True,99
568555839305123625,0.35,euler_secondary,-0.04662708543000604,0.671875,256,3.0,False,99
10561973870669952850,0.35,quotient_exact,-0.07305939335315026,0.203125,256,8.098743987303173,False,100
10561973870669952850,0.35,raw_coordinates,0.40490521632022036,0.0078125,256,12.229987904107585,True,100
10561973870669952850,0.35,moment_registration,-0.08487209111957661,0.1171875,256,5.608770474474754,False,100
10561973870669952850,0.35,euler_secondary,0.15463021931652965,0.0390625,256,6.670832032063167,True,100
10123608506835175849,0.35,quotient_exact,0.004341080578072809,0.171875,256,5.766543826234463,False,101
10123608506835175849,0.35,raw_coordinates,0.519839826944364,0.0078125,256,12.97067547465638,True,101
10123608506835175849,0.35,moment_registration,0.0044228779651940275,0.0546875,256,3.1768561508611275,False,101
10123608506835175849,0.35,euler_secondary,-0.028201087341198416,0.6796875,256,2.23606797749979,False,101
8627732596894732069,0.35,quotient_exact,-0.06452604570320597,0.1640625,256,7.013964142494915,False,102
8627732596894732069,0.35,raw_coordinates,0.4313140225003279,0.0078125,256,12.64104363433081,True,102
8627732596894732069,0.35,moment_registration,-0.07103874177480152,0.046875,256,4.446199078130554,True,102
8627732596894732069,0.35,euler_secondary,0.10446096929915583,0.0703125,256,3.9370039370059056,False,102
2194789128347800951,0.35,quotient_exact,-0.0843008070379847,0.8515625,256,7.01970883887576,False,103
2194789128347800951,0.35,raw_coordinates,0.4499215717794707,0.0078125,256,12.625476871532394,True,103
2194789128347800951,0.35,moment_registration,-0.06597901477264279,0.0625,256,4.571637194856739,False,103
2194789128347800951,0.35,euler_secondary,-0.04830007606780251,0.90625,256,2.345207879911715,False,103
14309387414841464446,0.35,quotient_exact,-0.04453398719408019,0.015625,256,7.311705515735423,True,104
14309387414841464446,0.35,raw_coordinates,0.4599545105807677,0.0078125,256,12.635382307549177,True,104
14309387414841464446,0.35,moment_registration,-0.062142158571567574,0.015625,256,4.76377355594193,True,104
14309387414841464446,0.35,euler_secondary,0.09089507758529591,0.1015625,256,6.614378277661476,False,104
1732228846062198613,0.35,quotient_exact,-0.03952146200480511,0.40625,256,6.551362354665073,False,105
1732228846062198613,0.35,raw_coordinates,0.5356010577310333,0.0078125,256,13.830285380516038,True,105
1732228846062198613,0.35,moment_registration,-0.06856652124866502,0.3125,256,4.032503584454695,False,105
1732228846062198613,0.35,euler_secondary,0.010281776429472256,0.140625,256,6.689544080129826,False,105
8224654256935303651,0.35,quotient_exact,-0.04039930497098343,0.0234375,256,6.857154786179427,True,106
8224654256935303651,0.35,raw_coordinates,0.49128590167388975,0.0078125,256,12.764683207468515,True,106
8224654256935303651,0.35,moment_registration,-0.06992363339375862,0.171875,256,4.408513083955599,False,106
8224654256935303651,0.35,euler_secondary,-0.0456130316547414,0.5703125,256,6.708203932499369,False,106
9158037892643223682,0.35,quotient_exact,-0.03379871579412608,0.0078125,256,6.930204512747675,True,107
9158037892643223682,0.35,raw_coordinates,0.5701841336711875,0.0078125,256,13.357025061663974,True,107
9158037892643223682,0.35,moment_registration,-0.04713100222806044,0.0234375,256,3.9378740646210955,True,107
9158037892643223682,0.35,euler_secondary,-0.019121692427020776,0.4296875,256,3.1622776601683795,False,107
6563256777099644806,0.35,quotient_exact,-0.06900823142779322,0.71875,256,6.622058859451692,False,108
6563256777099644806,0.35,raw_coordinates,0.4974560395002694,0.0078125,256,12.113574786927755,True,108
6563256777099644806,0.35,moment_registration,-0.06568258982312813,0.5625,256,3.6328508714750436,False,108
6563256777099644806,0.35,euler_secondary,-0.00568255726735567,0.4140625,256,2.5495097567963922,False,108
10799361288904042763,0.35,quotient_exact,-0.050311845323315785,0.65625,256,6.428416854101952,False,109
10799361288904042763,0.35,raw_coordinates,0.4479756958826546,0.0078125,256,11.919860926160347,True,109
10799361288904042763,0.35,moment_registration,-0.05212228128615015,0.0859375,256,3.9862842666591027,False,109
10799361288904042763,0.35,euler_secondary,-0.004655001774286904,0.34375,256,3.082207001484488,False,109
13767406083781116894,0.35,quotient_exact,0.029594822610160665,0.0078125,256,5.930990614370456,True,110
13767406083781116894,0.35,raw_coordinates,0.47768615431116124,0.0078125,256,12.057858137419265,True,110
13767406083781116894,0.35,moment_registration,-0.036087450058228665,0.015625,256,3.172135837094232,True,110
13767406083781116894,0.35,euler_secondary,0.0732211375764058,0.0546875,256,3.605551275463989,False,110
9107992316649944462,0.35,quotient_exact,-0.012645801246807808,0.09375,256,6.654513341114324,False,111
9107992316649944462,0.35,raw_coordinates,0.5209652021628961,0.0078125,256,13.68543621602697,True,111
9107992316649944462,0.35,moment_registration,-0.04330355312142553,0.078125,256,3.568839794577869,False,111
9107992316649944462,0.35,euler_secondary,-0.04769960799074868,0.796875,256,3.5355339059327378,False,111
4551679449539796591,0.35,quotient_exact,-0.05846925945920978,0.140625,256,7.312164547311643,False,112
4551679449539796591,0.35,raw_coordinates,0.43683129888751726,0.0078125,256,11.837575194272024,True,112
4551679449539796591,0.35,moment_registration,-0.0696627389590535,0.0078125,256,4.0334058834708015,True,112
4551679449539796591,0.35,euler_secondary,-0.014265768810033719,0.0859375,256,3.0,False,112
14077749849200904743,0.35,quotient_exact,-0.08058304725226528,0.1953125,256,7.562626605626219,False,113
14077749849200904743,0.35,raw_coordinates,0.48151246558338023,0.0078125,256,12.935312051487058,True,113
14077749849200904743,0.35,moment_registration,-0.08715754731318848,0.0078125,256,4.949055087375866,True,113
14077749849200904743,0.35,euler_secondary,-0.009206131951635443,0.390625,256,2.8284271247461903,False,113
8775591393071852775,0.35,quotient_exact,-0.06476788865118355,0.9140625,256,6.927257211919378,False,114
8775591393071852775,0.35,raw_coordinates,0.6120632466689607,0.0078125,256,12.578733724538882,True,114
8775591393071852775,0.35,moment_registration,-0.060397988621909926,0.3046875,256,4.514364830052839,False,114
8775591393071852775,0.35,euler_secondary,0.02108657626856203,0.1171875,256,3.7080992435478315,False,114
8288373775291194926,0.35,quotient_exact,-0.05991244366969284,0.0078125,256,7.2868437852290775,True,115
8288373775291194926,0.35,raw_coordinates,0.5107259649834259,0.0078125,256,12.586711993101863,True,115
8288373775291194926,0.35,moment_registration,-0.0667980424148108,0.0078125,256,4.774037630662458,True,115
8288373775291194926,0.35,euler_secondary,-0.02753849734618341,0.2890625,256,6.819090848492928,False,115
17774871625728877132,0.35,quotient_exact,-0.02812264591560054,0.125,256,6.4212347456389605,False,116
17774871625728877132,0.35,raw_coordinates,0.46935388119235666,0.0078125,256,12.9669345165532,True,116
17774871625728877132,0.35,moment_registration,-0.02085582281640941,0.015625,256,3.4590364642968,True,116
17774871625728877132,0.35,euler_secondary,0.003801913684518987,0.1640625,256,2.1213203435596424,False,116
11884979959572388800,0.35,quotient_exact,-0.08346822776373941,0.6953125,256,7.260977012572149,False,117
11884979959572388800,0.35,raw_coordinates,0.469885632415608,0.0078125,256,13.555150679721303,True,117
11884979959572388800,0.35,moment_registration,-0.07043155196978401,0.1875,256,4.696114584246687,False,117
11884979959572388800,0.35,euler_secondary,0.0019482680629725468,0.1328125,256,2.0,False,117
5146189678410731585,0.35,quotient_exact,-0.07394807118560887,0.71875,256,7.604960275752347,False,118
5146189678410731585,0.35,raw_coordinates,0.3713043353543084,0.0078125,256,13.420584588936263,True,118
5146189678410731585,0.35,moment_registration,-0.08396433551674731,0.2578125,256,4.907766113814272,False,118
5146189678410731585,0.35,euler_secondary,0.13828299446627024,0.1171875,256,4.527692569068709,False,118
7204772260494330395,0.35,quotient_exact,-0.05154544175567233,0.3046875,256,6.939599832339432,False,119
7204772260494330395,0.35,raw_coordinates,0.4863421579181376,0.0078125,256,12.018842259658188,True,119
7204772260494330395,0.35,moment_registration,-0.07385005977048664,0.21875,256,4.0440049866963665,False,119
7204772260494330395,0.35,euler_secondary,-0.027321171482621476,0.5703125,256,4.06201920231798,False,119
1773623886128684304,0.35,quotient_exact,-0.059312556174659914,0.25,256,7.123512620142431,False,120
1773623886128684304,0.35,raw_coordinates,0.5781632530202019,0.0078125,256,13.0728989293784,True,120
1773623886128684304,0.35,moment_registration,-0.055048926976458135,0.0234375,256,3.9519680818018226,True,120
1773623886128684304,0.35,euler_secondary,0.06972837348787064,0.1328125,256,6.782329983125268,False,120
10811940658602357205,0.35,quotient_exact,-0.04154778300936679,0.03125,256,6.403996829689878,True,121
10811940658602357205,0.35,raw_coordinates,0.4600590565721856,0.0078125,256,12.98237436772957,True,121
10811940658602357205,0.35,moment_registration,-0.02711107632476084,0.0078125,256,3.8278332849166046,True,121
10811940658602357205,0.35,euler_secondary,0.14595570308966044,0.078125,256,6.855654600401044,False,121
4736188376973716478,0.35,quotient_exact,-0.07813332681692287,0.734375,256,6.857293837009933,False,122
4736188376973716478,0.35,raw_coordinates,0.4544214827376324,0.0078125,256,11.818428661946653,True,122
4736188376973716478,0.35,moment_registration,-0.07067502916387924,0.21875,256,4.57378539599534,False,122
4736188376973716478,0.35,euler_secondary,0.01906331913457726,0.28125,256,3.082207001484488,False,122
576097318797525120,0.35,quotient_exact,-0.023033122498895553,0.171875,256,6.668055143029814,False,123
576097318797525120,0.35,raw_coordinates,0.5876275442701592,0.0078125,256,13.382877511859595,True,123
576097318797525120,0.35,moment_registration,-0.04114601643572713,0.0859375,256,3.9138754087435754,False,123
576097318797525120,0.35,euler_secondary,-0.008536410272851347,0.125,256,3.0,False,123
15715965153902118830,0.35,quotient_exact,-0.055543464835077105,0.3828125,256,6.764309954409542,False,124
15715965153902118830,0.35,raw_coordinates,0.5761889037323711,0.0078125,256,12.827193009198563,True,124
15715965153902118830,0.35,moment_registration,-0.03785353884042897,0.0078125,256,4.052641520434824,True,124
15715965153902118830,0.35,euler_secondary,0.027875924653435358,0.0703125,256,2.345207879911715,False,124
16775383551280492548,0.35,quotient_exact,-0.017585068331045783,0.1640625,256,6.313778969001667,False,125
16775383551280492548,0.35,raw_coordinates,0.5573279863119684,0.0078125,256,13.20589760058126,True,125
16775383551280492548,0.35,moment_registration,-0.0017391975414700056,0.0703125,256,3.6100947773570806,False,125
16775383551280492548,0.35,euler_secondary,0.016793698789072553,0.296875,256,2.345207879911715,False,125
4171210077393551380,0.35,quotient_exact,-0.028469398411834823,0.1953125,256,6.75732013247261,False,126
4171210077393551380,0.35,raw_coordinates,0.5422812666724639,0.0078125,256,13.419761240360708,True,126
4171210077393551380,0.35,moment_registration,-0.04245454363714252,0.015625,256,4.192233090207313,True,126
4171210077393551380,0.35,euler_secondary,0.07234122820722899,0.1328125,256,3.3166247903554,False,126
7334734643570749101,0.35,quotient_exact,-0.045231314125599,0.1328125,256,7.288189901482169,False,127
7334734643570749101,0.35,raw_coordinates,0.49216477840775386,0.0078125,256,11.811424573216593,True,127
7334734643570749101,0.35,moment_registration,-0.0692010089969135,0.15625,256,4.5192927844391795,False,127
7334734643570749101,0.35,euler_secondary,-0.05008314211885112,0.8671875,256,2.449489742783178,False,127
4281574071210830506,0.35,quotient_exact,-0.024931327343259868,0.25,256,6.281135776310234,False,128
4281574071210830506,0.35,raw_coordinates,0.6086778647714204,0.0078125,256,13.570589481001457,True,128
4281574071210830506,0.35,moment_registration,0.006498593861005486,0.03125,256,3.248218466667862,True,128
4281574071210830506,0.35,euler_secondary,0.10293109726574845,0.0078125,256,6.689544080129826,True,128
9692835181213527228,0.35,quotient_exact,-0.05208549530686901,0.203125,256,6.748783688467529,False,129
9692835181213527228,0.35,raw_coordinates,0.5446381132147412,0.0078125,256,11.780540827667197,True,129
9692835181213527228,0.35,moment_registration,-0.06379053015818559,0.0546875,256,3.6985487124697856,False,129
9692835181213527228,0.35,euler_secondary,-0.02281216550592835,0.0390625,256,6.7638746292343415,True,129
15622242614951368470,0.35,quotient_exact,-0.04413269452472446,0.1875,256,7.539256698819727,False,130
15622242614951368470,0.35,raw_coordinates,0.4323637327424833,0.0078125,256,13.493031332806861,True,130
15622242614951368470,0.35,moment_registration,-0.06390857007291573,0.0625,256,4.728191132767967,False,130
15622242614951368470,0.35,euler_secondary,0.04452573693548434,0.1875,256,6.557438524302,False,130
13686633758027411321,0.35,quotient_exact,-0.0171760602353892,0.0546875,256,6.675561167450061,False,131
13686633758027411321,0.35,raw_coordinates,0.586169103347301,0.0078125,256,12.702700296262783,True,131
13686633758027411321,0.35,moment_registration,0.00797422166435946,0.0078125,256,3.8387275493585706,True,131
13686633758027411321,0.35,euler_secondary,0.032770411518269316,0.2109375,256,3.8078865529319543,False,131
858543393783411382,0.35,quotient_exact,-0.0717080917601669,0.65625,256,7.424750491599963,False,132
858543393783411382,0.35,raw_coordinates,0.3848099752157472,0.0078125,256,12.527948979190437,True,132
858543393783411382,0.35,moment_registration,-0.09019161062942438,0.2421875,256,4.819353115238578,False,132
858543393783411382,0.35,euler_secondary,-0.05427581922132252,0.96875,256,2.958039891549808,False,132
4360752790389825086,0.35,quotient_exact,-0.0640071589040333,0.515625,256,7.0978008214277635,False,133
4360752790389825086,0.35,raw_coordinates,0.5658057037863553,0.0078125,256,13.717414846118233,True,133
4360752790389825086,0.35,moment_registration,-0.05903648699444297,0.015625,256,4.365777432870873,True,133
4360752790389825086,0.35,euler_secondary,-0.04515723238864078,0.9375,256,2.345207879911715,False,133
6804666852287507874,0.35,quotient_exact,0.002348286105838593,0.0078125,256,7.085740034474071,True,134
6804666852287507874,0.35,raw_coordinates,0.5035103772255869,0.0078125,256,13.096641590557866,True,134
6804666852287507874,0.35,moment_registration,0.011306462214391577,0.0078125,256,4.3791277821555585,True,134
6804666852287507874,0.35,euler_secondary,0.07047870055785443,0.0078125,256,2.7386127875258306,True,134
847027299366031188,0.35,quotient_exact,-0.03341595791120611,0.0234375,256,7.332523515019559,True,135
847027299366031188,0.35,raw_coordinates,0.4444481654658441,0.0078125,256,13.094974059188546,True,135
847027299366031188,0.35,moment_registration,-0.0390427772292089,0.0078125,256,4.386593675453435,True,135
847027299366031188,0.35,euler_secondary,0.21668315794915416,0.015625,256,6.652067347825035,True,135
10198331831275246749,0.35,quotient_exact,-0.048271276927122186,0.140625,256,7.376122388148761,False,136
10198331831275246749,0.35,raw_coordinates,0.37597735923322306,0.0078125,256,12.985677304149336,True,136
10198331831275246749,0.35,moment_registration,-0.07685172812978114,0.328125,256,5.085269980889574,False,136
10198331831275246749,0.35,euler_secondary,-0.06045814038555308,0.9453125,256,7.681145747868608,False,136
12280774377956021469,0.35,quotient_exact,-0.06275861909378411,0.75,256,6.369503535587957,False,137
12280774377956021469,0.35,raw_coordinates,0.5188339338489583,0.0078125,256,12.096497224263842,True,137
12280774377956021469,0.35,moment_registration,-0.056277058802212565,0.0078125,256,3.5303746908388507,True,137
12280774377956021469,0.35,euler_secondary,-0.028315712120063452,0.6953125,256,3.082207001484488,False,137
14222962542396219137,0.35,quotient_exact,-0.003070680261912262,0.078125,256,5.849307022816125,False,138
14222962542396219137,0.35,raw_coordinates,0.5623357714397053,0.0078125,256,12.594780466022335,True,138
14222962542396219137,0.35,moment_registration,0.01638102005868025,0.03125,256,2.882369682610756,True,138
14222962542396219137,0.35,euler_secondary,-0.011547399103612244,0.3984375,256,2.958039891549808,False,138
4924620849483473999,0.35,quotient_exact,-0.040071003962141916,0.0078125,256,6.803751960156609,True,139
4924620849483473999,0.35,raw_coordinates,0.4109520279294572,0.0078125,256,12.291502415312648,True,139
4924620849483473999,0.35,moment_registration,-0.04524204139972521,0.0078125,256,4.142627885443817,True,139
4924620849483473999,0.35,euler_secondary,0.010270458004679961,0.171875,256,6.819090848492928,False,139
14328146856133257809,0.35,quotient_exact,-0.05630556771589457,0.359375,256,7.5711270054667965,False,140
14328146856133257809,0.35,raw_coordinates,0.5634543993836558,0.0078125,256,13.658830965362126,True,140
14328146856133257809,0.35,moment_registration,-0.06985980404485959,0.0234375,256,5.101152301487458,True,140
14328146856133257809,0.35,euler_secondary,-0.025526209690260426,0.46875,256,6.708203932499369,False,140
15247707740913437512,0.35,quotient_exact,-0.06438988102443288,0.4453125,256,6.951311084301964,False,141
15247707740913437512,0.35,raw_coordinates,0.5157181513466347,0.0078125,256,13.271880681341557,True,141
15247707740913437512,0.35,moment_registration,-0.07488937248597316,0.09375,256,4.437800422892975,False,141
15247707740913437512,0.35,euler_secondary,0.03942359557350139,0.15625,256,2.449489742783178,False,141
13684698720337452343,0.35,quotient_exact,-0.02935747222918772,0.0703125,256,6.6053901544153595,False,142
13684698720337452343,0.35,raw_coordinates,0.5710368647454983,0.0078125,256,12.793509047693556,True,142
13684698720337452343,0.35,moment_registration,-0.06037851630938307,0.046875,256,3.8918798797127323,True,142
13684698720337452343,0.35,euler_secondary,-0.03733814748977593,0.9296875,256,2.5495097567963922,False,142
3186915527731236381,0.35,quotient_exact,-0.06944664684537427,0.640625,256,7.834983760170826,False,143
3186915527731236381,0.35,raw_coordinates,0.5915253797342569,0.0078125,256,13.22716172686721,True,143
3186915527731236381,0.35,moment_registration,-0.0656118515483245,0.21875,256,4.7764208107209924,False,143
3186915527731236381,0.35,euler_secondary,0.03991979580318428,0.078125,256,2.9154759474226504,False,143
15540924332624304752,0.35,quotient_exact,-0.05192867148332614,0.1015625,256,7.022422968062546,False,144
15540924332624304752,0.35,raw_coordinates,0.43383739092651663,0.0078125,256,12.93872595163082,True,144
15540924332624304752,0.35,moment_registration,-0.06167493708083405,0.015625,256,3.7797789586029538,True,144
15540924332624304752,0.35,euler_secondary,0.2271352658233048,0.015625,256,6.745368781616021,True,144
9195209834442545960,0.35,quotient_exact,-0.06884656497159614,0.3828125,256,6.9773034522292985,False,145
9195209834442545960,0.35,raw_coordinates,0.5526374798051689,0.0078125,256,12.649714042510467,True,145
9195209834442545960,0.35,moment_registration,-0.0621740601538916,0.015625,256,4.077268046820633,True,145
9195209834442545960,0.35,euler_secondary,-0.016324085004244093,0.4921875,256,6.819090848492928,False,145
4039050523184678739,0.35,quotient_exact,-0.034773313470351175,0.15625,256,6.5431624516737745,False,146
4039050523184678739,0.35,raw_coordinates,0.508996824569768,0.0078125,256,12.780733368060334,True,146
4039050523184678739,0.35,moment_registration,-0.024536831794790936,0.015625,256,3.6623116470708084,True,146
4039050523184678739,0.35,euler_secondary,0.02954513709254769,0.3515625,256,6.837397165588672,False,146
6303809008324432301,0.35,quotient_exact,-0.04041287087797962,0.078125,256,6.256695473288574,False,147
6303809008324432301,0.35,raw_coordinates,0.6444486076257391,0.0078125,256,12.851277263933484,True,147
6303809008324432301,0.35,moment_registration,-0.046843109343016165,0.1328125,256,3.4821670002368785,False,147
6303809008324432301,0.35,euler_secondary,0.04485446561687323,0.2734375,256,6.59545297913646,False,147
9361996982278120475,0.35,quotient_exact,-0.05590735523989354,0.1171875,256,6.629835016845474,False,148
9361996982278120475,0.35,raw_coordinates,0.528331465450183,0.0078125,256,12.756815204719384,True,148
9361996982278120475,0.35,moment_registration,-0.04514045348450357,0.0078125,256,3.819918975666004,True,148
9361996982278120475,0.35,euler_secondary,0.037318052334025076,0.0546875,256,6.96419413859206,False,148
7440283789882029855,0.35,quotient_exact,-0.03616082546305732,0.4765625,256,6.44830496444822,False,149
7440283789882029855,0.35,raw_coordinates,0.5837633226360641,0.0078125,256,12.718808552835753,True,149
7440283789882029855,0.35,moment_registration,-0.04517994572988404,0.0625,256,3.6461174087587187,False,149
7440283789882029855,0.35,euler_secondary,-0.010030046576886109,0.53125,256,6.928203230275509,False,149
9516610235382718435,0.35,quotient_exact,-0.05495927419026703,0.3671875,256,6.490255218469074,False,150
9516610235382718435,0.35,raw_coordinates,0.5343967406108845,0.0078125,256,11.95460114228183,True,150
9516610235382718435,0.35,moment_registration,-0.06890958015550819,0.125,256,4.3100364176630395,False,150
9516610235382718435,0.35,euler_secondary,0.04886587360184558,0.15625,256,2.958039891549808,False,150
3603163225265896992,0.35,quotient_exact,-0.05010325515803549,0.3984375,256,6.71480964681861,False,151
3603163225265896992,0.35,raw_coordinates,0.6787952341980765,0.0078125,256,14.008901733947825,True,151
3603163225265896992,0.35,moment_registration,-0.028757256749773252,0.1640625,256,3.816584551474385,False,151
3603163225265896992,0.35,euler_secondary,0.0076247191799156955,0.1953125,256,2.345207879911715,False,151
4794885469318519228,0.35,quotient_exact,-0.06854517658447645,0.5859375,256,7.35532456032791,False,152
4794885469318519228,0.35,raw_coordinates,0.5177389746924416,0.0078125,256,12.834179250310616,True,152
4794885469318519228,0.35,moment_registration,-0.07912151982372206,0.3515625,256,4.6539224224888525,False,152
4794885469318519228,0.35,euler_secondary,0.009822658398869866,0.34375,256,3.122498999199199,False,152
6310883467571300355,0.35,quotient_exact,-0.04491095163155068,0.3359375,256,6.717349925563833,False,153
6310883467571300355,0.35,raw_coordinates,0.3962216974180991,0.0078125,256,12.23194246459902,True,153
6310883467571300355,0.35,moment_registration,-0.056219016596170346,0.1328125,256,4.189902111414319,False,153
6310883467571300355,0.35,euler_secondary,0.10168723820105574,0.09375,256,3.3166247903554,False,153
7369419663027426369,0.35,quotient_exact,-0.020337791629138624,0.0546875,256,6.9109310371162564,False,154
7369419663027426369,0.35,raw_coordinates,0.3373000168778818,0.0078125,256,13.22032002501891,True,154
7369419663027426369,0.35,moment_registration,-0.019775779110253078,0.0078125,256,4.19616282719686,True,154
7369419663027426369,0.35,euler_secondary,0.1264769928764533,0.0234375,256,2.6457513110645907,True,154
1156047438517932927,0.35,quotient_exact,-0.05858940315599359,0.6015625,256,5.924585174591641,False,155
1156047438517932927,0.35,raw_coordinates,0.4573855017837606,0.0078125,256,12.090980114199004,True,155
1156047438517932927,0.35,moment_registration,-0.04089763497308263,0.015625,256,3.639535875045287,True,155
1156047438517932927,0.35,euler_secondary,0.011009441719103119,0.34375,256,3.0413812651491097,False,155
3129590061682356826,0.35,quotient_exact,-0.028660167258611202,0.03125,256,7.998143776914078,True,156
3129590061682356826,0.35,raw_coordinates,0.4663879883956672,0.0078125,256,13.336609855400916,True,156
3129590061682356826,0.35,moment_registration,-0.08029025595255357,0.0078125,256,4.8313491993808215,True,156
3129590061682356826,0.35,euler_secondary,0.019061661500524574,0.421875,256,6.96419413859206,False,156
9153115530039591041,0.35,quotient_exact,-0.06545728209608948,0.3125,256,6.825803591955127,False,157
9153115530039591041,0.35,raw_coordinates,0.48558741815325734,0.0078125,256,13.428052242580923,True,157
9153115530039591041,0.35,moment_registration,-0.06238216853507228,0.0078125,256,3.943249005758592,True,157
9153115530039591041,0.35,euler_secondary,-0.03360808890492284,0.2109375,256,2.449489742783178,False,157
6664552473034321244,0.35,quotient_exact,-0.04069163028043221,0.109375,256,6.452919632238737,False,158
6664552473034321244,0.35,raw_coordinates,0.5147800636256559,0.0078125,256,13.524926764608706,True,158
6664552473034321244,0.35,moment_registration,-0.035427646451334116,0.0078125,256,3.7367910150665726,True,158
6664552473034321244,0.35,euler_secondary,0.1007960803002721,0.1015625,256,3.7080992435478315,False,158
508592551398870875,0.35,quotient_exact,-0.03930678493120299,0.1484375,256,6.3982959998463595,False,159
508592551398870875,0.35,raw_coordinates,0.5457258609531361,0.0078125,256,12.066875875420813,True,159
508592551398870875,0.35,moment_registration,-0.05184269705976219,0.2109375,256,3.849876652143696,False,159
508592551398870875,0.35,euler_secondary,-0.02735900048426554,0.5625,256,3.905124837953327,False,159
684978713174273124,0.35,quotient_exact,-0.04818520914025548,0.2578125,256,7.0987381256982,False,160
684978713174273124,0.35,raw_coordinates,0.5262048134450991,0.0078125,256,12.971459016519367,True,160
684978713174273124,0.35,moment_registration,-0.05477892313192778,0.0078125,256,4.5482142180271765,True,160
684978713174273124,0.35,euler_secondary,0.007611795435282009,0.2109375,256,3.391164991562634,False,160
17855898366102435211,0.35,quotient_exact,-0.04560355681927686,0.484375,256,7.1393814948431915,False,161
17855898366102435211,0.35,raw_coordinates,0.5160646540870961,0.0078125,256,13.854367072486712,True,161
17855898366102435211,0.35,moment_registration,-0.0612199880251344,0.015625,256,4.5489174650655055,True,161
17855898366102435211,0.35,euler_secondary,-0.04916380077575011,0.78125,256,2.8284271247461903,False,161
1848335181043400964,0.35,quotient_exact,0.005965664561370376,0.125,256,6.443066440908669,False,162
1848335181043400964,0.35,raw_coordinates,0.6543573072950103,0.0078125,256,13.593845967205972,True,162
1848335181043400964,0.35,moment_registration,-0.0055933816651327906,0.1875,256,3.5072085750124766,False,162
1848335181043400964,0.35,euler_secondary,0.08743678880230243,0.0078125,256,2.23606797749979,True,162
13533526468876007750,0.35,quotient_exact,-0.04844611316327807,0.671875,256,6.880809771907767,False,163
13533526468876007750,0.35,raw_coordinates,0.4477511103418651,0.0078125,256,13.000446671036025,True,163
13533526468876007750,0.35,moment_registration,-0.052403056232307677,0.09375,256,4.268533018476819,False,163
13533526468876007750,0.35,euler_secondary,0.22056241445369418,0.0078125,256,6.576473218982953,True,163
12707518481909020979,0.35,quotient_exact,-0.0544802230583612,0.265625,256,6.702671150615745,False,164
12707518481909020979,0.35,raw_coordinates,0.5775925638167256,0.0078125,256,12.69281895085032,True,164
12707518481909020979,0.35,moment_registration,-0.032719660966949116,0.0078125,256,4.030745087988982,True,164
12707518481909020979,0.35,euler_secondary,0.00023779193557094125,0.25,256,6.910137480542627,False,164
17239836626126156896,0.35,quotient_exact,-0.036454091140281975,0.2734375,256,6.659780973203284,False,165
17239836626126156896,0.35,raw_coordinates,0.5565675734705802,0.0078125,256,13.419246685653194,True,165
17239836626126156896,0.35,moment_registration,-0.027187311558350524,0.046875,256,3.7605871103051443,True,165
17239836626126156896,0.35,euler_secondary,0.08590565420839624,0.0703125,256,2.9154759474226504,False,165
9929925225734301479,0.35,quotient_exact,-0.03062555221393959,0.421875,256,6.3197081119819005,False,166
9929925225734301479,0.35,raw_coordinates,0.4344853479037458,0.0078125,256,12.20963093395466,True,166
9929925225734301479,0.35,moment_registration,-0.04338203616917058,0.40625,256,3.610314684098346,False,166
9929925225734301479,0.35,euler_secondary,-0.01862120911208187,0.5,256,2.0,False,166
13917852030803790963,0.35,quotient_exact,-0.03052449758810072,0.03125,256,7.060578699669783,True,167
13917852030803790963,0.35,raw_coordinates,0.43880351007742857,0.0078125,256,12.739907019469083,True,167
13917852030803790963,0.35,moment_registration,-0.06052198688344257,0.015625,256,4.071967075808448,True,167
13917852030803790963,0.35,euler_secondary,0.010043121901779473,0.140625,256,2.7386127875258306,False,167
17819327398303873801,0.35,quotient_exact,-0.0377402624083214,0.3203125,256,5.973087334536778,False,168
17819327398303873801,0.35,raw_coordinates,0.4806270607136176,0.0078125,256,13.047901236379348,True,168
17819327398303873801,0.35,moment_registration,-0.008127399278610725,0.09375,256,3.3850203339592753,False,168
17819327398303873801,0.35,euler_secondary,-0.04722127138874943,0.546875,256,6.726812023536855,False,168
12765529416973004577,0.35,quotient_exact,-0.05779570214591179,0.34375,256,7.606447193048483,False,169
12765529416973004577,0.35,raw_coordinates,0.5718510501143662,0.0078125,256,13.663165199531129,True,169
12765529416973004577,0.35,moment_registration,-0.06607060981593649,0.046875,256,4.608907804800323,True,169
12765529416973004577,0.35,euler_secondary,0.14000381085318014,0.0078125,256,2.5495097567963922,True,169
18292055740035771423,0.35,quotient_exact,-0.02449062464600804,0.0546875,256,7.209174337228423,False,170
18292055740035771423,0.35,raw_coordinates,0.4393011773918062,0.0078125,256,13.595789405455765,True,170
18292055740035771423,0.35,moment_registration,-0.051258489097745885,0.0078125,256,4.5002773614853755,True,170
18292055740035771423,0.35,euler_secondary,0.01097832371932106,0.0390625,256,2.3979157616563596,True,170
4339017457947994542,0.35,quotient_exact,-0.041888778528436865,0.1171875,256,6.895620613081245,False,171
4339017457947994542,0.35,raw_coordinates,0.4823093079689139,0.0078125,256,12.450448091582135,True,171
4339017457947994542,0.35,moment_registration,-0.0683176932101931,0.2578125,256,4.224206301011353,False,171
4339017457947994542,0.35,euler_secondary,0.014362026345646539,0.328125,256,2.449489742783178,False,171
9987053272196841160,0.35,quotient_exact,-0.06698745522577831,0.53125,256,7.935859522138447,False,172
9987053272196841160,0.35,raw_coordinates,0.48005990072409166,0.0078125,256,12.660681436597427,True,172
9987053272196841160,0.35,moment_registration,-0.09233581632418197,0.015625,256,4.981869991873305,True,172
9987053272196841160,0.35,euler_secondary,0.014350845487385855,0.1640625,256,2.8284271247461903,False,172
3462541025688713367,0.35,quotient_exact,-0.07198305161254559,0.4296875,256,6.778916511302724,False,173
3462541025688713367,0.35,raw_coordinates,0.5216896226985902,0.0078125,256,12.078004086255163,True,173
3462541025688713367,0.35,moment_registration,-0.06869201543875203,0.0078125,256,4.044932767300415,True,173
3462541025688713367,0.35,euler_secondary,0.11277926106152558,0.015625,256,2.7838821814150108,True,173
2551115844131746917,0.35,quotient_exact,-0.038510902871006114,0.21875,256,6.936471148273459,False,174
2551115844131746917,0.35,raw_coordinates,0.6242452249719014,0.0078125,256,13.671048180683695,True,174
2551115844131746917,0.35,moment_registration,-0.035698316448854794,0.015625,256,4.075122261587708,True,174
2551115844131746917,0.35,euler_secondary,0.02500566519699432,0.21875,256,2.23606797749979,False,174
14492723734996232986,0.35,quotient_exact,-0.019964917831880813,0.1484375,256,6.895819133430173,False,175
14492723734996232986,0.35,raw_coordinates,0.5199182197877643,0.0078125,256,13.278480715575514,True,175
14492723734996232986,0.35,moment_registration,-0.016539855805997816,0.0390625,256,4.1100916706591555,True,175
14492723734996232986,0.35,euler_secondary,-0.007767292960113137,0.6015625,256,1.7320508075688772,False,175
7977185311716221292,0.35,quotient_exact,-0.04890245386976644,0.2578125,256,7.186881643150114,False,176
7977185311716221292,0.35,raw_coordinates,0.6191300935843769,0.0078125,256,12.653102897395735,True,176
7977185311716221292,0.35,moment_registration,-0.07716056755753209,0.125,256,4.537703256574349,False,176
7977185311716221292,0.35,euler_secondary,-0.03144932175983295,0.625,256,4.415880433163924,False,176
4280489421786267632,0.35,quotient_exact,-0.05726653643341362,0.1328125,256,7.258291700812346,False,177
4280489421786267632,0.35,raw_coordinates,0.4150464143221123,0.0078125,256,12.499336915663102,True,177
4280489421786267632,0.35,moment_registration,-0.06319375229017965,0.0234375,256,4.546331305556614,True,177
4280489421786267632,0.35,euler_secondary,0.05564082595188968,0.09375,256,6.670832032063167,False,177
12113890481185673555,0.35,quotient_exact,-0.053725450005387976,0.5625,256,6.915245608450779,False,178
12113890481185673555,0.35,raw_coordinates,0.47047588298455023,0.0078125,256,13.277401692438627,True,178
12113890481185673555,0.35,moment_registration,-0.04799399711032204,0.0625,256,4.2219680910681205,False,178
12113890481185673555,0.35,euler_secondary,-0.011959535343244565,0.3828125,256,2.598076211353316,False,178
9846639125585493384,0.35,quotient_exact,-0.046358825240748636,0.1328125,256,6.425902629523831,False,179
9846639125585493384,0.35,raw_coordinates,0.4730231918857817,0.0078125,256,12.524954766631609,True,179
9846639125585493384,0.35,moment_registration,-0.047786880109346286,0.0078125,256,3.494242069587168,True,179
9846639125585493384,0.35,euler_secondary,0.015720640598109736,0.3515625,256,2.6457513110645907,False,179
14545536179361029898,0.35,quotient_exact,-0.07949100840245205,0.28125,256,7.219423281893165,False,180
14545536179361029898,0.35,raw_coordinates,0.51726419803041,0.0078125,256,12.29026025787021,True,180
14545536179361029898,0.35,moment_registration,-0.0988013568193884,0.0078125,256,4.878152916406659,True,180
14545536179361029898,0.35,euler_secondary,0.02557929359735922,0.1484375,256,3.1622776601683795,False,180
10950616546871870652,0.35,quotient_exact,-0.056281644522159224,0.609375,256,6.883323143703906,False,181
10950616546871870652,0.35,raw_coordinates,0.5028616480395274,0.0078125,256,12.756964082190105,True,181
10950616546871870652,0.35,moment_registration,-0.043640266619447976,0.03125,256,3.8848032456380257,True,181
10950616546871870652,0.35,euler_secondary,-0.00864884608477079,0.3203125,256,2.0,False,181
14895824731960530569,0.35,quotient_exact,-0.02079830905276059,0.3671875,256,6.773890540745793,False,182
14895824731960530569,0.35,raw_coordinates,0.5403042799857202,0.0078125,256,13.397524632424522,True,182
14895824731960530569,0.35,moment_registration,-0.007357395690673396,0.0234375,256,3.8409073155485007,True,182
14895824731960530569,0.35,euler_secondary,0.05261511501594851,0.171875,256,3.24037034920393,False,182
3099040555836592790,0.35,quotient_exact,-0.05546366392051294,0.4140625,256,7.483453972782144,False,183
3099040555836592790,0.35,raw_coordinates,0.5002941897722536,0.0078125,256,12.647904282081718,True,183
3099040555836592790,0.35,moment_registration,-0.07361618097959788,0.2421875,256,4.289278885449609,False,183
3099040555836592790,0.35,euler_secondary,0.07819436040928063,0.0859375,256,4.47213595499958,False,183
12901096910524715389,0.35,quotient_exact,-0.04740194916873519,0.453125,256,6.0476394733025245,False,184
12901096910524715389,0.35,raw_coordinates,0.5040574468321453,0.0078125,256,12.103035039678126,True,184
12901096910524715389,0.35,moment_registration,-0.06552439385017994,0.0390625,256,3.4468860350776294,True,184
12901096910524715389,0.35,euler_secondary,0.09926157300336924,0.109375,256,3.427827300200522,False,184
4054334677211250461,0.35,quotient_exact,-0.03485256501008027,0.2578125,256,5.342625087814869,False,185
4054334677211250461,0.35,raw_coordinates,0.5488141141887755,0.0078125,256,12.258959075378115,True,185
4054334677211250461,0.35,moment_registration,0.0017598475330650176,0.0078125,256,2.953890903058336,True,185
4054334677211250461,0.35,euler_secondary,-0.007380932800604478,0.5625,256,1.8708286933869707,False,185
16405233186685499337,0.35,quotient_exact,-0.015985730851652336,0.1328125,256,6.946883323693236,False,186
16405233186685499337,0.35,raw_coordinates,0.5158356819296074,0.0078125,256,13.228019594034551,True,186
16405233186685499337,0.35,moment_registration,-0.06177888187372349,0.15625,256,4.276101187598265,False,186
16405233186685499337,0.35,euler_secondary,0.07629568895508954,0.1640625,256,6.782329983125268,False,186
4667072513376374729,0.35,quotient_exact,-0.056708148194546615,0.9140625,256,6.878880961991118,False,187
4667072513376374729,0.35,raw_coordinates,0.5626207308556948,0.0078125,256,13.508608039167736,True,187
4667072513376374729,0.35,moment_registration,-0.034999159193023655,0.1796875,256,3.876680959665653,False,187
4667072513376374729,0.35,euler_secondary,0.03569548798657474,0.265625,256,6.87386354243376,False,187
1856062923539821459,0.35,quotient_exact,-0.028341508872454346,0.0078125,256,6.898464398706881,True,188
1856062923539821459,0.35,raw_coordinates,0.5285868373433157,0.0078125,256,12.927812402048035,True,188
1856062923539821459,0.35,moment_registration,-0.07407230453629088,0.0859375,256,4.272420922611753,False,188
1856062923539821459,0.35,euler_secondary,0.12730167425651417,0.0859375,256,6.7638746292343415,False,188
8426671211175649902,0.35,quotient_exact,-0.07170610098997643,0.6328125,256,7.052557628362881,False,189
8426671211175649902,0.35,raw_coordinates,0.456821594228658,0.0078125,256,12.1141966874975,True,189
8426671211175649902,0.35,moment_registration,-0.08784705617032285,0.2109375,256,4.672963424416563,False,189
8426671211175649902,0.35,euler_secondary,0.07761638041875973,0.09375,256,2.8284271247461903,False,189
2688292936034756098,0.35,quotient_exact,-0.035193200157637605,0.0703125,256,6.732554943557276,False,190
2688292936034756098,0.35,raw_coordinates,0.5555045492859765,0.0078125,256,12.68548176918962,True,190
2688292936034756098,0.35,moment_registration,-0.014015648810792647,0.015625,256,3.953495169171221,True,190
2688292936034756098,0.35,euler_secondary,0.07571967356368892,0.15625,256,6.264982043070834,False,190
2449472416509304672,0.35,quotient_exact,-0.06224132049753184,0.6484375,256,6.568730370412831,False,191
2449472416509304672,0.35,raw_coordinates,0.4528620481034933,0.0078125,256,12.481794258608048,True,191
2449472416509304672,0.35,moment_registration,-0.06220675116217522,0.21875,256,3.9117240226828875,False,191
2449472416509304672,0.35,euler_secondary,-0.051099062250392624,0.828125,256,3.0413812651491097,False,191
10560345505325265168,0.35,quotient_exact,-0.07310864950681539,0.1484375,256,7.723096308118343,False,192
10560345505325265168,0.35,raw_coordinates,0.3959940257045538,0.0078125,256,12.284281698558493,True,192
10560345505325265168,0.35,moment_registration,-0.09107600849778597,0.0078125,256,4.001112023114462,True,192
10560345505325265168,0.35,euler_secondary,0.019591915110548364,0.046875,256,3.082207001484488,True,192
9544076262037315518,0.35,quotient_exact,-0.027733733130538507,0.09375,256,6.910072037844665,False,193
9544076262037315518,0.35,raw_coordinates,0.5040425478539967,0.0078125,256,13.017286394544096,True,193
9544076262037315518,0.35,moment_registration,-0.021275981452064552,0.015625,256,4.130367485068097,True,193
9544076262037315518,0.35,euler_secondary,0.01434552138607248,0.0625,256,2.23606797749979,False,193
4251723102978020270,0.35,quotient_exact,-0.055266042110839075,0.3203125,256,6.659827437055903,False,194
4251723102978020270,0.35,raw_coordinates,0.4276838538317884,0.0078125,256,12.595638515905687,True,194
4251723102978020270,0.35,moment_registration,-0.03793738451057549,0.0390625,256,4.013414274619737,True,194
4251723102978020270,0.35,euler_secondary,0.1177219956419131,0.046875,256,2.7386127875258306,True,194
12674781564819018432,0.35,quotient_exact,-0.042744408682909185,0.671875,256,6.34848143217662,False,195
12674781564819018432,0.35,raw_coordinates,0.48133769342013066,0.0078125,256,12.13614937440721,True,195
12674781564819018432,0.35,moment_registration,-0.049187404200754514,0.3046875,256,3.8073792878352983,False,195
12674781564819018432,0.35,euler_secondary,0.11249623848087864,0.0390625,256,3.3541019662496847,True,195
17651894320022651727,0.35,quotient_exact,-0.0488186410211956,0.0234375,256,6.44157120161511,True,196
17651894320022651727,0.35,raw_coordinates,0.43134090428405647,0.0078125,256,11.956169993137154,True,196
17651894320022651727,0.35,moment_registration,-0.0282209538761119,0.03125,256,3.474517648037366,True,196
17651894320022651727,0.35,euler_secondary,-0.06308081962184997,0.9296875,256,3.082207001484488,False,196
10511689444830496145,0.35,quotient_exact,-0.030204016497664132,0.0078125,256,7.202066703117465,True,197
10511689444830496145,0.35,raw_coordinates,0.4878381524043309,0.0078125,256,12.68373063016581,True,197
10511689444830496145,0.35,moment_registration,-0.06189099351799987,0.015625,256,4.5957113053193535,True,197
10511689444830496145,0.35,euler_secondary,0.014768307267256864,0.328125,256,6.726812023536855,False,197
2817907850807998001,0.35,quotient_exact,-0.040445807694260205,0.03125,256,7.3310316500124415,True,198
2817907850807998001,0.35,raw_coordinates,0.5267000776487403,0.0078125,256,12.393482105043566,True,198
2817907850807998001,0.35,moment_registration,-0.06194176724728018,0.0078125,256,4.548147462545487,True,198
2817907850807998001,0.35,euler_secondary,-0.05030339198617351,0.8828125,256,4.242640687119285,False,198
6182138443597366687,0.35,quotient_exact,-0.07123465697928144,0.2578125,256,7.285321454712671,False,199
6182138443597366687,0.35,raw_coordinates,0.5508762615668128,0.0078125,256,12.748420325915422,True,199
6182138443597366687,0.35,moment_registration,-0.08057339811994924,0.015625,256,4.8298871428941625,True,199
6182138443597366687,0.35,euler_secondary,-0.03465543567174856,0.625,256,6.708203932499369,False,199
584851354698922541,0.35,quotient_exact,-0.06889228581711782,0.5546875,256,7.028010587157893,False,200
584851354698922541,0.35,raw_coordinates,0.5069033628898199,0.0078125,256,13.277139063676225,True,200
584851354698922541,0.35,moment_registration,-0.08309107757268319,0.0625,256,4.583531305330259,False,200
584851354698922541,0.35,euler_secondary,-0.005417548752928436,0.1171875,256,3.0,False,200
5750971982015614718,0.35,quotient_exact,-0.04730022145960899,0.0234375,256,7.038536136629771,True,201
5750971982015614718,0.35,raw_coordinates,0.5923556247225237,0.0078125,256,12.869528269076666,True,201
5750971982015614718,0.35,moment_registration,-0.06371277878151438,0.0546875,256,4.630104462822734,False,201
5750971982015614718,0.35,euler_secondary,-0.021658895241889464,0.109375,256,2.449489742783178,False,201
2659952561037883597,0.35,quotient_exact,-0.05797535641320928,0.265625,256,7.507429332611469,False,202
2659952561037883597,0.35,raw_coordinates,0.47081414342878625,0.0078125,256,12.30986628179272,True,202
2659952561037883597,0.35,moment_registration,-0.06571593071973736,0.234375,256,4.437077398002778,False,202
2659952561037883597,0.35,euler_secondary,-0.03563151529476449,0.65625,256,3.968626966596886,False,202
11966405595041711961,0.35,quotient_exact,-0.02133893246602203,0.0625,256,6.858361563564441,False,203
11966405595041711961,0.35,raw_coordinates,0.515923266823912,0.0078125,256,12.604477555161973,True,203
11966405595041711961,0.35,moment_registration,-0.014408260541287188,0.0859375,256,4.160749783445725,False,203
11966405595041711961,0.35,euler_secondary,0.2065999401514773,0.0234375,256,6.782329983125268,True,203
2897251497568388476,0.35,quotient_exact,-0.05817283399261708,0.1875,256,6.431361994332366,False,204
2897251497568388476,0.35,raw_coordinates,0.5254541567678762,0.0078125,256,12.692568295743477,True,204
2897251497568388476,0.35,moment_registration,-0.06649002456603725,0.046875,256,3.6514116920616555,True,204
2897251497568388476,0.35,euler_secondary,0.16987778171093848,0.0390625,256,6.708203932499369,True,204
16066762299993689887,0.35,quotient_exact,0.02881060228368948,0.015625,256,6.953782111286233,True,205
16066762299993689887,0.35,raw_coordinates,0.40980741636448614,0.0078125,256,13.490780006957618,True,205
16066762299993689887,0.35,moment_registration,-0.004940445757803169,0.03125,256,4.091928194993287,True,205
16066762299993689887,0.35,euler_secondary,0.06002066261762917,0.0703125,256,2.598076211353316,False,205
10499504218240204835,0.35,quotient_exact,-0.04046393625452893,0.0390625,256,6.427594744905168,True,206
10499504218240204835,0.35,raw_coordinates,0.5364919433235018,0.0078125,256,13.73208552826195,True,206
10499504218240204835,0.35,moment_registration,-0.05652077037465786,0.0078125,256,3.760046749469386,True,206
10499504218240204835,0.35,euler_secondary,-0.02496479176526145,0.484375,256,2.692582403567252,False,206
5884731342452753359,0.35,quotient_exact,-0.042944038630113646,0.46875,256,6.905029340726027,False,207
5884731342452753359,0.35,raw_coordinates,0.5337731722769872,0.0078125,256,14.03303663920549,True,207
5884731342452753359,0.35,moment_registration,-0.050752268451334626,0.3671875,256,3.941144879386961,False,207
5884731342452753359,0.35,euler_secondary,0.06833891385703161,0.2265625,256,6.670832032063167,False,207
3343347499970207440,0.35,quotient_exact,-0.03636729112240422,0.3046875,256,7.365027680322915,False,208
3343347499970207440,0.35,raw_coordinates,0.4565892459588906,0.0078125,256,13.090124510631016,True,208
3343347499970207440,0.35,moment_registration,-0.05905362228704791,0.2265625,256,4.7331348697566975,False,208
3343347499970207440,0.35,euler_secondary,0.14848513012598286,0.046875,256,2.9154759474226504,True,208
14998371006098205951,0.35,quotient_exact,-0.019928730984898335,0.1953125,256,6.007861238511218,False,209
14998371006098205951,0.35,raw_coordinates,0.5010765321693396,0.0078125,256,12.71037859231074,True,209
14998371006098205951,0.35,moment_registration,-0.019633329074513872,0.0234375,256,3.437580483870355,True,209
14998371006098205951,0.35,euler_secondary,-0.012403970712606682,0.625,256,2.449489742783178,False,209
14206316964785596288,0.35,quotient_exact,-0.05833818891618314,0.109375,256,6.8865038973584,False,210
14206316964785596288,0.35,raw_coordinates,0.580054286784587,0.0078125,256,12.327712198403276,True,210
14206316964785596288,0.35,moment_registration,-0.06334284821394998,0.0078125,256,4.267914175082383,True,210
14206316964785596288,0.35,euler_secondary,0.020128860369584833,0.078125,256,2.8284271247461903,False,210
17481054174577634285,0.35,quotient_exact,-0.055895558027855285,0.6640625,256,6.482786979911196,False,211
17481054174577634285,0.35,raw_coordinates,0.4220195004863705,0.0078125,256,12.611247433086405,True,211
17481054174577634285,0.35,moment_registration,-0.05037358686763738,0.1640625,256,3.402057482790954,False,211
17481054174577634285,0.35,euler_secondary,0.20663459826068475,0.015625,256,6.670832032063167,True,211
1134060707231409274,0.35,quotient_exact,-0.07429411259887941,0.8046875,256,6.782647053134228,False,212
1134060707231409274,0.35,raw_coordinates,0.6427188257366938,0.0078125,256,12.747219500609747,True,212
1134060707231409274,0.35,moment_registration,-0.05945985153706501,0.0625,256,3.472934944645818,False,212
1134060707231409274,0.35,euler_secondary,0.03797012522672549,0.015625,256,4.0,True,212
8094982652956786914,0.35,quotient_exact,-0.04259345389521696,0.3203125,256,6.391843072983681,False,213
8094982652956786914,0.35,raw_coordinates,0.5431698931243425,0.0078125,256,13.505880197511196,True,213
8094982652956786914,0.35,moment_registration,-0.03278812962766886,0.015625,256,3.6058254078383776,True,213
8094982652956786914,0.35,euler_secondary,-0.001334182346490631,0.1484375,256,2.7838821814150108,False,213
10696825107093838404,0.35,quotient_exact,-0.030181262545055265,0.0859375,256,6.671709956610941,False,214
10696825107093838404,0.35,raw_coordinates,0.5466784754988219,0.0078125,256,13.395949272950503,True,214
10696825107093838404,0.35,moment_registration,-0.05246049127208985,0.0078125,256,3.9874650925802615,True,214
10696825107093838404,0.35,euler_secondary,0.04214899254517479,0.140625,256,6.652067347825035,False,214
10324044106105806986,0.35,quotient_exact,-0.009016159998483375,0.046875,256,6.884067082682457,True,215
10324044106105806986,0.35,raw_coordinates,0.4437217154054266,0.0078125,256,12.37847103535886,True,215
10324044106105806986,0.35,moment_registration,-0.015755776431814028,0.0703125,256,3.9557982605789275,False,215
10324044106105806986,0.35,euler_secondary,0.06842124895091706,0.203125,256,7.088723439378913,False,215
9547796770938120109,0.35,quotient_exact,-0.021121440425770688,0.015625,256,7.446814339980104,True,216
9547796770938120109,0.35,raw_coordinates,0.4031886398661193,0.0078125,256,12.606661806584233,True,216
9547796770938120109,0.35,moment_registration,-0.060499277996789,0.015625,256,4.722262466438264,True,216
9547796770938120109,0.35,euler_secondary,0.02273867334534363,0.265625,256,3.6742346141747673,False,216
14638516443935037240,0.35,quotient_exact,-0.03690357095814012,0.03125,256,6.573295583828721,True,217
14638516443935037240,0.35,raw_coordinates,0.4797282213360724,0.0078125,256,12.108385204214962,True,217
14638516443935037240,0.35,moment_registration,-0.04126912351820167,0.0078125,256,3.635018168241611,True,217
14638516443935037240,0.35,euler_secondary,0.09845766740490114,0.0625,256,6.557438524302,False,217
16283057642831932219,0.35,quotient_exact,-0.0233197775536087,0.0703125,256,5.83069294081693,False,218
16283057642831932219,0.35,raw_coordinates,0.4224385628701137,0.0078125,256,12.10697897144258,True,218
16283057642831932219,0.35,moment_registration,-0.01670056011264398,0.03125,256,3.139076752670548,True,218
16283057642831932219,0.35,euler_secondary,0.03275538774087239,0.171875,256,3.0,False,218
12960521811830437301,0.35,quotient_exact,-0.05144799630830421,0.2890625,256,7.736086331742197,False,219
12960521811830437301,0.35,raw_coordinates,0.48428706226463725,0.0078125,256,14.117593680536984,True,219
12960521811830437301,0.35,moment_registration,-0.07633827823843231,0.1640625,256,4.6930213680342385,False,219
12960521811830437301,0.35,euler_secondary,0.14247074773132196,0.0859375,256,6.87386354243376,False,219
15676268826547147938,0.35,quotient_exact,-0.030780613904936915,0.1484375,256,6.898783174337834,False,220
15676268826547147938,0.35,raw_coordinates,0.5016235547438381,0.0078125,256,12.725938911022624,True,220
15676268826547147938,0.35,moment_registration,-0.06279969024892051,0.0546875,256,4.039367604513746,False,220
15676268826547147938,0.35,euler_secondary,0.009703702834456429,0.1015625,256,3.0413812651491097,False,220
13092657271319067459,0.35,quotient_exact,-0.030460747400542054,0.3046875,256,6.3446619340664645,False,221
13092657271319067459,0.35,raw_coordinates,0.41381756684062054,0.0078125,256,12.410226723328337,True,221
13092657271319067459,0.35,moment_registration,-0.041890274535380745,0.2890625,256,3.735662160006398,False,221
13092657271319067459,0.35,euler_secondary,0.2110439289516809,0.03125,256,6.819090848492928,True,221
17952061733155035786,0.35,quotient_exact,-0.057337937687163,0.1328125,256,7.327327641546175,False,222
17952061733155035786,0.35,raw_coordinates,0.519789537513047,0.0078125,256,13.815875220827587,True,222
17952061733155035786,0.35,moment_registration,-0.07093825852222113,0.0625,256,4.600151817763979,False,222
17952061733155035786,0.35,euler_secondary,-0.024249150390677654,0.5703125,256,6.670832032063167,False,222
4745898622631666538,0.35,quotient_exact,-0.037975037196446015,0.453125,256,6.159134279103248,False,223
4745898622631666538,0.35,raw_coordinates,0.575104466698622,0.0078125,256,13.011756085881572,True,223
4745898622631666538,0.35,moment_registration,-0.04837069343477596,0.2265625,256,3.448526413599137,False,223
4745898622631666538,0.35,euler_secondary,-0.02286475830820167,0.390625,256,3.640054944640259,False,223
8616138071860047629,0.35,quotient_exact,-0.050396157596184654,0.171875,256,7.510029919607003,False,224
8616138071860047629,0.35,raw_coordinates,0.564243822585505,0.0078125,256,13.178575448283713,True,224
8616138071860047629,0.35,moment_registration,-0.05985922423076584,0.359375,256,4.412464099681437,False,224
8616138071860047629,0.35,euler_secondary,-0.041604079130677984,0.84375,256,3.0,False,224
7481656820520770853,0.35,quotient_exact,-0.026373981555923853,0.015625,256,6.181039910000454,True,225
7481656820520770853,0.35,raw_coordinates,0.6475460421026251,0.0078125,256,13.448593205589804,True,225
7481656820520770853,0.35,moment_registration,-0.02255538153289527,0.0078125,256,3.5953188404432934,True,225
7481656820520770853,0.35,euler_secondary,-0.032149149177346126,0.4765625,256,3.122498999199199,False,225
8193420284955219338,0.35,quotient_exact,-0.07561315345194186,0.6328125,256,7.329926042263159,False,226
8193420284955219338,0.35,raw_coordinates,0.5143844429589034,0.0078125,256,13.786046798608586,True,226
8193420284955219338,0.35,moment_registration,-0.06466696987049558,0.15625,256,4.063460094763981,False,226
8193420284955219338,0.35,euler_secondary,0.007010345028628295,0.3671875,256,7.0,False,226
9225067267575003463,0.35,quotient_exact,-0.047527885318146224,0.0078125,256,7.052122575710764,True,227
9225067267575003463,0.35,raw_coordinates,0.591285996057152,0.0078125,256,13.213596265540781,True,227
9225067267575003463,0.35,moment_registration,-0.07446746713171559,0.0078125,256,4.290747302180233,True,227
9225067267575003463,0.35,euler_secondary,-0.01751127649970652,0.46875,256,6.855654600401044,False,227
14336773879454375800,0.35,quotient_exact,-0.06621793566684286,0.703125,256,7.538657498378881,False,228
14336773879454375800,0.35,raw_coordinates,0.3597311412587961,0.0078125,256,12.498704795425883,True,228
14336773879454375800,0.35,moment_registration,-0.08726727035769688,0.6015625,256,4.704816601234639,False,228
14336773879454375800,0.35,euler_secondary,-0.0077444659514995795,0.15625,256,3.1622776601683795,False,228
18416043091190609847,0.35,quotient_exact,-0.04957024556111034,0.65625,256,6.87067993122218,False,229
18416043091190609847,0.35,raw_coordinates,0.5289046370462905,0.0078125,256,12.379967069614967,True,229
18416043091190609847,0.35,moment_registration,-0.0818892393913937,0.921875,256,4.14049554316705,False,229
18416043091190609847,0.35,euler_secondary,-0.022667322873398232,0.515625,256,2.8284271247461903,False,229
13930287856033173548,0.35,quotient_exact,-0.043115497364481614,0.6484375,256,6.59140874854969,False,230
13930287856033173548,0.35,raw_coordinates,0.6035929063263132,0.0078125,256,12.41586856463945,True,230
13930287856033173548,0.35,moment_registration,-0.04328950772016649,0.2265625,256,3.486701908960597,False,230
13930287856033173548,0.35,euler_secondary,0.08071318018951845,0.1640625,256,4.183300132670378,False,230
2859873879054838026,0.35,quotient_exact,-0.043746312586679825,0.1171875,256,7.10119141195,False,231
2859873879054838026,0.35,raw_coordinates,0.5979536712817715,0.0078125,256,13.12078228091872,True,231
2859873879054838026,0.35,moment_registration,-0.06727328511567143,0.0859375,256,4.231732005638133,False,231
2859873879054838026,0.35,euler_secondary,0.0949200671429743,0.0625,256,3.0,False,231
4147185115022105004,0.35,quotient_exact,-0.05010938155400935,0.421875,256,6.423464061880117,False,232
4147185115022105004,0.35,raw_coordinates,0.4894637139354172,0.0078125,256,13.056557627725144,True,232
4147185115022105004,0.35,moment_registration,-0.061184885423996915,0.0390625,256,4.12157761209801,True,232
4147185115022105004,0.35,euler_secondary,0.2761245023804315,0.015625,256,6.782329983125268,True,232
6177522408831446027,0.35,quotient_exact,-0.04627548115164637,0.640625,256,6.13490014108109,False,233
6177522408831446027,0.35,raw_coordinates,0.5962125692023772,0.0078125,256,12.56878965165782,True,233
6177522408831446027,0.35,moment_registration,-0.027272670175825464,0.0625,256,3.242236261095254,False,233
6177522408831446027,0.35,euler_secondary,0.05487546583223413,0.1640625,256,3.4641016151377544,False,233
12954874212460581116,0.35,quotient_exact,-0.052055399420969484,0.0703125,256,6.74263169496911,False,234
12954874212460581116,0.35,raw_coordinates,0.5127757096788821,0.0078125,256,12.739596016814541,True,234
12954874212460581116,0.35,moment_registration,-0.049798172461434476,0.0078125,256,3.8315808659677004,True,234
12954874212460581116,0.35,euler_secondary,0.2130383697420688,0.015625,256,2.7386127875258306,True,234
5674984140720599440,0.35,quotient_exact,-0.04854218923289466,0.1875,256,6.453702476557309,False,235
5674984140720599440,0.35,raw_coordinates,0.670911120567973,0.0078125,256,13.314850765188032,True,235
5674984140720599440,0.35,moment_registration,-0.03808344476372638,0.0234375,256,3.6428761512470125,True,235
5674984140720599440,0.35,euler_secondary,-0.04456020313544751,0.6796875,256,2.179449471770337,False,235
4425077515565273925,0.35,quotient_exact,-0.048922351731950364,0.1328125,256,6.1946817214051695,False,236
4425077515565273925,0.35,raw_coordinates,0.5346097023565402,0.0078125,256,12.16236042939957,True,236
4425077515565273925,0.35,moment_registration,-0.06187875913692176,0.140625,256,3.767299564894011,False,236
4425077515565273925,0.35,euler_secondary,-0.04342298108516651,0.8125,256,6.726812023536855,False,236
8367654000495610979,0.35,quotient_exact,-0.060240124290149244,0.03125,256,7.4686124903139,True,237
8367654000495610979,0.35,raw_coordinates,0.5571950761449709,0.0078125,256,12.70498370604709,True,237
8367654000495610979,0.35,moment_registration,-0.05984880769861778,0.015625,256,4.539686717660802,True,237
8367654000495610979,0.35,euler_secondary,0.00961085952885632,0.328125,256,2.1213203435596424,False,237
11094652368127734203,0.35,quotient_exact,-0.04589943055325041,0.3203125,256,6.201795147179407,False,238
11094652368127734203,0.35,raw_coordinates,0.541095412247059,0.0078125,256,13.296818058647045,True,238
11094652368127734203,0.35,moment_registration,-0.042007879841967855,0.0390625,256,3.5450818728061306,True,238
11094652368127734203,0.35,euler_secondary,0.01977561721335719,0.140625,256,2.7386127875258306,False,238
14776469328146051791,0.35,quotient_exact,-0.059867001703063694,0.3359375,256,6.956743862590535,False,239
14776469328146051791,0.35,raw_coordinates,0.4934535888006576,0.0078125,256,12.494963765023105,True,239
14776469328146051791,0.35,moment_registration,-0.058149333400286496,0.0546875,256,4.124905474435732,False,239
14776469328146051791,0.35,euler_secondary,-0.04025627220077588,0.5546875,256,2.345207879911715,False,239
11441877327648267580,0.35,quotient_exact,-0.0323505279812194,0.015625,256,5.88624692632713,True,240
11441877327648267580,0.35,raw_coordinates,0.43259842320065744,0.0078125,256,12.100012120785374,True,240
11441877327648267580,0.35,moment_registration,-0.015980092428714898,0.0078125,256,3.3782010076300146,True,240
11441877327648267580,0.35,euler_secondary,0.009204744945398913,0.234375,256,3.3166247903554,False,240
6805309260072890265,0.35,quotient_exact,-0.07680661630179408,0.7890625,256,7.217593480905164,False,241
6805309260072890265,0.35,raw_coordinates,0.518060197974659,0.0078125,256,12.56213645685246,True,241
6805309260072890265,0.35,moment_registration,-0.08096607024432978,0.1015625,256,4.648984595489419,False,241
6805309260072890265,0.35,euler_secondary,0.25188410955078244,0.046875,256,6.614378277661476,True,241
6939766911359865533,0.35,quotient_exact,-0.034965184265567495,0.1640625,256,6.127802844070948,False,242
6939766911359865533,0.35,raw_coordinates,0.48902997453377384,0.0078125,256,12.281573074703799,True,242
6939766911359865533,0.35,moment_registration,-0.04686922186624021,0.0390625,256,3.566273835801961,True,242
6939766911359865533,0.35,euler_secondary,0.177901842078517,0.0078125,256,2.958039891549808,True,242
17271745035578282464,0.35,quotient_exact,-0.0463925602923404,0.2421875,256,7.000537072978618,False,243
17271745035578282464,0.35,raw_coordinates,0.6370858535972497,0.0078125,256,13.415911503162848,True,243
17271745035578282464,0.35,moment_registration,-0.07211408615618142,0.0703125,256,4.146745592082245,False,243
17271745035578282464,0.35,euler_secondary,-0.04367155046353621,0.734375,256,3.5,False,243
16809301746281122042,0.35,quotient_exact,-0.04909700601517675,0.59375,256,6.036541474114988,False,244
16809301746281122042,0.35,raw_coordinates,0.3788142817503234,0.0078125,256,12.260973295069986,True,244
16809301746281122042,0.35,moment_registration,-0.03559567330636293,0.015625,256,3.4795962444948247,True,244
16809301746281122042,0.35,euler_secondary,-0.008383471912019047,0.359375,256,2.5495097567963922,False,244
5764243182936215955,0.35,quotient_exact,-0.05740451357977561,0.3125,256,7.2932401978947725,False,245
5764243182936215955,0.35,raw_coordinates,0.5296746584566674,0.0078125,256,12.323467544279707,True,245
5764243182936215955,0.35,moment_registration,-0.05831302727623333,0.140625,256,3.4577691593779436,False,245
5764243182936215955,0.35,euler_secondary,-0.001790840184310749,0.1484375,256,7.0178344238090995,False,245
15849573676894166666,0.35,quotient_exact,-0.06214364461999389,0.1328125,256,7.623159974877235,False,246
15849573676894166666,0.35,raw_coordinates,0.5325098536277242,0.0078125,256,13.361438203958933,True,246
15849573676894166666,0.35,moment_registration,-0.06612254857385536,0.0390625,256,4.916864947165764,True,246
15849573676894166666,0.35,euler_secondary,0.1333486053505295,0.0625,256,6.670832032063167,False,246
7762249099042307340,0.35,quotient_exact,-0.052710167984328926,0.15625,256,6.331336296437131,False,247
7762249099042307340,0.35,raw_coordinates,0.5359562451609722,0.0078125,256,13.092107762647334,True,247
7762249099042307340,0.35,moment_registration,-0.028000259111081838,0.0078125,256,3.4991239423850367,True,247
7762249099042307340,0.35,euler_secondary,0.0044878353322805875,0.3046875,256,6.708203932499369,False,247
8121046851358398311,0.35,quotient_exact,-0.002616196551278982,0.03125,256,6.592714303765957,True,248
8121046851358398311,0.35,raw_coordinates,0.49955494810633616,0.0078125,256,12.282872605579215,True,248
8121046851358398311,0.35,moment_registration,-0.008448762419959843,0.0078125,256,3.9531426172531856,True,248
8121046851358398311,0.35,euler_secondary,-0.04002613848156866,0.8515625,256,2.6457513110645907,False,248
1227250106767627546,0.35,quotient_exact,-0.05989263969237102,0.6015625,256,7.563630865351033,False,249
1227250106767627546,0.35,raw_coordinates,0.43941482853261316,0.0078125,256,12.028479638026052,True,249
1227250106767627546,0.35,moment_registration,-0.08020566729000711,0.140625,256,5.231947748757545,False,249
1227250106767627546,0.35,euler_secondary,0.13328501580802488,0.0390625,256,3.122498999199199,True,249
16663337332700661332,0.7,quotient_exact,0.007087863491215041,0.0234375,256,5.970216209376939,True,0
16663337332700661332,0.7,raw_coordinates,0.5292301290209445,0.0078125,256,12.84764382033201,True,0
16663337332700661332,0.7,moment_registration,0.060263860915012346,0.0078125,256,3.481084820948539,True,0
16663337332700661332,0.7,euler_secondary,0.805399575774502,0.0078125,256,8.558621384311845,True,0
8437063020539903460,0.7,quotient_exact,-0.004399980790888325,0.0078125,256,6.903734108047596,True,1
8437063020539903460,0.7,raw_coordinates,0.49819912337094263,0.0078125,256,12.981332641097605,True,1
8437063020539903460,0.7,moment_registration,0.022530562278164412,0.0078125,256,4.3921534991958975,True,1
8437063020539903460,0.7,euler_secondary,1.0060468293881217,0.0078125,256,7.632168761236874,True,1
4862164084956180860,0.7,quotient_exact,-0.006075153543464773,0.0625,256,6.841271939042589,False,2
4862164084956180860,0.7,raw_coordinates,0.5192477492660402,0.0078125,256,12.638219966024847,True,2
4862164084956180860,0.7,moment_registration,0.048711050388239974,0.0078125,256,4.298754901666482,True,2
4862164084956180860,0.7,euler_secondary,0.5335916925951387,0.0078125,256,8.32165848854662,True,2
6874518506753232375,0.7,quotient_exact,-0.032990117078490866,0.1328125,256,7.786099959260127,False,3
6874518506753232375,0.7,raw_coordinates,0.556907494562389,0.0078125,256,13.648480872397444,True,3
6874518506753232375,0.7,moment_registration,0.0022456821524392545,0.0078125,256,5.117495077654777,True,3
6874518506753232375,0.7,euler_secondary,0.874906710918171,0.0078125,256,8.470537173048708,True,3
709179247771108177,0.7,quotient_exact,-0.013997248349370661,0.015625,256,6.660457221781035,True,4
709179247771108177,0.7,raw_coordinates,0.34921939166070737,0.0078125,256,13.442807638696697,True,4
709179247771108177,0.7,moment_registration,0.04608704336643654,0.0078125,256,3.9961252130076157,True,4
709179247771108177,0.7,euler_secondary,0.8440570375704494,0.0078125,256,8.558621384311845,True,4
18142002960134160648,0.7,quotient_exact,-0.015621199232018101,0.03125,256,7.307196217447373,True,5
18142002960134160648,0.7,raw_coordinates,0.46848008285248044,0.0078125,256,13.934685221086696,True,5
18142002960134160648,0.7,moment_registration,0.04229483916353105,0.0078125,256,4.674250042388447,True,5
18142002960134160648,0.7,euler_secondary,0.8967654416129199,0.0078125,256,9.394147114027968,True,5
5824926633228282244,0.7,quotient_exact,0.012526836373117023,0.0078125,256,6.6150992087201885,True,6
5824926633228282244,0.7,raw_coordinates,0.43605271538587753,0.0078125,256,13.244395393428187,True,6
5824926633228282244,0.7,moment_registration,0.06927102367916471,0.0078125,256,4.055807939680156,True,6
5824926633228282244,0.7,euler_secondary,0.9931973470281241,0.0078125,256,9.394147114027968,True,6
16617475594122416943,0.7,quotient_exact,-0.03213232422032675,0.0078125,256,7.350525600594921,True,7
16617475594122416943,0.7,raw_coordinates,0.48798369985633383,0.0078125,256,12.6027324017947,True,7
16617475594122416943,0.7,moment_registration,-0.0016359776374819113,0.0078125,256,4.572544531284761,True,7
16617475594122416943,0.7,euler_secondary,0.8978935586795577,0.0078125,256,9.0,True,7
3052545586448818382,0.7,quotient_exact,-0.031003912719404725,0.0546875,256,7.513273879676639,False,8
3052545586448818382,0.7,raw_coordinates,0.6546602208443395,0.0078125,256,13.878758971190548,True,8
3052545586448818382,0.7,moment_registration,0.0043587224002547,0.0078125,256,4.453391543792504,True,8
3052545586448818382,0.7,euler_secondary,1.0253607395858368,0.0078125,256,8.276472678623424,True,8
16239329778662406256,0.7,quotient_exact,-0.03313093992451821,0.0078125,256,7.0447800961275435,True,9
16239329778662406256,0.7,raw_coordinates,0.4888333377519558,0.0078125,256,11.669911270296884,True,9
16239329778662406256,0.7,moment_registration,-0.004133040528584986,0.0078125,256,4.524718864879073,True,9
16239329778662406256,0.7,euler_secondary,1.07849691233732,0.0078125,256,9.233092656309694,True,9
12228875831942629355,0.7,quotient_exact,-0.026237002848637947,0.0078125,256,6.818574310815264,True,10
12228875831942629355,0.7,raw_coordinates,0.4687489236568002,0.0078125,256,12.791570273381117,True,10
12228875831942629355,0.7,moment_registration,0.024614403802822538,0.0078125,256,4.313908768117353,True,10
12228875831942629355,0.7,euler_secondary,1.0585345882160522,0.0078125,256,8.888194417315589,True,10
6948501344873515395,0.7,quotient_exact,0.024331141412697876,0.015625,256,6.4731666606984435,True,11
6948501344873515395,0.7,raw_coordinates,0.49771411012476485,0.0078125,256,12.645638562709573,True,11
6948501344873515395,0.7,moment_registration,0.164625353520516,0.0078125,256,3.165487033222924,True,11
6948501344873515395,0.7,euler_secondary,0.9353482534861325,0.0078125,256,9.082951062292475,True,11
4010072995217347541,0.7,quotient_exact,-0.031069000658929813,0.0078125,256,6.910535512375834,True,12
4010072995217347541,0.7,raw_coordinates,0.5401699420379589,0.0078125,256,13.411893409352311,True,12
4010072995217347541,0.7,moment_registration,-0.003074362684074683,0.0078125,256,4.325352554581134,True,12
4010072995217347541,0.7,euler_secondary,1.0811880604013924,0.0078125,256,7.842193570679061,True,12
4858635259559889861,0.7,quotient_exact,-0.04005927955039312,0.03125,256,7.741479419055373,True,13
4858635259559889861,0.7,raw_coordinates,0.5210630495185226,0.0078125,256,12.588990047192949,True,13
4858635259559889861,0.7,moment_registration,-0.0211534278593678,0.0078125,256,5.17613205141479,True,13
4858635259559889861,0.7,euler_secondary,0.9859795356961882,0.0078125,256,8.860022573334675,True,13
3979090863533628827,0.7,quotient_exact,0.032423517167808,0.0078125,256,6.495102024338964,True,14
3979090863533628827,0.7,raw_coordinates,0.5586259992659961,0.0078125,256,13.375234754639083,True,14
3979090863533628827,0.7,moment_registration,0.07492390277687266,0.0078125,256,3.797676412288761,True,14
3979090863533628827,0.7,euler_secondary,1.0954197433974318,0.0078125,256,9.260129588726068,True,14
4885292098787890116,0.7,quotient_exact,-0.04969607354196992,0.0078125,256,8.354522800144421,True,15
4885292098787890116,0.7,raw_coordinates,0.48617240285276525,0.0078125,256,12.629709255245505,True,15
4885292098787890116,0.7,moment_registration,-0.03704880832445889,0.0078125,256,5.736446506363581,True,15
4885292098787890116,0.7,euler_secondary,0.5394493612725813,0.0234375,256,9.513148795220223,True,15
1045021039964371585,0.7,quotient_exact,-0.006128104570446435,0.0078125,256,7.215289022529753,True,16
1045021039964371585,0.7,raw_coordinates,0.41448107728520034,0.0078125,256,12.774318188870744,True,16
1045021039964371585,0.7,moment_registration,0.06685697376406052,0.0078125,256,4.26062654352707,True,16
1045021039964371585,0.7,euler_secondary,1.0691107531842494,0.0078125,256,8.916277250063503,True,16
7717270955208126544,0.7,quotient_exact,0.026572411983235567,0.0390625,256,6.933964024985252,True,17
7717270955208126544,0.7,raw_coordinates,0.4543369131347448,0.0078125,256,13.284472869604475,True,17
7717270955208126544,0.7,moment_registration,0.09620551014178924,0.0078125,256,4.046497457248184,True,17
7717270955208126544,0.7,euler_secondary,1.131072008993844,0.0078125,256,9.1104335791443,True,17
15228523362172636459,0.7,quotient_exact,-0.024504876648091534,0.0078125,256,7.261647884301845,True,18
15228523362172636459,0.7,raw_coordinates,0.5350165904307214,0.0078125,256,14.06294715958323,True,18
15228523362172636459,0.7,moment_registration,-0.0023120577079763782,0.0078125,256,4.81391853395421,True,18
15228523362172636459,0.7,euler_secondary,0.917002536031048,0.0078125,256,9.354143466934854,True,18
13292953927264374970,0.7,quotient_exact,0.01714705880423195,0.0234375,256,6.8435697975498,True,19
13292953927264374970,0.7,raw_coordinates,0.497430521340275,0.0078125,256,13.579355527613457,True,19
13292953927264374970,0.7,moment_registration,0.12693115560809942,0.0078125,256,3.8733824964163106,True,19
13292953927264374970,0.7,euler_secondary,1.050908142817709,0.0078125,256,9.12414379544733,True,19
9961453594065698857,0.7,quotient_exact,-0.00965805424773114,0.0703125,256,6.203328351540447,False,20
9961453594065698857,0.7,raw_coordinates,0.5156817651116842,0.0078125,256,11.82500319372406,True,20
9961453594065698857,0.7,moment_registration,0.05485175846635826,0.0078125,256,3.462004552428212,True,20
9961453594065698857,0.7,euler_secondary,0.8362770260430153,0.0078125,256,8.231038816577165,True,20
8005063506103120279,0.7,quotient_exact,-0.03442850632206951,0.0078125,256,7.644826464170108,True,21
8005063506103120279,0.7,raw_coordinates,0.3049269876115881,0.0078125,256,12.988290304584128,True,21
8005063506103120279,0.7,moment_registration,-0.0012664724529320992,0.0078125,256,4.554685167885362,True,21
8005063506103120279,0.7,euler_secondary,0.8909259459590961,0.0078125,256,7.211102550927978,True,21
5694902134823822727,0.7,quotient_exact,-0.03690073148909767,0.1015625,256,7.1183999513134975,False,22
5694902134823822727,0.7,raw_coordinates,0.5829923880018424,0.0078125,256,13.171386419281069,True,22
5694902134823822727,0.7,moment_registration,0.013738350274981048,0.0078125,256,4.506789836700337,True,22
5694902134823822727,0.7,euler_secondary,0.9346397756140694,0.0078125,256,8.170067319184096,True,22
3530190512416641949,0.7,quotient_exact,-0.0013547988141855427,0.0234375,256,7.040774251784466,True,23
3530190512416641949,0.7,raw_coordinates,0.5465409607130522,0.0078125,256,12.849990493616385,True,23
3530190512416641949,0.7,moment_registration,0.022999619630943102,0.0078125,256,4.11876467068458,True,23
3530190512416641949,0.7,euler_secondary,0.8767074868054487,0.0078125,256,7.399324293474371,True,23
17485975580813784188,0.7,quotient_exact,-0.03012567270129629,0.015625,256,7.053521935323785,True,24
17485975580813784188,0.7,raw_coordinates,0.4581839169889256,0.0078125,256,12.598313191497004,True,24
17485975580813784188,0.7,moment_registration,0.022989699230969718,0.0078125,256,4.313389599832374,True,24
17485975580813784188,0.7,euler_secondary,1.025548648946113,0.0078125,256,9.327379053088816,True,24
271045778871242858,0.7,quotient_exact,0.015810008793260222,0.0078125,256,6.872036222115308,True,25
271045778871242858,0.7,raw_coordinates,0.5234425772918262,0.0078125,256,12.943496035635661,True,25
271045778871242858,0.7,moment_registration,0.047907905437225784,0.0078125,256,4.333761979750782,True,25
271045778871242858,0.7,euler_secondary,0.8445502301605368,0.0078125,256,9.233092656309694,True,25
1041344227467480867,0.7,quotient_exact,-0.01734537891637289,0.0078125,256,7.687210071151366,True,26
1041344227467480867,0.7,raw_coordinates,0.5421198661364353,0.0078125,256,13.081836255575052,True,26
1041344227467480867,0.7,moment_registration,0.0576642030400617,0.0078125,256,4.48860719066818,True,26
1041344227467480867,0.7,euler_secondary,0.8194114779121301,0.015625,256,9.055385138137417,True,26
16247941737265884395,0.7,quotient_exact,-0.023543791712005047,0.015625,256,7.2810381997248586,True,27
16247941737265884395,0.7,raw_coordinates,0.3441582950551467,0.0078125,256,12.518291041841252,True,27
16247941737265884395,0.7,moment_registration,0.022859398737364867,0.0078125,256,4.3415578401782,True,27
16247941737265884395,0.7,euler_secondary,1.0199913821308761,0.0078125,256,9.354143466934854,True,27
12278036846680572402,0.7,quotient_exact,0.007568599953843291,0.015625,256,7.919688186926202,True,28
12278036846680572402,0.7,raw_coordinates,0.500340351353207,0.0078125,256,13.395427332548055,True,28
12278036846680572402,0.7,moment_registration,0.02933395712478537,0.0078125,256,5.198638813209612,True,28
12278036846680572402,0.7,euler_secondary,0.9768209706679005,0.0078125,256,9.1104335791443,True,28
1286310722166961595,0.7,quotient_exact,0.009859394752918527,0.0078125,256,6.746676967801568,True,29
1286310722166961595,0.7,raw_coordinates,0.6004324647947481,0.0078125,256,14.53275615632136,True,29
1286310722166961595,0.7,moment_registration,0.10409491103178592,0.0078125,256,3.630851737580296,True,29
1286310722166961595,0.7,euler_secondary,1.059017698950357,0.0078125,256,8.874119674649425,True,29
13942466632119247130,0.7,quotient_exact,-0.009078130959476516,0.0078125,256,6.457708721059842,True,30
13942466632119247130,0.7,raw_coordinates,0.5073076159345552,0.0078125,256,11.783996649270355,True,30
13942466632119247130,0.7,moment_registration,0.02932419054875901,0.0078125,256,3.7177355841304953,True,30
13942466632119247130,0.7,euler_secondary,0.9938320895414776,0.0078125,256,9.367496997597597,True,30
15239166749418680778,0.7,quotient_exact,-0.018275629677751093,0.0078125,256,6.898194377674641,True,31
15239166749418680778,0.7,raw_coordinates,0.4870766047773576,0.0078125,256,12.679402559751509,True,31
15239166749418680778,0.7,moment_registration,0.04445087998352493,0.0078125,256,3.9140409313613835,True,31
15239166749418680778,0.7,euler_secondary,1.0534455013024808,0.0078125,256,9.394147114027968,True,31
11791887595977805041,0.7,quotient_exact,0.0068050857621763106,0.015625,256,6.886157761066527,True,32
11791887595977805041,0.7,raw_coordinates,0.5703683690604847,0.0078125,256,13.708842576096819,True,32
11791887595977805041,0.7,moment_registration,0.0793638862949575,0.0078125,256,4.098910813203366,True,32
11791887595977805041,0.7,euler_secondary,1.181385590260195,0.0078125,256,7.44983221287567,True,32
14066341445104592897,0.7,quotient_exact,-0.017734877629557833,0.0390625,256,7.102519129277057,True,33
14066341445104592897,0.7,raw_coordinates,0.5834790784777961,0.0078125,256,14.668930107894539,True,33
14066341445104592897,0.7,moment_registration,0.05747979144373028,0.0078125,256,4.320622518793522,True,33
14066341445104592897,0.7,euler_secondary,1.0860159056424694,0.0078125,256,8.845903006477066,True,33
17762639898606195497,0.7,quotient_exact,-0.005934890677013693,0.015625,256,8.122144518778072,True,34
17762639898606195497,0.7,raw_coordinates,0.6248383040758527,0.0078125,256,13.594877832820561,True,34
17762639898606195497,0.7,moment_registration,0.023686798062270142,0.0078125,256,5.504616033318015,True,34
17762639898606195497,0.7,euler_secondary,1.1410569922253184,0.0078125,256,7.54983443527075,True,34
4419765415104423894,0.7,quotient_exact,-0.005613834998713041,0.0078125,256,7.037107612309178,True,35
4419765415104423894,0.7,raw_coordinates,0.5028024851926927,0.0078125,256,12.590949791262531,True,35
4419765415104423894,0.7,moment_registration,0.019032481595013695,0.0078125,256,4.163175132152891,True,35
4419765415104423894,0.7,euler_secondary,0.7591254925356694,0.0078125,256,9.354143466934854,True,35
380986637450482773,0.7,quotient_exact,-0.023982380351545096,0.0078125,256,6.977195731310224,True,36
380986637450482773,0.7,raw_coordinates,0.4285912754876542,0.0078125,256,12.573393085840557,True,36
380986637450482773,0.7,moment_registration,0.014053292381398741,0.0078125,256,4.414724617390489,True,36
380986637450482773,0.7,euler_secondary,0.8553704914920448,0.0078125,256,7.599342076785332,True,36
1914704146364532288,0.7,quotient_exact,-0.03744337990834523,0.0078125,256,6.965814199577619,True,37
1914704146364532288,0.7,raw_coordinates,0.4941835803614061,0.0078125,256,13.112829622379516,True,37
1914704146364532288,0.7,moment_registration,0.025302926164029516,0.0078125,256,4.043777302839347,True,37
1914704146364532288,0.7,euler_secondary,1.0028333778684604,0.0078125,256,9.192388155425117,True,37
17933607238105553371,0.7,quotient_exact,0.061901944591068014,0.0078125,256,6.79400582894571,True,38
17933607238105553371,0.7,raw_coordinates,0.5065526423573672,0.0078125,256,11.852967661684184,True,38
17933607238105553371,0.7,moment_registration,0.10467309967495897,0.0078125,256,4.035709143849316,True,38
17933607238105553371,0.7,euler_secondary,1.0918287419699961,0.0078125,256,9.5,True,38
15803392731315465987,0.7,quotient_exact,0.044469578561302514,0.0078125,256,6.4000743879386,True,39
15803392731315465987,0.7,raw_coordinates,0.496756510730045,0.0078125,256,13.495372053363413,True,39
15803392731315465987,0.7,moment_registration,0.10219785905834278,0.0078125,256,3.318263614034482,True,39
15803392731315465987,0.7,euler_secondary,0.9955007606704223,0.0078125,256,9.12414379544733,True,39
10931542081571601813,0.7,quotient_exact,0.014217725243677481,0.0078125,256,5.957413773683618,True,40
10931542081571601813,0.7,raw_coordinates,0.41170714890358373,0.0078125,256,13.310806209997773,True,40
10931542081571601813,0.7,moment_registration,0.07938035664966092,0.0078125,256,3.571462567588601,True,40
10931542081571601813,0.7,euler_secondary,1.102920265152818,0.0078125,256,9.433981132056603,True,40
2713581527786100132,0.7,quotient_exact,0.0011075558041292455,0.0078125,256,7.653277995620275,True,41
2713581527786100132,0.7,raw_coordinates,0.40986175349998144,0.0078125,256,13.358123701925807,True,41
2713581527786100132,0.7,moment_registration,0.03520740576658943,0.0078125,256,4.824260008507415,True,41
2713581527786100132,0.7,euler_secondary,1.11401485299476,0.0078125,256,9.055385138137417,True,41
3973988375307391571,0.7,quotient_exact,-0.010231608612271015,0.0078125,256,7.247662227160948,True,42
3973988375307391571,0.7,raw_coordinates,0.4968565717645377,0.0078125,256,13.678717096229365,True,42
3973988375307391571,0.7,moment_registration,0.03808034844552799,0.0078125,256,4.458204099253191,True,42
3973988375307391571,0.7,euler_secondary,1.0227860893172798,0.0078125,256,8.717797887081348,True,42
92677710108633443,0.7,quotient_exact,-0.02717215246727478,0.03125,256,8.041587410805448,True,43
92677710108633443,0.7,raw_coordinates,0.4745420075760731,0.0078125,256,13.653207561790069,True,43
92677710108633443,0.7,moment_registration,0.005330338711666438,0.0078125,256,4.488274838847137,True,43
92677710108633443,0.7,euler_secondary,1.0035877372732795,0.0078125,256,8.246211251235321,True,43
1233059177767075263,0.7,quotient_exact,-0.02671091101899259,0.0234375,256,6.814117003336119,True,44
1233059177767075263,0.7,raw_coordinates,0.5399804485683439,0.0078125,256,12.497925941412614,True,44
1233059177767075263,0.7,moment_registration,0.03062296098462669,0.0078125,256,3.7246909409983147,True,44
1233059177767075263,0.7,euler_secondary,0.33161943997633736,0.03125,256,9.565563234854496,True,44
2865941269472383271,0.7,quotient_exact,-0.010480916491786507,0.0078125,256,7.207074682129239,True,45
2865941269472383271,0.7,raw_coordinates,0.5581533823131624,0.0078125,256,14.34855207554091,True,45
2865941269472383271,0.7,moment_registration,0.033642449495198234,0.0078125,256,4.5668856911818185,True,45
2865941269472383271,0.7,euler_secondary,0.7753861651962104,0.0078125,256,9.219544457292887,True,45
15753728615294015379,0.7,quotient_exact,-0.03473411045531272,0.2109375,256,6.739574440064625,False,46
15753728615294015379,0.7,raw_coordinates,0.5224156360820091,0.0078125,256,13.89767020164968,True,46
15753728615294015379,0.7,moment_registration,0.053321871456866066,0.0078125,256,3.7303071092893387,True,46
15753728615294015379,0.7,euler_secondary,1.1095349507642174,0.0078125,256,9.460443964212251,True,46
15691489523150619312,0.7,quotient_exact,-0.02548555604251046,0.0078125,256,7.239341782511094,True,47
15691489523150619312,0.7,raw_coordinates,0.35458710402215665,0.015625,256,13.478063249801998,True,47
15691489523150619312,0.7,moment_registration,-0.01313680916246529,0.0078125,256,4.562287243302701,True,47
15691489523150619312,0.7,euler_secondary,0.8923557853335988,0.0078125,256,7.874007874011811,True,47
4653018544751593802,0.7,quotient_exact,-0.01415022965793411,0.1953125,256,6.673894517790766,False,48
4653018544751593802,0.7,raw_coordinates,0.6180754844202451,0.0078125,256,14.346837910201158,True,48
4653018544751593802,0.7,moment_registration,0.07697644006198012,0.0078125,256,3.916503210797153,True,48
4653018544751593802,0.7,euler_secondary,1.1000534238814934,0.0078125,256,9.233092656309694,True,48
8974924173098088793,0.7,quotient_exact,0.019518028386874553,0.0078125,256,6.485921429437752,True,49
8974924173098088793,0.7,raw_coordinates,0.48474921917326474,0.0078125,256,12.582900584144316,True,49
8974924173098088793,0.7,moment_registration,0.047781267785982906,0.0078125,256,3.9877143252660456,True,49
8974924173098088793,0.7,euler_secondary,1.0772108403870149,0.0078125,256,8.031189202104505,True,49
11081355180593480716,0.7,quotient_exact,-0.012316117196078724,0.0625,256,7.1086241221878685,False,50
11081355180593480716,0.7,raw_coordinates,0.5340071684950506,0.0078125,256,13.475482731912338,True,50
11081355180593480716,0.7,moment_registration,0.04034794135296382,0.0078125,256,4.1794140728286875,True,50
11081355180593480716,0.7,euler_secondary,1.1179515386669858,0.0078125,256,9.287087810503355,True,50
5506710105951485859,0.7,quotient_exact,-0.020331084080337347,0.0078125,256,7.321054498779461,True,51
5506710105951485859,0.7,raw_coordinates,0.4264345709268238,0.0078125,256,14.114182876985183,True,51
5506710105951485859,0.7,moment_registration,0.03481518200278466,0.0078125,256,4.4452283438156,True,51
5506710105951485859,0.7,euler_secondary,0.6996526833781924,0.0078125,256,9.260129588726068,True,51
4165814820714283078,0.7,quotient_exact,-0.052945698239069916,0.0078125,256,7.803503535988132,True,52
4165814820714283078,0.7,raw_coordinates,0.4888767706984527,0.0078125,256,12.012662700703943,True,52
4165814820714283078,0.7,moment_registration,-0.024508685048209577,0.0078125,256,4.741165257488241,True,52
4165814820714283078,0.7,euler_secondary,0.7729277818540644,0.0078125,256,7.858116822750856,True,52
12848422210202737239,0.7,quotient_exact,-0.031585937555012045,0.046875,256,7.683340022562204,True,53
12848422210202737239,0.7,raw_coordinates,0.49336042424466153,0.0078125,256,12.779192341920847,True,53
12848422210202737239,0.7,moment_registration,-0.002673896979557666,0.0078125,256,5.030451832243673,True,53
12848422210202737239,0.7,euler_secondary,0.7682245326935822,0.0078125,256,9.327379053088816,True,53
2569554486495050436,0.7,quotient_exact,-0.05085884476037261,0.03125,256,7.18083302507983,True,54
2569554486495050436,0.7,raw_coordinates,0.53495067641133,0.0078125,256,12.985300117995456,True,54
2569554486495050436,0.7,moment_registration,-0.00948141131639757,0.0078125,256,4.536210543617423,True,54
2569554486495050436,0.7,euler_secondary,0.9441778743009077,0.0078125,256,8.06225774829855,True,54
14654654482417475756,0.7,quotient_exact,-0.008263024816717146,0.0078125,256,7.683001496980914,True,55
14654654482417475756,0.7,raw_coordinates,0.5253238421543018,0.0078125,256,13.770032217721882,True,55
14654654482417475756,0.7,moment_registration,0.027947483923724703,0.0078125,256,4.824988387686295,True,55
14654654482417475756,0.7,euler_secondary,0.7865482203690329,0.0078125,256,9.16515138991168,True,55
3511615733237624938,0.7,quotient_exact,0.006121017926070005,0.0078125,256,6.555398354025108,True,56
3511615733237624938,0.7,raw_coordinates,0.4631636056439037,0.0078125,256,14.09819727908592,True,56
3511615733237624938,0.7,moment_registration,0.0786011312104441,0.0078125,256,3.8145002667344587,True,56
3511615733237624938,0.7,euler_secondary,0.9740436742578803,0.0078125,256,8.558621384311845,True,56
18165775791561697397,0.7,quotient_exact,0.011172694345638723,0.0078125,256,6.896169797369294,True,57
18165775791561697397,0.7,raw_coordinates,0.5249133155626453,0.0078125,256,12.676538309804755,True,57
18165775791561697397,0.7,moment_registration,0.01211762974718289,0.0078125,256,4.305417270573029,True,57
18165775791561697397,0.7,euler_secondary,0.958963577827343,0.0078125,256,9.082951062292475,True,57
10620627038562011295,0.7,quotient_exact,0.028295083685983435,0.0078125,256,6.257667236436361,True,58
10620627038562011295,0.7,raw_coordinates,0.5610403364324611,0.0078125,256,13.540830074104655,True,58
10620627038562011295,0.7,moment_registration,0.12424792141711694,0.0078125,256,3.4798172541020125,True,58
10620627038562011295,0.7,euler_secondary,0.9783602500616482,0.0078125,256,8.660254037844387,True,58
6946969611405354172,0.7,quotient_exact,-0.027682671406177306,0.0078125,256,6.788334645960238,True,59
6946969611405354172,0.7,raw_coordinates,0.5875136736953285,0.0078125,256,12.595995940234832,True,59
6946969611405354172,0.7,moment_registration,0.027748008067214336,0.0078125,256,4.059847490784201,True,59
6946969611405354172,0.7,euler_secondary,0.9612355751259738,0.0078125,256,8.077747210701755,True,59
8427345980118915132,0.7,quotient_exact,-0.005401160569383556,0.0078125,256,6.96220168205419,True,60
8427345980118915132,0.7,raw_coordinates,0.4876095381363832,0.0078125,256,13.440627685286616,True,60
8427345980118915132,0.7,moment_registration,0.04414628643211849,0.0078125,256,4.0595766316956,True,60
8427345980118915132,0.7,euler_secondary,0.9582574569493596,0.0078125,256,7.697402159170326,True,60
13560997442899299162,0.7,quotient_exact,-0.027306235510750287,0.0078125,256,7.556741644630407,True,61
13560997442899299162,0.7,raw_coordinates,0.49461083021926766,0.0078125,256,13.006017264709316,True,61
13560997442899299162,0.7,moment_registration,0.01274168500876438,0.0078125,256,4.740906983656805,True,61
13560997442899299162,0.7,euler_secondary,1.219480222564729,0.0078125,256,7.19374728496908,True,61
2914332655162109936,0.7,quotient_exact,0.05750590932192545,0.015625,256,6.75937379195942,True,62
2914332655162109936,0.7,raw_coordinates,0.5783775048560962,0.0078125,256,13.444304908044858,True,62
2914332655162109936,0.7,moment_registration,0.08625073351267343,0.0078125,256,4.074605701593323,True,62
2914332655162109936,0.7,euler_secondary,1.008268982015571,0.0078125,256,9.578622030334008,True,62
3918011204828628767,0.7,quotient_exact,0.012648293196024452,0.0078125,256,6.904042072134186,True,63
3918011204828628767,0.7,raw_coordinates,0.4810621930613397,0.0078125,256,13.304061855879617,True,63
3918011204828628767,0.7,moment_registration,0.04376246538879658,0.0078125,256,4.234809013496465,True,63
3918011204828628767,0.7,euler_secondary,1.0245389548981128,0.0078125,256,9.137833441248533,True,63
10151488376332309006,0.7,quotient_exact,-0.013828089747859762,0.015625,256,7.217277882077201,True,64
10151488376332309006,0.7,raw_coordinates,0.33141446469796687,0.0078125,256,12.699126229868067,True,64
10151488376332309006,0.7,moment_registration,0.0027292084263361716,0.0078125,256,4.5912342856027495,True,64
10151488376332309006,0.7,euler_secondary,1.0529209328455444,0.0078125,256,7.3824115301167,True,64
12651916131049861395,0.7,quotient_exact,0.011683302892616876,0.0078125,256,6.746419096789012,True,65
12651916131049861395,0.7,raw_coordinates,0.5345633727042413,0.0078125,256,12.813046720289734,True,65
12651916131049861395,0.7,moment_registration,0.04374428172745293,0.0078125,256,3.6662950444849836,True,65
12651916131049861395,0.7,euler_secondary,1.0314172422246586,0.0078125,256,9.069178573608527,True,65
11125986666289329399,0.7,quotient_exact,-0.05470130793739336,0.0859375,256,7.564058349956497,False,66
11125986666289329399,0.7,raw_coordinates,0.3022604159512611,0.0078125,256,12.607522101352828,True,66
11125986666289329399,0.7,moment_registration,-0.045968498777547495,0.0078125,256,4.9584018896851125,True,66
11125986666289329399,0.7,euler_secondary,0.7399897812318579,0.0078125,256,7.937253933193772,True,66
1938793297315481660,0.7,quotient_exact,-0.009624635359255507,0.0078125,256,7.218923214357821,True,67
1938793297315481660,0.7,raw_coordinates,0.42057859289089317,0.0078125,256,12.531722838972806,True,67
1938793297315481660,0.7,moment_registration,0.03909589244123146,0.0078125,256,4.538159933992932,True,67
1938793297315481660,0.7,euler_secondary,1.1227194830686433,0.0078125,256,9.447221813845593,True,67
4534535244642639624,0.7,quotient_exact,-0.029838117145411736,0.0078125,256,7.595541897776907,True,68
4534535244642639624,0.7,raw_coordinates,0.4793875973763907,0.0078125,256,12.975140018976987,True,68
4534535244642639624,0.7,moment_registration,0.007954442667270967,0.0078125,256,5.1097777447518125,True,68
4534535244642639624,0.7,euler_secondary,1.0204889140823015,0.0078125,256,8.74642784226795,True,68
18248973299795118126,0.7,quotient_exact,0.0028245732894984776,0.0078125,256,6.220382524458247,True,69
18248973299795118126,0.7,raw_coordinates,0.35215060716563795,0.0078125,256,11.777179026115595,True,69
18248973299795118126,0.7,moment_registration,0.07143056263025194,0.0078125,256,3.5968113453191246,True,69
18248973299795118126,0.7,euler_secondary,0.7889362013453904,0.0078125,256,7.566372975210778,True,69
5453694712972996265,0.7,quotient_exact,-0.005988617980896893,0.0546875,256,7.426518389983652,False,70
5453694712972996265,0.7,raw_coordinates,0.5395441226885784,0.0078125,256,13.7540111288973,True,70
5453694712972996265,0.7,moment_registration,0.051581765698609394,0.0078125,256,4.397728997995924,True,70
5453694712972996265,0.7,euler_secondary,0.9310072641132255,0.0078125,256,9.513148795220223,True,70
10641942608756620070,0.7,quotient_exact,-0.037957655761183595,0.0078125,256,8.537274531939905,True,71
10641942608756620070,0.7,raw_coordinates,0.4438826021336204,0.0078125,256,13.56463829017024,True,71
10641942608756620070,0.7,moment_registration,-0.012673502263482739,0.0078125,256,5.6831639593943954,True,71
10641942608756620070,0.7,euler_secondary,1.034073503758967,0.0078125,256,7.211102550927978,True,71
3277121306759366269,0.7,quotient_exact,-0.02291296178815494,0.0078125,256,7.611655331984899,True,72
3277121306759366269,0.7,raw_coordinates,0.48572982132280385,0.0078125,256,13.58968627387499,True,72
3277121306759366269,0.7,moment_registration,0.0016242243599641215,0.0078125,256,5.008336533076746,True,72
3277121306759366269,0.7,euler_secondary,1.0020825302869187,0.0078125,256,8.246211251235321,True,72
13747728970844055174,0.7,quotient_exact,0.015304582451609039,0.03125,256,6.265737339378495,True,73
13747728970844055174,0.7,raw_coordinates,0.5450415052549544,0.0078125,256,14.437604607058109,True,73
13747728970844055174,0.7,moment_registration,0.1415324576756024,0.0078125,256,3.259938914214328,True,73
13747728970844055174,0.7,euler_secondary,0.766998742145926,0.0078125,256,8.2915619758885,True,73
8806105692778792799,0.7,quotient_exact,0.027517542678495266,0.0078125,256,6.492449015928023,True,74
8806105692778792799,0.7,raw_coordinates,0.5930499367618591,0.0078125,256,14.964292849583444,True,74
8806105692778792799,0.7,moment_registration,0.10606268567762966,0.0078125,256,3.7343353240784074,True,74
8806105692778792799,0.7,euler_secondary,0.9790392821059688,0.0078125,256,8.774964387392123,True,74
4665354552902226663,0.7,quotient_exact,-0.04844655071612047,0.0078125,256,7.372660327769388,True,75
4665354552902226663,0.7,raw_coordinates,0.4822852864249175,0.0078125,256,12.333229278242035,True,75
4665354552902226663,0.7,moment_registration,-0.02063295371420848,0.0078125,256,5.0012764185359675,True,75
4665354552902226663,0.7,euler_secondary,1.023414046988723,0.0078125,256,9.069178573608527,True,75
3844669333224674277,0.7,quotient_exact,0.016530773188030756,0.0078125,256,6.98223506895245,True,76
3844669333224674277,0.7,raw_coordinates,0.6286401081616236,0.0078125,256,12.981655025416922,True,76
3844669333224674277,0.7,moment_registration,0.07358160455590912,0.0078125,256,3.9880835748213737,True,76
3844669333224674277,0.7,euler_secondary,1.0244306682879971,0.0078125,256,7.582875444051551,True,76
9216149337416018686,0.7,quotient_exact,-0.03509984439327285,0.0234375,256,7.316816575657284,True,77
9216149337416018686,0.7,raw_coordinates,0.5285155981665006,0.0078125,256,12.599651475837401,True,77
9216149337416018686,0.7,moment_registration,-0.014471704456782586,0.0078125,256,4.874518238286825,True,77
9216149337416018686,0.7,euler_secondary,0.990964641445375,0.0078125,256,8.774964387392123,True,77
10675952346287771136,0.7,quotient_exact,-0.023331828352573192,0.03125,256,7.305906793071305,True,78
10675952346287771136,0.7,raw_coordinates,0.4356282130405944,0.0078125,256,12.780040438741594,True,78
10675952346287771136,0.7,moment_registration,0.0037733652030788045,0.0078125,256,4.474450209158567,True,78
10675952346287771136,0.7,euler_secondary,0.6293190186975179,0.0078125,256,9.38083151964686,True,78
4669382396768965130,0.7,quotient_exact,-0.006381599638109914,0.0078125,256,6.314628083694053,True,79
4669382396768965130,0.7,raw_coordinates,0.5641244450095673,0.0078125,256,12.500785611032846,True,79
4669382396768965130,0.7,moment_registration,0.07075215365654686,0.0078125,256,3.4634135346313677,True,79
4669382396768965130,0.7,euler_secondary,1.0576181765336679,0.0078125,256,8.902246907382429,True,79
11487887071149714991,0.7,quotient_exact,0.01589794637243036,0.0078125,256,7.231636233614759,True,80
11487887071149714991,0.7,raw_coordinates,0.48874058153078836,0.0078125,256,12.776545175999793,True,80
11487887071149714991,0.7,moment_registration,0.04022268857574851,0.0078125,256,4.441698585987795,True,80
11487887071149714991,0.7,euler_secondary,1.0067797042079285,0.0078125,256,9.327379053088816,True,80
9164417396811357573,0.7,quotient_exact,-0.022887196046918135,0.015625,256,7.033777684732479,True,81
9164417396811357573,0.7,raw_coordinates,0.6134535244805325,0.0078125,256,12.749084552603081,True,81
9164417396811357573,0.7,moment_registration,0.06599701332937236,0.0078125,256,3.6867267274510493,True,81
9164417396811357573,0.7,euler_secondary,0.8561373527597753,0.0078125,256,8.031189202104505,True,81
15029088036425811525,0.7,quotient_exact,-0.011510818852551785,0.046875,256,7.481180519934309,True,82
15029088036425811525,0.7,raw_coordinates,0.4534570762794773,0.0078125,256,12.472580856324843,True,82
15029088036425811525,0.7,moment_registration,0.013860537091160419,0.0078125,256,4.819757156947284,True,82
15029088036425811525,0.7,euler_secondary,1.103560095822372,0.0078125,256,7.516648189186454,True,82
9792954271023062196,0.7,quotient_exact,0.004532497146853998,0.0625,256,6.509502031530229,False,83
9792954271023062196,0.7,raw_coordinates,0.43800510201401655,0.0078125,256,11.785758814769762,True,83
9792954271023062196,0.7,moment_registration,0.007597539724001456,0.0078125,256,4.190320060636039,True,83
9792954271023062196,0.7,euler_secondary,1.0088704510925515,0.0078125,256,7.433034373659253,True,83
17231387944472063660,0.7,quotient_exact,-0.015736440240421867,0.0078125,256,7.200126775479969,True,84
17231387944472063660,0.7,raw_coordinates,0.5408705144241003,0.0078125,256,13.278192029525911,True,84
17231387944472063660,0.7,moment_registration,0.02485076091412286,0.0078125,256,4.55770482742355,True,84
17231387944472063660,0.7,euler_secondary,0.6774221160613509,0.015625,256,8.689073598491383,True,84
10358144534205689207,0.7,quotient_exact,0.014827719496845582,0.0078125,256,6.870470371364937,True,85
10358144534205689207,0.7,raw_coordinates,0.6293656298257044,0.0078125,256,14.342301741878693,True,85
10358144534205689207,0.7,moment_registration,0.047164119336224664,0.0078125,256,4.23489390671936,True,85
10358144534205689207,0.7,euler_secondary,1.182314795798841,0.0078125,256,7.176350047203662,True,85
7163461524134320134,0.7,quotient_exact,-0.031169505230359107,0.1015625,256,7.578082309377208,False,86
7163461524134320134,0.7,raw_coordinates,0.5321247214666935,0.0078125,256,13.405581056925161,True,86
7163461524134320134,0.7,moment_registration,-0.008078640024206774,0.0078125,256,4.744339725837798,True,86
7163461524134320134,0.7,euler_secondary,0.6969596004414412,0.0078125,256,7.842193570679061,True,86
2206878861627368866,0.7,quotient_exact,-0.03060579955028997,0.0078125,256,8.158749569192674,True,87
2206878861627368866,0.7,raw_coordinates,0.4540327331650822,0.0078125,256,13.759292835652484,True,87
2206878861627368866,0.7,moment_registration,0.006573746511960854,0.0078125,256,5.168858185794877,True,87
2206878861627368866,0.7,euler_secondary,0.631143320054027,0.0078125,256,9.447221813845593,True,87
17623236998437688772,0.7,quotient_exact,0.0073045477322079,0.0078125,256,6.900491930989459,True,88
17623236998437688772,0.7,raw_coordinates,0.6197246911220766,0.0078125,256,13.9054105415167,True,88
17623236998437688772,0.7,moment_registration,0.06660702644780836,0.0078125,256,4.246431567944529,True,88
17623236998437688772,0.7,euler_secondary,0.8885193572454768,0.0078125,256,8.774964387392123,True,88
5429029675404983271,0.7,quotient_exact,-0.019002357432677197,0.1171875,256,7.086982183080798,False,89
5429029675404983271,0.7,raw_coordinates,0.5552960016296367,0.0078125,256,13.658477585165162,True,89
5429029675404983271,0.7,moment_registration,0.0762016768794429,0.0078125,256,4.168049268338119,True,89
5429029675404983271,0.7,euler_secondary,0.8260523698406024,0.0078125,256,9.233092656309694,True,89
17151728457596542570,0.7,quotient_exact,-0.04053713135992498,0.0078125,256,7.052128037021227,True,90
17151728457596542570,0.7,raw_coordinates,0.4878274250082961,0.0078125,256,12.552782145643429,True,90
17151728457596542570,0.7,moment_registration,0.034126683142223446,0.0078125,256,3.6681009083028755,True,90
17151728457596542570,0.7,euler_secondary,1.013885849272055,0.0078125,256,9.367496997597597,True,90
17642645525304160600,0.7,quotient_exact,-0.03491933739995623,0.0078125,256,7.110449510981609,True,91
17642645525304160600,0.7,raw_coordinates,0.5305375105057116,0.0078125,256,12.6648521408694,True,91
17642645525304160600,0.7,moment_registration,-0.015340501631864956,0.0078125,256,4.251684544741711,True,91
17642645525304160600,0.7,euler_secondary,1.0949945638228926,0.0078125,256,9.137833441248533,True,91
4230258805656191999,0.7,quotient_exact,-0.010838364025132274,0.0625,256,6.579152163426039,False,92
4230258805656191999,0.7,raw_coordinates,0.4225171329360494,0.0078125,256,13.886678873712976,True,92
4230258805656191999,0.7,moment_registration,0.051039705899169285,0.0078125,256,3.9105026426585665,True,92
4230258805656191999,0.7,euler_secondary,1.0401300107662599,0.0078125,256,9.486832980505138,True,92
1488151481955281793,0.7,quotient_exact,-0.026918837956191655,0.015625,256,7.64529241067793,True,93
1488151481955281793,0.7,raw_coordinates,0.5974165413447035,0.0078125,256,13.685830793905861,True,93
1488151481955281793,0.7,moment_registration,0.02602783983970136,0.0078125,256,4.822413148537851,True,93
1488151481955281793,0.7,euler_secondary,0.7467108626789682,0.015625,256,9.513148795220223,True,93
2447370066891603696,0.7,quotient_exact,-0.02124695795744369,0.0234375,256,7.5275176138299145,True,94
2447370066891603696,0.7,raw_coordinates,0.5059165069850551,0.0078125,256,13.045231213790005,True,94
2447370066891603696,0.7,moment_registration,0.008704071709870309,0.0078125,256,4.959302803246916,True,94
2447370066891603696,0.7,euler_secondary,0.979252474570041,0.0078125,256,8.760707733967616,True,94
9627182339624164720,0.7,quotient_exact,-0.033429575100055064,0.1171875,256,7.097044360787048,False,95
9627182339624164720,0.7,raw_coordinates,0.6539016568993797,0.0078125,256,12.728371476651512,True,95
9627182339624164720,0.7,moment_registration,0.008291774495052695,0.0078125,256,4.481656544165206,True,95
9627182339624164720,0.7,euler_secondary,1.115710785527925,0.0078125,256,9.246621004453464,True,95
10044576954174435429,0.7,quotient_exact,-0.03687975380173103,0.2421875,256,7.395642523045957,False,96
10044576954174435429,0.7,raw_coordinates,0.40844520817121666,0.0078125,256,12.864316265453194,True,96
10044576954174435429,0.7,moment_registration,-0.011090927857712929,0.0078125,256,4.719869463651665,True,96
10044576954174435429,0.7,euler_secondary,0.920614771060803,0.0078125,256,7.615773105863909,True,96
7038904738736804784,0.7,quotient_exact,0.0023221155929394888,0.0078125,256,6.366584438241421,True,97
7038904738736804784,0.7,raw_coordinates,0.3732618812340748,0.0078125,256,13.242165936928913,True,97
7038904738736804784,0.7,moment_registration,0.03136411966122821,0.0078125,256,3.6622135055399494,True,97
7038904738736804784,0.7,euler_secondary,1.0685397567057813,0.0078125,256,9.394147114027968,True,97
11015516537596416486,0.7,quotient_exact,-0.022211384262988076,0.0078125,256,7.263778324791475,True,98
11015516537596416486,0.7,raw_coordinates,0.4367922643683344,0.0078125,256,14.017418066803797,True,98
11015516537596416486,0.7,moment_registration,0.01496922067631501,0.0078125,256,4.597224862949685,True,98
11015516537596416486,0.7,euler_secondary,1.1433960712869657,0.0078125,256,7.54983443527075,True,98
11515991048851017342,0.7,quotient_exact,0.006460053081914219,0.015625,256,6.987965389158868,True,99
11515991048851017342,0.7,raw_coordinates,0.547397951826417,0.0078125,256,13.629319925418526,True,99
11515991048851017342,0.7,moment_registration,0.053422765555753426,0.0078125,256,4.113901765843473,True,99
11515991048851017342,0.7,euler_secondary,1.0156118006520745,0.0078125,256,8.888194417315589,True,99
5149444323205363999,0.7,quotient_exact,0.01006369066219448,0.015625,256,6.411749024452245,True,100
5149444323205363999,0.7,raw_coordinates,0.5252014895670469,0.0078125,256,14.339486935559394,True,100
5149444323205363999,0.7,moment_registration,0.10733822381922731,0.0078125,256,3.675989622534651,True,100
5149444323205363999,0.7,euler_secondary,0.9216411705910793,0.0078125,256,8.845903006477066,True,100
1292641500734195121,0.7,quotient_exact,-0.012148279469408774,0.0078125,256,6.939446096918237,True,101
1292641500734195121,0.7,raw_coordinates,0.5861590284488081,0.0078125,256,12.193117091570583,True,101
1292641500734195121,0.7,moment_registration,0.03735853691350122,0.0078125,256,4.42494905898065,True,101
1292641500734195121,0.7,euler_secondary,1.0891706000316832,0.0078125,256,9.526279441628825,True,101
13328000839194070212,0.7,quotient_exact,-0.03168492046876226,0.0390625,256,6.958487819525008,True,102
13328000839194070212,0.7,raw_coordinates,0.5430821521862728,0.0078125,256,13.3606470218739,True,102
13328000839194070212,0.7,moment_registration,0.03336175967976751,0.0078125,256,3.8492194994863826,True,102
13328000839194070212,0.7,euler_secondary,0.8412739159692698,0.0078125,256,8.930285549745875,True,102
1383965876559036746,0.7,quotient_exact,0.07792345233190878,0.0078125,256,6.630688879860042,True,103
1383965876559036746,0.7,raw_coordinates,0.542443318387972,0.0078125,256,14.073981244054341,True,103
1383965876559036746,0.7,moment_registration,0.15792692031757782,0.0078125,256,3.708163648167853,True,103
1383965876559036746,0.7,euler_secondary,1.0700742161983583,0.0078125,256,9.40744386111339,True,103
2905875830767560400,0.7,quotient_exact,-0.029133537986297586,0.0234375,256,7.957624715387039,True,104
2905875830767560400,0.7,raw_coordinates,0.5626408818522997,0.0078125,256,13.737010988853756,True,104
2905875830767560400,0.7,moment_registration,-0.005818742495945939,0.0234375,256,4.993267829573731,True,104
2905875830767560400,0.7,euler_secondary,1.0550823749618907,0.0078125,256,7.262919523166975,True,104
2199534467230725022,0.7,quotient_exact,0.011721735821518697,0.0078125,256,6.414488154652322,True,105
2199534467230725022,0.7,raw_coordinates,0.5280830162643039,0.0078125,256,13.335957192590108,True,105
2199534467230725022,0.7,moment_registration,0.12523635695206015,0.0078125,256,3.450865747805532,True,105
2199534467230725022,0.7,euler_secondary,0.8910706628878247,0.0078125,256,9.40744386111339,True,105
17953577675423798568,0.7,quotient_exact,-0.04443498929291956,0.015625,256,8.170119806099011,True,106
17953577675423798568,0.7,raw_coordinates,0.5774312073658071,0.0078125,256,12.50796278432851,True,106
17953577675423798568,0.7,moment_registration,-0.03081893586970419,0.0078125,256,5.19187821472225,True,106
17953577675423798568,0.7,euler_secondary,0.621329892126725,0.0078125,256,9.367496997597597,True,106
12532036765267391938,0.7,quotient_exact,-0.008658565478326219,0.015625,256,7.127488963879912,True,107
12532036765267391938,0.7,raw_coordinates,0.5608520719961608,0.0078125,256,13.346542737316708,True,107
12532036765267391938,0.7,moment_registration,0.046233869380709836,0.0078125,256,4.295110138056003,True,107
12532036765267391938,0.7,euler_secondary,1.0072890808995796,0.0078125,256,7.842193570679061,True,107
14204007237895411360,0.7,quotient_exact,0.07022548467154299,0.0078125,256,5.975830664683901,True,108
14204007237895411360,0.7,raw_coordinates,0.46403714587971945,0.0078125,256,11.852731829339572,True,108
14204007237895411360,0.7,moment_registration,0.13967512098044876,0.0078125,256,3.1968885883829996,True,108
14204007237895411360,0.7,euler_secondary,1.0310902702304068,0.0078125,256,7.314369419163897,True,108
9170935267113907240,0.7,quotient_exact,-0.04306446788048035,0.0390625,256,7.600369769248316,True,109
9170935267113907240,0.7,raw_coordinates,0.5687919488049347,0.0078125,256,12.754636487071275,True,109
9170935267113907240,0.7,moment_registration,-0.0014487578586426242,0.0078125,256,4.424372524976204,True,109
9170935267113907240,0.7,euler_secondary,1.0005830708514,0.0078125,256,9.38083151964686,True,109
12846911252849977887,0.7,quotient_exact,0.02395614656583922,0.0078125,256,7.0040933225910225,True,110
12846911252849977887,0.7,raw_coordinates,0.6428195445348062,0.0078125,256,13.171742529971489,True,110
12846911252849977887,0.7,moment_registration,0.07043467692138095,0.0078125,256,4.129737287079663,True,110
12846911252849977887,0.7,euler_secondary,1.080512540241609,0.0078125,256,8.74642784226795,True,110
1862256520358470690,0.7,quotient_exact,0.006201346166810229,0.0078125,256,7.200988303730763,True,111
1862256520358470690,0.7,raw_coordinates,0.46694036106025116,0.0078125,256,13.296282565044304,True,111
1862256520358470690,0.7,moment_registration,0.02024154762570818,0.0078125,256,4.495187015561753,True,111
1862256520358470690,0.7,euler_secondary,1.0531887681943,0.0078125,256,8.902246907382429,True,111
10771831614643623603,0.7,quotient_exact,-0.04819399686165171,0.015625,256,7.616306934203427,True,112
10771831614643623603,0.7,raw_coordinates,0.46659069802788766,0.0078125,256,12.680985732858097,True,112
10771831614643623603,0.7,moment_registration,-0.03494421395067049,0.0078125,256,4.957703210340792,True,112
10771831614643623603,0.7,euler_secondary,0.9104732439680185,0.0078125,256,7.399324293474371,True,112
2514085073477775525,0.7,quotient_exact,-0.011134528180088754,0.015625,256,7.125697077432181,True,113
2514085073477775525,0.7,raw_coordinates,0.5146168053029864,0.0078125,256,13.49658732594183,True,113
2514085073477775525,0.7,moment_registration,0.023010610709426893,0.0078125,256,4.609046705288139,True,113
2514085073477775525,0.7,euler_secondary,0.6493744555140732,0.015625,256,9.327379053088816,True,113
15123302624847843846,0.7,quotient_exact,-0.03286836406982696,0.2265625,256,7.354376044702245,False,114
15123302624847843846,0.7,raw_coordinates,0.4996582828677858,0.0078125,256,13.270590103354458,True,114
15123302624847843846,0.7,moment_registration,0.010894395091736286,0.0078125,256,4.148039212073772,True,114
15123302624847843846,0.7,euler_secondary,0.8525661408365135,0.0078125,256,7.466592261534039,True,114
14537655368386868226,0.7,quotient_exact,-0.03608262719460287,0.03125,256,7.293494561837326,True,115
14537655368386868226,0.7,raw_coordinates,0.39043632576980614,0.0078125,256,12.99894069147165,True,115
14537655368386868226,0.7,moment_registration,-0.004683548171005136,0.0078125,256,4.678849375543808,True,115
14537655368386868226,0.7,euler_secondary,0.6911913548615756,0.015625,256,8.139410298049853,True,115
6636132311762040185,0.7,quotient_exact,-0.04932660326395022,0.0078125,256,7.3000979175049086,True,116
6636132311762040185,0.7,raw_coordinates,0.6334210597388299,0.0078125,256,12.930482902879424,True,116
6636132311762040185,0.7,moment_registration,0.0020592598165074527,0.0078125,256,4.236572652345176,True,116
6636132311762040185,0.7,euler_secondary,0.7683340896654588,0.0078125,256,8.660254037844387,True,116
10478047566481496680,0.7,quotient_exact,0.006226024109557304,0.0078125,256,6.849216290815524,True,117
10478047566481496680,0.7,raw_coordinates,0.4523917025181885,0.0078125,256,13.616369306800557,True,117
10478047566481496680,0.7,moment_registration,0.06913280114032161,0.0078125,256,4.052163834056805,True,117
10478047566481496680,0.7,euler_secondary,1.0831545262370328,0.0078125,256,9.433981132056603,True,117
5186695401395822005,0.7,quotient_exact,-0.03484248677011548,0.0078125,256,7.144655670625781,True,118
5186695401395822005,0.7,raw_coordinates,0.5284600794998758,0.0078125,256,12.828921434995275,True,118
5186695401395822005,0.7,moment_registration,0.027092008320317995,0.0078125,256,4.073284957248612,True,118
5186695401395822005,0.7,euler_secondary,1.0875851942729462,0.0078125,256,9.394147114027968,True,118
8701554645769450349,0.7,quotient_exact,-0.012168465231653602,0.015625,256,7.074649957693563,True,119
8701554645769450349,0.7,raw_coordinates,0.6097678321067771,0.0078125,256,13.118899198801232,True,119
8701554645769450349,0.7,moment_registration,0.027593504011173442,0.015625,256,4.111917235713402,True,119
8701554645769450349,0.7,euler_secondary,1.007509635674679,0.0078125,256,7.33143914930759,True,119
725102790423211803,0.7,quotient_exact,-0.0026567071953980115,0.0078125,256,6.256393771875579,True,120
725102790423211803,0.7,raw_coordinates,0.5580307085451475,0.0078125,256,13.297296860356552,True,120
725102790423211803,0.7,moment_registration,0.10419245416924561,0.0078125,256,3.427489223651476,True,120
725102790423211803,0.7,euler_secondary,1.034546939234111,0.0078125,256,9.055385138137417,True,120
9708885260297801042,0.7,quotient_exact,0.0020626344837405552,0.0078125,256,6.513947339393474,True,121
9708885260297801042,0.7,raw_coordinates,0.5338001978785272,0.0078125,256,13.43140774231291,True,121
9708885260297801042,0.7,moment_registration,0.05341644573954518,0.0078125,256,3.9544052937359355,True,121
9708885260297801042,0.7,euler_secondary,0.8508637382651114,0.0078125,256,8.845903006477066,True,121
6506281479775834458,0.7,quotient_exact,-0.024616625092622857,0.0078125,256,6.9322638088143655,True,122
6506281479775834458,0.7,raw_coordinates,0.49985516646713557,0.0078125,256,13.251216248888735,True,122
6506281479775834458,0.7,moment_registration,0.038657522912429076,0.0078125,256,3.779089762538252,True,122
6506281479775834458,0.7,euler_secondary,1.0001656079756964,0.0078125,256,7.3824115301167,True,122
17217025296571799568,0.7,quotient_exact,-0.028239796902139402,0.078125,256,6.9207458748679835,False,123
17217025296571799568,0.7,raw_coordinates,0.43835226113046355,0.0078125,256,13.207622445464953,True,123
17217025296571799568,0.7,moment_registration,0.03577805096131781,0.0078125,256,4.385055221297967,True,123
17217025296571799568,0.7,euler_secondary,1.0359068347252804,0.0078125,256,8.514693182963201,True,123
66152764980639512,0.7,quotient_exact,-0.005069804930036059,0.0078125,256,8.120091530060686,True,124
66152764980639512,0.7,raw_coordinates,0.35821391896206334,0.0078125,256,13.140649380666098,True,124
66152764980639512,0.7,moment_registration,-0.0036152418908256267,0.0078125,256,5.344274186126626,True,124
66152764980639512,0.7,euler_secondary,1.0756123386672487,0.0078125,256,9.447221813845593,True,124
6174054676316429018,0.7,quotient_exact,-0.006859058025064924,0.015625,256,7.133549958988936,True,125
6174054676316429018,0.7,raw_coordinates,0.4323873251822876,0.0078125,256,12.509612228977316,True,125
6174054676316429018,0.7,moment_registration,0.03485163200726826,0.0078125,256,4.074266940371155,True,125
6174054676316429018,0.7,euler_secondary,1.1182496952379353,0.0078125,256,9.340770846134703,True,125
11586068294144661544,0.7,quotient_exact,0.008753749607201877,0.0078125,256,7.126961399286337,True,126
11586068294144661544,0.7,raw_coordinates,0.599104782421719,0.0078125,256,12.511201060196193,True,126
11586068294144661544,0.7,moment_registration,0.026930232249582686,0.0078125,256,4.09674867505668,True,126
11586068294144661544,0.7,euler_secondary,0.7803090317174601,0.0078125,256,7.794228634059948,True,126
16138668187359612923,0.7,quotient_exact,-0.02245277931914913,0.0078125,256,7.612984152254722,True,127
16138668187359612923,0.7,raw_coordinates,0.5156274491535388,0.0078125,256,13.248007523711667,True,127
16138668187359612923,0.7,moment_registration,0.020361204968142754,0.0078125,256,4.528134662763058,True,127
16138668187359612923,0.7,euler_secondary,1.033661036200846,0.0078125,256,9.151502608861563,True,127
10719212156055236245,0.7,quotient_exact,-0.02087992420041096,0.0078125,256,7.264129758673485,True,128
10719212156055236245,0.7,raw_coordinates,0.4427652805753727,0.0078125,256,12.737471556698434,True,128
10719212156055236245,0.7,moment_registration,-0.009215437017611294,0.0078125,256,4.622522869911682,True,128
10719212156055236245,0.7,euler_secondary,1.059523834487095,0.0078125,256,9.539392014169456,True,128
3767905381744591440,0.7,quotient_exact,-0.039847415672915276,0.015625,256,7.561766162272019,True,129
3767905381744591440,0.7,raw_coordinates,0.4630604864262564,0.0078125,256,13.224605237932881,True,129
3767905381744591440,0.7,moment_registration,-0.023247441699954186,0.0078125,256,4.787430821684572,True,129
3767905381744591440,0.7,euler_secondary,0.8663836742035509,0.0078125,256,8.411301920630361,True,129
7919020824235509718,0.7,quotient_exact,0.019031812585762475,0.0234375,256,6.523550827849469,True,130
7919020824235509718,0.7,raw_coordinates,0.5531976418694906,0.0078125,256,13.233227274049872,True,130
7919020824235509718,0.7,moment_registration,0.07548401149477824,0.0078125,256,3.7442819354051204,True,130
7919020824235509718,0.7,euler_secondary,1.031702851188901,0.0078125,256,8.616843969807043,True,130
1515001103755239954,0.7,quotient_exact,0.005958662214917032,0.0078125,256,7.4285249492278185,True,131
1515001103755239954,0.7,raw_coordinates,0.5102079178578828,0.0078125,256,12.681079877516167,True,131
1515001103755239954,0.7,moment_registration,0.007678839060951681,0.0078125,256,5.006643181786952,True,131
1515001103755239954,0.7,euler_secondary,0.9732399769653683,0.0078125,256,7.54983443527075,True,131
6005805592798123635,0.7,quotient_exact,0.018790039546497828,0.0078125,256,7.009657969900185,True,132
6005805592798123635,0.7,raw_coordinates,0.5613433115720345,0.0078125,256,14.139224151225172,True,132
6005805592798123635,0.7,moment_registration,0.0721610382262925,0.0078125,256,4.17638095054052,True,132
6005805592798123635,0.7,euler_secondary,1.0035859347013258,0.0078125,256,9.433981132056603,True,132
5947987861192203939,0.7,quotient_exact,-0.019469667846870653,0.015625,256,6.710233875677789,True,133
5947987861192203939,0.7,raw_coordinates,0.5367135214686629,0.0078125,256,13.575013640255778,True,133
5947987861192203939,0.7,moment_registration,0.06736566529321786,0.0078125,256,3.763686157178961,True,133
5947987861192203939,0.7,euler_secondary,0.9190175105121545,0.0078125,256,7.399324293474371,True,133
16760771729491912258,0.7,quotient_exact,-0.028755364426775176,0.0078125,256,7.944768249935786,True,134
16760771729491912258,0.7,raw_coordinates,0.5144226146645023,0.0078125,256,13.185389698789018,True,134
16760771729491912258,0.7,moment_registration,0.0007245442801420143,0.0078125,256,5.146511050442471,True,134
16760771729491912258,0.7,euler_secondary,0.8780062494165424,0.0078125,256,8.831760866327848,True,134
3143620780017857848,0.7,quotient_exact,0.02189736823742039,0.0078125,256,6.450868834815594,True,135
3143620780017857848,0.7,raw_coordinates,0.46793382055217303,0.0078125,256,13.909712568325174,True,135
3143620780017857848,0.7,moment_registration,0.09696380033287233,0.0078125,256,3.864272236049762,True,135
3143620780017857848,0.7,euler_secondary,0.9057461320691853,0.0078125,256,9.591663046625438,True,135
13766914636754696118,0.7,quotient_exact,-0.04563690005244525,0.0234375,256,7.95816484773426,True,136
13766914636754696118,0.7,raw_coordinates,0.6086886058143138,0.0078125,256,12.241502868853834,True,136
13766914636754696118,0.7,moment_registration,-0.021309556782674988,0.0078125,256,5.184632755951293,True,136
13766914636754696118,0.7,euler_secondary,1.0949062845417687,0.0078125,256,9.300537618869138,True,136
15620665442465866395,0.7,quotient_exact,0.005564852389359665,0.015625,256,7.39271253615052,True,137
15620665442465866395,0.7,raw_coordinates,0.4955615576049135,0.0078125,256,13.366288556698375,True,137
15620665442465866395,0.7,moment_registration,0.04293708972025545,0.0078125,256,4.685375390743707,True,137
15620665442465866395,0.7,euler_secondary,1.0025911353024148,0.0078125,256,8.902246907382429,True,137
8020180266497715385,0.7,quotient_exact,0.01714015650687717,0.0078125,256,7.14680433715214,True,138
8020180266497715385,0.7,raw_coordinates,0.5998015133869428,0.0078125,256,12.858738727989568,True,138
8020180266497715385,0.7,moment_registration,0.0303144428077875,0.0078125,256,4.486070668076507,True,138
8020180266497715385,0.7,euler_secondary,1.0485649400111297,0.0078125,256,8.660254037844387,True,138
17457435916621729360,0.7,quotient_exact,-0.030098494995990155,0.1953125,256,6.728086661214881,False,139
17457435916621729360,0.7,raw_coordinates,0.5183397989849073,0.0078125,256,12.28094557113278,True,139
17457435916621729360,0.7,moment_registration,0.05254478015146424,0.0078125,256,3.166503449895638,True,139
17457435916621729360,0.7,euler_secondary,0.9907002556856263,0.0078125,256,8.860022573334675,True,139
5292970242108563041,0.7,quotient_exact,0.01566715482394143,0.0078125,256,6.78432357541854,True,140
5292970242108563041,0.7,raw_coordinates,0.5886826337445867,0.0078125,256,14.472035559644635,True,140
5292970242108563041,0.7,moment_registration,0.08889904825927619,0.0078125,256,4.08440139714856,True,140
5292970242108563041,0.7,euler_secondary,1.1027915404364734,0.0078125,256,9.486832980505138,True,140
14304432911198910515,0.7,quotient_exact,-0.02403365756703746,0.1640625,256,7.2088687526835695,False,141
14304432911198910515,0.7,raw_coordinates,0.5997856525572487,0.0078125,256,14.11929430790567,True,141
14304432911198910515,0.7,moment_registration,0.043136652914582574,0.0078125,256,4.2816635024915675,True,141
14304432911198910515,0.7,euler_secondary,0.9213161805780157,0.0078125,256,9.354143466934854,True,141
6809070436311895269,0.7,quotient_exact,0.014713482303663095,0.0078125,256,6.185055549138758,True,142
6809070436311895269,0.7,raw_coordinates,0.5031883111643494,0.0078125,256,13.698584986963029,True,142
6809070436311895269,0.7,moment_registration,0.11032691212330281,0.0078125,256,3.8321743730048405,True,142
6809070436311895269,0.7,euler_secondary,1.016647105492716,0.0078125,256,9.069178573608527,True,142
17140474253960062470,0.7,quotient_exact,-0.02058409489817603,0.0078125,256,6.759952220942483,True,143
17140474253960062470,0.7,raw_coordinates,0.5311599032338264,0.0078125,256,13.969275091931753,True,143
17140474253960062470,0.7,moment_registration,0.07276316200252464,0.0078125,256,4.135650323863695,True,143
17140474253960062470,0.7,euler_secondary,1.0494043292968498,0.0078125,256,8.831760866327848,True,143
6820979996729232474,0.7,quotient_exact,0.00804188796884886,0.0078125,256,7.256734232457876,True,144
6820979996729232474,0.7,raw_coordinates,0.6027210110026704,0.0078125,256,13.424499580268131,True,144
6820979996729232474,0.7,moment_registration,0.04915503945557709,0.0078125,256,4.414989359438675,True,144
6820979996729232474,0.7,euler_secondary,1.1093320507396882,0.0078125,256,9.394147114027968,True,144
684181476071152349,0.7,quotient_exact,-0.041230621912866194,0.28125,256,7.438705809472765,False,145
684181476071152349,0.7,raw_coordinates,0.5113505549252757,0.0078125,256,13.382377487570668,True,145
684181476071152349,0.7,moment_registration,-0.030404349889380677,0.1171875,256,5.083799643879917,False,145
684181476071152349,0.7,euler_secondary,1.120519877020391,0.0078125,256,9.327379053088816,True,145
10449445503162653381,0.7,quotient_exact,0.008959266735393046,0.0078125,256,6.863103004551997,True,146
10449445503162653381,0.7,raw_coordinates,0.400885593767486,0.0078125,256,13.25933340006282,True,146
10449445503162653381,0.7,moment_registration,0.04794259555713942,0.0078125,256,4.107255926277263,True,146
10449445503162653381,0.7,euler_secondary,1.0156082162022215,0.0078125,256,9.40744386111339,True,146
2747601828101659721,0.7,quotient_exact,-0.027615503090982374,0.0078125,256,7.411013517599367,True,147
2747601828101659721,0.7,raw_coordinates,0.4949948216636527,0.0078125,256,11.966470895904095,True,147
2747601828101659721,0.7,moment_registration,-0.0012454404987478629,0.0078125,256,4.414632749382507,True,147
2747601828101659721,0.7,euler_secondary,0.8037578321060084,0.0078125,256,7.745966692414834,True,147
11744156999546100683,0.7,quotient_exact,-0.02407765290274,0.03125,256,6.681822367584639,True,148
11744156999546100683,0.7,raw_coordinates,0.4844725942818975,0.0078125,256,12.2849245458851,True,148
11744156999546100683,0.7,moment_registration,0.04798769415776627,0.0078125,256,3.5589991775508794,True,148
11744156999546100683,0.7,euler_secondary,1.1169799619664658,0.0078125,256,7.483314773547883,True,148
9754655152360886287,0.7,quotient_exact,-0.03195164582977039,0.0078125,256,7.566841436831827,True,149
9754655152360886287,0.7,raw_coordinates,0.44169449635346636,0.0078125,256,12.747442569537222,True,149
9754655152360886287,0.7,moment_registration,0.002776406068175974,0.0078125,256,4.985517035705851,True,149
9754655152360886287,0.7,euler_secondary,1.019157169098415,0.0078125,256,8.845903006477066,True,149
2182106817942383566,0.7,quotient_exact,-0.006221740676604748,0.0234375,256,7.071081622788757,True,150
2182106817942383566,0.7,raw_coordinates,0.5823351828940162,0.0078125,256,13.628623307303334,True,150
2182106817942383566,0.7,moment_registration,0.04447541905469976,0.0078125,256,4.564332462959389,True,150
2182106817942383566,0.7,euler_secondary,1.2364899483030443,0.0078125,256,7.035623639735144,True,150
15621002559335437981,0.7,quotient_exact,-0.00037458153471703337,0.0546875,256,5.815866928308335,False,151
15621002559335437981,0.7,raw_coordinates,0.5968716356724184,0.0078125,256,13.29090623767597,True,151
15621002559335437981,0.7,moment_registration,0.0998758728992537,0.0078125,256,3.054618863904042,True,151
15621002559335437981,0.7,euler_secondary,0.8862142788131236,0.0078125,256,9.354143466934854,True,151
2508461801311564204,0.7,quotient_exact,0.019322756716637635,0.0078125,256,6.823866843574968,True,152
2508461801311564204,0.7,raw_coordinates,0.6064768619737555,0.0078125,256,14.69544943626256,True,152
2508461801311564204,0.7,moment_registration,0.10122321737441775,0.0078125,256,4.01596451180011,True,152
2508461801311564204,0.7,euler_secondary,1.1481734026476276,0.0078125,256,9.5524865872714,True,152
12834478493217303740,0.7,quotient_exact,-0.058498594076835,0.0078125,256,7.9721663500859155,True,153
12834478493217303740,0.7,raw_coordinates,0.47515112615742583,0.0078125,256,12.88374027711118,True,153
12834478493217303740,0.7,moment_registration,-0.024259706395556524,0.0078125,256,5.229910747937539,True,153
12834478493217303740,0.7,euler_secondary,1.0098711304540107,0.0078125,256,9.041570660012562,True,153
6207856893219363709,0.7,quotient_exact,-0.030606149122321402,0.0703125,256,7.378548075851843,False,154
6207856893219363709,0.7,raw_coordinates,0.5573374029414443,0.0078125,256,13.550304253001702,True,154
6207856893219363709,0.7,moment_registration,0.018565570607019244,0.0078125,256,4.607197840063557,True,154
6207856893219363709,0.7,euler_secondary,1.0131264907710658,0.0078125,256,8.972179222463181,True,154
6362613010316975201,0.7,quotient_exact,-0.03328346107784497,0.0390625,256,5.846026263758999,True,155
6362613010316975201,0.7,raw_coordinates,0.36236013030065106,0.0078125,256,12.1174857715834,True,155
6362613010316975201,0.7,moment_registration,0.07263460359696183,0.0078125,256,3.010358339111239,True,155
6362613010316975201,0.7,euler_secondary,0.7656149004361654,0.0078125,256,7.33143914930759,True,155
4512710141962620924,0.7,quotient_exact,-0.020313738245474444,0.0078125,256,7.395257038972584,True,156
4512710141962620924,0.7,raw_coordinates,0.6046220396507345,0.0078125,256,13.501753043840429,True,156
4512710141962620924,0.7,moment_registration,0.0021341291680337937,0.0078125,256,4.753519254004671,True,156
4512710141962620924,0.7,euler_secondary,0.693454009908147,0.0078125,256,8.0156097709407,True,156
4403860639104118697,0.7,quotient_exact,0.04861290731246326,0.0078125,256,6.00467732751488,True,157
4403860639104118697,0.7,raw_coordinates,0.522174534713477,0.0078125,256,12.925729441247855,True,157
4403860639104118697,0.7,moment_registration,0.17587623049677603,0.0078125,256,3.1481857062625025,True,157
4403860639104118697,0.7,euler_secondary,1.0901348232786843,0.0078125,256,9.300537618869138,True,157
5764383523573109543,0.7,quotient_exact,-0.022574933879031756,0.0625,256,7.153184345925636,False,158
5764383523573109543,0.7,raw_coordinates,0.4752215927329311,0.0078125,256,13.374767778233194,True,158
5764383523573109543,0.7,moment_registration,0.05787937343649596,0.0078125,256,4.385151245510299,True,158
5764383523573109543,0.7,euler_secondary,0.8370208680293947,0.0078125,256,9.513148795220223,True,158
2018208767847891051,0.7,quotient_exact,0.0016461186240683823,0.0078125,256,7.167201471211177,True,159
2018208767847891051,0.7,raw_coordinates,0.509806420843282,0.0078125,256,13.671737600470177,True,159
2018208767847891051,0.7,moment_registration,0.03422880675775808,0.0078125,256,4.588656487725637,True,159
2018208767847891051,0.7,euler_secondary,1.050460842008698,0.0078125,256,9.17877987534291,True,159
11183191274219610466,0.7,quotient_exact,0.0002547726262642769,0.015625,256,6.880541558258539,True,160
11183191274219610466,0.7,raw_coordinates,0.5254587311466418,0.0078125,256,13.843485538833232,True,160
11183191274219610466,0.7,moment_registration,0.05048085663926205,0.015625,256,4.084952025615925,True,160
11183191274219610466,0.7,euler_secondary,0.8612506610667505,0.0078125,256,7.44983221287567,True,160
11508464758720118927,0.7,quotient_exact,-0.052680930190227016,0.0703125,256,8.071547620140715,False,161
11508464758720118927,0.7,raw_coordinates,0.5113744374336462,0.0078125,256,12.83254925423983,True,161
11508464758720118927,0.7,moment_registration,-0.023718126583860077,0.0078125,256,4.95955436558983,True,161
11508464758720118927,0.7,euler_secondary,0.8884105433528799,0.0078125,256,9.433981132056603,True,161
15808300167218766116,0.7,quotient_exact,-0.013665641043554277,0.0078125,256,6.731174288717755,True,162
15808300167218766116,0.7,raw_coordinates,0.5528352899023262,0.0078125,256,12.272502716958607,True,162
15808300167218766116,0.7,moment_registration,0.04029773632708111,0.0078125,256,3.6795481055111883,True,162
15808300167218766116,0.7,euler_secondary,0.8785741389785576,0.0078125,256,8.888194417315589,True,162
12609787358916901949,0.7,quotient_exact,0.025806701852358893,0.015625,256,6.9262409407326775,True,163
12609787358916901949,0.7,raw_coordinates,0.5372549210638553,0.0078125,256,13.649243254041343,True,163
12609787358916901949,0.7,moment_registration,0.07293784273718507,0.0078125,256,4.08821190646688,True,163
12609787358916901949,0.7,euler_secondary,0.7301402314702057,0.0078125,256,9.604686356149273,True,163
9563058723180955166,0.7,quotient_exact,-0.028493814754687374,0.0078125,256,7.184388350970341,True,164
9563058723180955166,0.7,raw_coordinates,0.35285380971189517,0.015625,256,12.862765071841283,True,164
9563058723180955166,0.7,moment_registration,0.02382931265346999,0.0078125,256,3.846229882375708,True,164
9563058723180955166,0.7,euler_secondary,0.9199067122973219,0.0078125,256,9.340770846134703,True,164
8388623400924212728,0.7,quotient_exact,-0.01877420094953086,0.0234375,256,6.710587663534587,True,165
8388623400924212728,0.7,raw_coordinates,0.36627161236279215,0.0078125,256,12.215765799591107,True,165
8388623400924212728,0.7,moment_registration,-0.010292129092718927,0.0078125,256,4.131382908745468,True,165
8388623400924212728,0.7,euler_secondary,1.093989254780092,0.0078125,256,7.905694150420948,True,165
10815481053027256074,0.7,quotient_exact,-0.031219920386847178,0.0078125,256,7.688797352368026,True,166
10815481053027256074,0.7,raw_coordinates,0.47092943402960497,0.0078125,256,13.236619515921394,True,166
10815481053027256074,0.7,moment_registration,0.0017577546649745202,0.0078125,256,5.014929403718781,True,166
10815481053027256074,0.7,euler_secondary,0.8739275394114017,0.0078125,256,8.74642784226795,True,166
3796930832389100481,0.7,quotient_exact,-0.03901436584984219,0.15625,256,7.152069796240041,False,167
3796930832389100481,0.7,raw_coordinates,0.4476779183188535,0.0078125,256,13.177755817034516,True,167
3796930832389100481,0.7,moment_registration,0.006106508135038324,0.0078125,256,4.284698824210145,True,167
3796930832389100481,0.7,euler_secondary,0.948605981181514,0.0078125,256,9.041570660012562,True,167
5996341780928041562,0.7,quotient_exact,-0.03344370572485289,0.1640625,256,7.419458851570212,False,168
5996341780928041562,0.7,raw_coordinates,0.5201515015392751,0.0078125,256,13.291772858174426,True,168
5996341780928041562,0.7,moment_registration,0.021718711714659444,0.0078125,256,4.363505698918485,True,168
5996341780928041562,0.7,euler_secondary,1.050827072758814,0.0078125,256,9.40744386111339,True,168
4866560902168134071,0.7,quotient_exact,-0.006012192242698,0.0078125,256,7.560200002088404,True,169
4866560902168134071,0.7,raw_coordinates,0.5383028597432664,0.0078125,256,14.474767231427842,True,169
4866560902168134071,0.7,moment_registration,0.03651371500534806,0.0078125,256,4.684250678959631,True,169
4866560902168134071,0.7,euler_secondary,0.8829771317082287,0.0078125,256,8.587782018658833,True,169
1549322281005711739,0.7,quotient_exact,0.02130131625965115,0.015625,256,6.343832325596513,True,170
1549322281005711739,0.7,raw_coordinates,0.32774289899090436,0.0078125,256,12.781951336222798,True,170
1549322281005711739,0.7,moment_registration,0.055119921312287934,0.0078125,256,3.996306078412616,True,170
1549322281005711739,0.7,euler_secondary,0.8121307681040546,0.0078125,256,9.300537618869138,True,170
6288615778672538410,0.7,quotient_exact,0.014695159719057882,0.0078125,256,6.85950197370716,True,171
6288615778672538410,0.7,raw_coordinates,0.6414697511388137,0.0078125,256,13.502004931017218,True,171
6288615778672538410,0.7,moment_registration,0.08301620193676473,0.0078125,256,4.09059473342602,True,171
6288615778672538410,0.7,euler_secondary,0.7995877177832463,0.0078125,256,8.154753215150045,True,171
11257760414424260687,0.7,quotient_exact,-0.030692262794036695,0.0078125,256,7.170156294777119,True,172
11257760414424260687,0.7,raw_coordinates,0.44451764425691,0.0078125,256,12.81350205354254,True,172
11257760414424260687,0.7,moment_registration,-0.0054873735891344255,0.0078125,256,4.618284509910564,True,172
11257760414424260687,0.7,euler_secondary,0.9881010786594194,0.0078125,256,7.5,True,172
3757099173681804789,0.7,quotient_exact,-0.0067949780354235045,0.0078125,256,7.163935478894849,True,173
3757099173681804789,0.7,raw_coordinates,0.5817589178025544,0.0078125,256,13.376482636623725,True,173
3757099173681804789,0.7,moment_registration,0.04920443311714662,0.0078125,256,4.825391540953947,True,173
3757099173681804789,0.7,euler_secondary,0.9898770812636362,0.0078125,256,8.717797887081348,True,173
9163719439969711656,0.7,quotient_exact,-0.034385738013813505,0.0078125,256,7.266569809244893,True,174
9163719439969711656,0.7,raw_coordinates,0.49539129548804994,0.0078125,256,13.542835770166855,True,174
9163719439969711656,0.7,moment_registration,-0.0040498885020398,0.0078125,256,4.831635685935557,True,174
9163719439969711656,0.7,euler_secondary,0.9131727008837801,0.0078125,256,8.760707733967616,True,174
13534504639472937754,0.7,quotient_exact,-0.0414917693439083,0.125,256,7.255198417815938,False,175
13534504639472937754,0.7,raw_coordinates,0.5542106378920145,0.0078125,256,14.167367137668935,True,175
13534504639472937754,0.7,moment_registration,0.002085477840854111,0.0078125,256,4.577083531577145,True,175
13534504639472937754,0.7,euler_secondary,1.0214291832120272,0.0078125,256,9.5,True,175
780383810334702410,0.7,quotient_exact,0.018682748838907748,0.0078125,256,6.399267559533705,True,176
780383810334702410,0.7,raw_coordinates,0.6268710729053002,0.0078125,256,13.470318495268144,True,176
780383810334702410,0.7,moment_registration,0.0676243983831647,0.0078125,256,3.966474872689003,True,176
780383810334702410,0.7,euler_secondary,1.0360628107125471,0.0078125,256,9.1104335791443,True,176
3632834795461040941,0.7,quotient_exact,0.025798627596950063,0.0078125,256,6.332589856059493,True,177
3632834795461040941,0.7,raw_coordinates,0.5311437529121981,0.0078125,256,12.859331018740775,True,177
3632834795461040941,0.7,moment_registration,0.08275794811717796,0.0078125,256,3.867006835838274,True,177
3632834795461040941,0.7,euler_secondary,1.2021121505532157,0.0078125,256,7.466592261534039,True,177
7647070147487534296,0.7,quotient_exact,-0.0136649547362655,0.015625,256,7.454805505127422,True,178
7647070147487534296,0.7,raw_coordinates,0.572605674941196,0.0078125,256,12.726901121013602,True,178
7647070147487534296,0.7,moment_registration,0.018793633192950687,0.0078125,256,5.110606452026207,True,178
7647070147487534296,0.7,euler_secondary,1.0931016137204912,0.0078125,256,8.336666000266533,True,178
8325274582615809938,0.7,quotient_exact,-0.015145069708006997,0.0078125,256,7.089287437460929,True,179
8325274582615809938,0.7,raw_coordinates,0.6136556927190118,0.0078125,256,12.721574014462433,True,179
8325274582615809938,0.7,moment_registration,0.07934696567776545,0.0078125,256,3.7426715492040046,True,179
8325274582615809938,0.7,euler_secondary,0.7646279939747345,0.0078125,256,9.069178573608527,True,179
14602869188412135183,0.7,quotient_exact,0.01569729610230186,0.0078125,256,7.378827601926145,True,180
14602869188412135183,0.7,raw_coordinates,0.5380301444867421,0.0078125,256,14.22254090791333,True,180
14602869188412135183,0.7,moment_registration,0.05669109088830748,0.0078125,256,4.668595057294027,True,180
14602869188412135183,0.7,euler_secondary,0.7782556572304363,0.0078125,256,8.031189202104505,True,180
13464137193243309756,0.7,quotient_exact,-0.03399320270806616,0.3203125,256,7.206855955746161,False,181
13464137193243309756,0.7,raw_coordinates,0.6138226001230763,0.0078125,256,14.030978552519896,True,181
13464137193243309756,0.7,moment_registration,0.019778693332588748,0.0078125,256,4.2328997742718615,True,181
13464137193243309756,0.7,euler_secondary,0.85692811507875,0.0078125,256,8.351646544245034,True,181
1766848051056683279,0.7,quotient_exact,-0.03399926308343715,0.0078125,256,7.422646312253601,True,182
1766848051056683279,0.7,raw_coordinates,0.4316519225233968,0.0078125,256,12.73844557347225,True,182
1766848051056683279,0.7,moment_registration,-0.009139920361844411,0.0078125,256,4.903639073421816,True,182
1766848051056683279,0.7,euler_secondary,1.0640753811738501,0.0078125,256,9.287087810503355,True,182
9175057475536915127,0.7,quotient_exact,-0.014056754202413702,0.0078125,256,7.2578705780777275,True,183
9175057475536915127,0.7,raw_coordinates,0.6102878913863498,0.0078125,256,13.52194307905537,True,183
9175057475536915127,0.7,moment_registration,0.024421980006011257,0.0078125,256,4.543735665025608,True,183
9175057475536915127,0.7,euler_secondary,1.0220272991316115,0.0078125,256,9.082951062292475,True,183
15131085761367382670,0.7,quotient_exact,-0.0033559807910106265,0.03125,256,7.162763308380099,True,184
15131085761367382670,0.7,raw_coordinates,0.5863225207595383,0.0078125,256,13.19371330856019,True,184
15131085761367382670,0.7,moment_registration,0.04891183098987706,0.0234375,256,4.611854478918856,True,184
15131085761367382670,0.7,euler_secondary,1.0064433458407294,0.0078125,256,8.660254037844387,True,184
647336830459968983,0.7,quotient_exact,0.012208017454585662,0.0078125,256,7.324872153400596,True,185
647336830459968983,0.7,raw_coordinates,0.43473771594192545,0.0078125,256,13.58278744181334,True,185
647336830459968983,0.7,moment_registration,0.055030132242263385,0.0078125,256,4.730148381557832,True,185
647336830459968983,0.7,euler_secondary,1.2113887000691004,0.0078125,256,7.632168761236874,True,185
9477719151700532886,0.7,quotient_exact,-0.014215697634754942,0.0078125,256,7.048143821548862,True,186
9477719151700532886,0.7,raw_coordinates,0.565796094441087,0.0078125,256,12.424639494840568,True,186
9477719151700532886,0.7,moment_registration,0.01790170618183451,0.0078125,256,4.354965654729501,True,186
9477719151700532886,0.7,euler_secondary,0.8247783048365654,0.0078125,256,8.674675786448736,True,186
7938500545410213623,0.7,quotient_exact,0.030876341592335432,0.0390625,256,5.959267285091483,True,187
7938500545410213623,0.7,raw_coordinates,0.48535398998477897,0.0078125,256,13.533354631977113,True,187
7938500545410213623,0.7,moment_registration,0.20142871197644874,0.0078125,256,3.229071356579002,True,187
7938500545410213623,0.7,euler_secondary,0.8880922595196307,0.0078125,256,8.48528137423857,True,187
16337385055280125280,0.7,quotient_exact,0.00031401444425838143,0.0078125,256,7.214872049055841,True,188
16337385055280125280,0.7,raw_coordinates,0.475574416095625,0.0078125,256,14.080443248725723,True,188
16337385055280125280,0.7,moment_registration,0.045267446740148265,0.0078125,256,4.1394911999378285,True,188
16337385055280125280,0.7,euler_secondary,0.8665753527284097,0.0078125,256,8.215838362577491,True,188
6133779414410610606,0.7,quotient_exact,0.004091175018147264,0.0078125,256,7.452048656330235,True,189
6133779414410610606,0.7,raw_coordinates,0.5768926367643639,0.0078125,256,13.43969355950575,True,189
6133779414410610606,0.7,moment_registration,0.04188696574111683,0.0078125,256,4.896995272444562,True,189
6133779414410610606,0.7,euler_secondary,1.0993157397707523,0.0078125,256,9.513148795220223,True,189
15370033943173101742,0.7,quotient_exact,-0.03681307231199926,0.0078125,256,7.377709628775413,True,190
15370033943173101742,0.7,raw_coordinates,0.43694843582848875,0.0078125,256,12.109907953340624,True,190
15370033943173101742,0.7,moment_registration,0.005443137797770836,0.0078125,256,4.660758902520697,True,190
15370033943173101742,0.7,euler_secondary,0.9992378512634145,0.0078125,256,7.262919523166975,True,190
5105118046116372004,0.7,quotient_exact,0.021336464278048695,0.0078125,256,6.130748803842341,True,191
5105118046116372004,0.7,raw_coordinates,0.5768053285499934,0.0078125,256,12.910351976278186,True,191
5105118046116372004,0.7,moment_registration,0.09572971240314554,0.0078125,256,3.173999379098771,True,191
5105118046116372004,0.7,euler_secondary,1.097715744146304,0.0078125,256,9.447221813845593,True,191
6823701816784102889,0.7,quotient_exact,-0.05531265262592533,0.0078125,256,8.094000335306047,True,192
6823701816784102889,0.7,raw_coordinates,0.43847957490555145,0.0078125,256,12.757840775175467,True,192
6823701816784102889,0.7,moment_registration,-0.03263804809432347,0.0078125,256,5.446543003476234,True,192
6823701816784102889,0.7,euler_secondary,0.9022187829507737,0.0078125,256,8.817596044274199,True,192
13353520729430484886,0.7,quotient_exact,-0.01943589362101006,0.0625,256,7.864703434682487,False,193
13353520729430484886,0.7,raw_coordinates,0.47046128503708184,0.0078125,256,13.546952253136892,True,193
13353520729430484886,0.7,moment_registration,0.02791267416624521,0.0078125,256,4.995310903750637,True,193
13353520729430484886,0.7,euler_secondary,1.0292002128883824,0.0078125,256,7.745966692414834,True,193
15591275491682036490,0.7,quotient_exact,-0.05515818482868662,0.0234375,256,8.127012004485456,True,194
15591275491682036490,0.7,raw_coordinates,0.48049385402181577,0.0078125,256,12.897924704287766,True,194
15591275491682036490,0.7,moment_registration,-0.02709080543061604,0.0078125,256,5.505241106050673,True,194
15591275491682036490,0.7,euler_secondary,0.9566788990152384,0.0078125,256,7.794228634059948,True,194
17831683359177899951,0.7,quotient_exact,-0.024027268280048975,0.0078125,256,7.313294649325476,True,195
17831683359177899951,0.7,raw_coordinates,0.4137764838046113,0.0078125,256,13.669191690596355,True,195
17831683359177899951,0.7,moment_registration,0.021461427086231222,0.0078125,256,4.132078930928292,True,195
17831683359177899951,0.7,euler_secondary,0.8944903997720077,0.0078125,256,8.803408430829505,True,195
5913093703958071282,0.7,quotient_exact,0.0006505359085879903,0.0703125,256,6.804227198038868,False,196
5913093703958071282,0.7,raw_coordinates,0.5952285315294552,0.0078125,256,13.214580855336964,True,196
5913093703958071282,0.7,moment_registration,0.08358297272970072,0.0078125,256,3.976712427746152,True,196
5913093703958071282,0.7,euler_secondary,1.064675042130267,0.0078125,256,8.986100377805714,True,196
7542652989538443920,0.7,quotient_exact,0.03146116777525443,0.0078125,256,6.616801320447389,True,197
7542652989538443920,0.7,raw_coordinates,0.5353976423922755,0.0078125,256,13.948315660280883,True,197
7542652989538443920,0.7,moment_registration,0.1473549716175827,0.0078125,256,3.7136458876391774,True,197
7542652989538443920,0.7,euler_secondary,0.7657296190847763,0.0078125,256,8.366600265340756,True,197
17249811538847261534,0.7,quotient_exact,-0.03244242082250526,0.03125,256,7.3800438878009444,True,198
17249811538847261534,0.7,raw_coordinates,0.5142780160261661,0.0078125,256,13.746340455433597,True,198
17249811538847261534,0.7,moment_registration,-0.0011682914133006594,0.0078125,256,4.2825757076442255,True,198
17249811538847261534,0.7,euler_secondary,1.035614814064009,0.0078125,256,9.027735042633894,True,198
5434074777239700805,0.7,quotient_exact,-0.003609050273639891,0.1328125,256,6.616282705020818,False,199
5434074777239700805,0.7,raw_coordinates,0.5812697056391052,0.0078125,256,13.61457481934173,True,199
5434074777239700805,0.7,moment_registration,0.07142299476090919,0.0078125,256,3.8352802029288586,True,199
5434074777239700805,0.7,euler_secondary,0.9675175449473321,0.0078125,256,8.703447592764606,True,199
17655899562911776680,0.7,quotient_exact,-0.021270315337967083,0.109375,256,7.067175280397064,False,200
17655899562911776680,0.7,raw_coordinates,0.5137618719935567,0.0078125,256,12.23341589433885,True,200
17655899562911776680,0.7,moment_registration,0.018067012974902097,0.0078125,256,3.935714309498156,True,200
17655899562911776680,0.7,euler_secondary,0.8839303054440026,0.0078125,256,9.785192895390463,True,200
2954441775399173022,0.7,quotient_exact,-0.03323150647375439,0.0078125,256,8.748527031350791,True,201
2954441775399173022,0.7,raw_coordinates,0.45218344790723575,0.0078125,256,12.554305179106255,True,201
2954441775399173022,0.7,moment_registration,-0.03417312122306493,0.0078125,256,6.679039483770905,True,201
2954441775399173022,0.7,euler_secondary,0.408267040350216,0.015625,256,9.669539802906858,True,201
15797152044640110957,0.7,quotient_exact,-0.0096166178522048,0.015625,256,6.42929057308967,True,202
15797152044640110957,0.7,raw_coordinates,0.6330458825033812,0.0078125,256,13.614055628920262,True,202
15797152044640110957,0.7,moment_registration,0.07981161450385454,0.0078125,256,3.5152363365913204,True,202
15797152044640110957,0.7,euler_secondary,1.0872189298282202,0.0078125,256,9.246621004453464,True,202
16065957963942960123,0.7,quotient_exact,-0.031891171238689564,0.0078125,256,7.301458952207714,True,203
16065957963942960123,0.7,raw_coordinates,0.4534983503442459,0.0078125,256,13.205170335886846,True,203
16065957963942960123,0.7,moment_registration,0.0003561768617305061,0.0078125,256,4.730527508666871,True,203
16065957963942960123,0.7,euler_secondary,0.9307366205660683,0.0078125,256,8.093207028119323,True,203
14959877256709904101,0.7,quotient_exact,-0.02703012192037446,0.0234375,256,7.798967543430545,True,204
14959877256709904101,0.7,raw_coordinates,0.4908870481632379,0.0078125,256,13.78086211506014,True,204
14959877256709904101,0.7,moment_registration,0.017570013335070245,0.0078125,256,4.773667987258953,True,204
14959877256709904101,0.7,euler_secondary,0.8492046850024122,0.0078125,256,9.578622030334008,True,204
16871969422249638833,0.7,quotient_exact,0.028599544587052717,0.0078125,256,6.348030256049034,True,205
16871969422249638833,0.7,raw_coordinates,0.6405260944219278,0.0078125,256,14.937253943604674,True,205
16871969422249638833,0.7,moment_registration,0.1223089856725964,0.0078125,256,3.68741493413106,True,205
16871969422249638833,0.7,euler_secondary,0.9978364468280756,0.0078125,256,9.041570660012562,True,205
10174960226955925997,0.7,quotient_exact,-0.0077300463703585676,0.0078125,256,6.30743099353743,True,206
10174960226955925997,0.7,raw_coordinates,0.6360990160835929,0.0078125,256,12.745840947124721,True,206
10174960226955925997,0.7,moment_registration,0.048394357437071656,0.0078125,256,3.8514696801936963,True,206
10174960226955925997,0.7,euler_secondary,1.1159262882802279,0.0078125,256,9.460443964212251,True,206
8040584151321524578,0.7,quotient_exact,-0.009953668034539676,0.0078125,256,7.076070649923879,True,207
8040584151321524578,0.7,raw_coordinates,0.6160619883037743,0.0078125,256,13.582497446134383,True,207
8040584151321524578,0.7,moment_registration,0.0752976562107992,0.0078125,256,3.894147868775059,True,207
8040584151321524578,0.7,euler_secondary,1.1002693417273819,0.0078125,256,9.473647660748208,True,207
5191943984624123084,0.7,quotient_exact,-0.022664775845121055,0.0546875,256,5.729599836012854,False,208
5191943984624123084,0.7,raw_coordinates,0.5369499133630553,0.0078125,256,12.142499941799294,True,208
5191943984624123084,0.7,moment_registration,0.035523669843397276,0.0078125,256,3.340265668041162,True,208
5191943984624123084,0.7,euler_secondary,0.8758840742857468,0.0078125,256,7.466592261534039,True,208
10070891801844299327,0.7,quotient_exact,-0.006142971829626309,0.0234375,256,8.997650657703959,True,209
10070891801844299327,0.7,raw_coordinates,0.5803473221461783,0.0078125,256,13.323060749701526,True,209
10070891801844299327,0.7,moment_registration,-0.009537827465270432,0.0078125,256,6.3625474010747,True,209
10070891801844299327,0.7,euler_secondary,0.8717816040976044,0.0078125,256,8.306623862918075,True,209
4094444291173733602,0.7,quotient_exact,-0.029541238049770935,0.0078125,256,6.938760469940238,True,210
4094444291173733602,0.7,raw_coordinates,0.4551594797661105,0.0078125,256,12.981703282331331,True,210
4094444291173733602,0.7,moment_registration,0.03989027347828522,0.0078125,256,4.054421350343859,True,210
4094444291173733602,0.7,euler_secondary,1.077655605237286,0.0078125,256,9.433981132056603,True,210
5706899814632327545,0.7,quotient_exact,-0.014862361010749892,0.0078125,256,6.948854408066386,True,211
5706899814632327545,0.7,raw_coordinates,0.5783116040319887,0.0078125,256,14.448232280953256,True,211
5706899814632327545,0.7,moment_registration,0.05786737092850891,0.0078125,256,4.442922353054712,True,211
5706899814632327545,0.7,euler_secondary,0.9296595636203713,0.0078125,256,8.645808232895291,True,211
16411581126985187777,0.7,quotient_exact,-0.0033544953548555467,0.0078125,256,7.149679141208444,True,212
16411581126985187777,0.7,raw_coordinates,0.5729194935550018,0.0078125,256,13.36265975978062,True,212
16411581126985187777,0.7,moment_registration,0.04307194591826424,0.0078125,256,4.33085115419326,True,212
16411581126985187777,0.7,euler_secondary,1.1008560052601015,0.0078125,256,9.137833441248533,True,212
2169319340699366953,0.7,quotient_exact,-0.01638343759174432,0.1015625,256,7.280465004095736,False,213
2169319340699366953,0.7,raw_coordinates,0.3421808148581299,0.0078125,256,12.704836188350773,True,213
2169319340699366953,0.7,moment_registration,0.049004331852759986,0.0078125,256,4.264307522633778,True,213
2169319340699366953,0.7,euler_secondary,0.8017684056079055,0.0078125,256,9.447221813845593,True,213
6620048549185991849,0.7,quotient_exact,0.0064232364787426555,0.0078125,256,7.510046813452957,True,214
6620048549185991849,0.7,raw_coordinates,0.4635536700400271,0.0078125,256,13.096642047365647,True,214
6620048549185991849,0.7,moment_registration,0.028860745269860377,0.0078125,256,4.91273810395602,True,214
6620048549185991849,0.7,euler_secondary,0.7354372186889191,0.0078125,256,8.874119674649425,True,214
7254895071690823412,0.7,quotient_exact,-0.0012162340876902267,0.0078125,256,6.794854887976306,True,215
7254895071690823412,0.7,raw_coordinates,0.6058676323669996,0.0078125,256,13.15124582013765,True,215
7254895071690823412,0.7,moment_registration,0.049369481599491394,0.0078125,256,4.065879193558637,True,215
7254895071690823412,0.7,euler_secondary,0.925680967636286,0.0078125,256,9.40744386111339,True,215
10992286601336940897,0.7,quotient_exact,-0.04427275631291239,0.1015625,256,8.18579382884309,False,216
10992286601336940897,0.7,raw_coordinates,0.5053492655206739,0.0078125,256,12.511048314255419,True,216
10992286601336940897,0.7,moment_registration,-0.037452412156980475,0.0078125,256,5.624520499269392,True,216
10992286601336940897,0.7,euler_secondary,0.837233996060348,0.0078125,256,8.261355820929152,True,216
2465500411668427098,0.7,quotient_exact,-0.02777468832247798,0.0078125,256,7.72508607753778,True,217
2465500411668427098,0.7,raw_coordinates,0.5286201539230109,0.0078125,256,13.330188326122967,True,217
2465500411668427098,0.7,moment_registration,0.015255756453233404,0.0078125,256,4.991436882759776,True,217
2465500411668427098,0.7,euler_secondary,0.4508198512789747,0.0078125,256,9.0,True,217
17535600763182309214,0.7,quotient_exact,0.014039289402145716,0.015625,256,6.449460946759566,True,218
17535600763182309214,0.7,raw_coordinates,0.5747855973250006,0.0078125,256,13.638684465769263,True,218
17535600763182309214,0.7,moment_registration,0.0724132941887401,0.0078125,256,3.6784952379665934,True,218
17535600763182309214,0.7,euler_secondary,1.0074313826731047,0.0078125,256,7.648529270389178,True,218
14730035895784729384,0.7,quotient_exact,-0.012223688542518096,0.0078125,256,6.50525405789451,True,219
14730035895784729384,0.7,raw_coordinates,0.45796433994950236,0.0078125,256,12.937455154477703,True,219
14730035895784729384,0.7,moment_registration,0.012239621241257881,0.0078125,256,4.110886250815343,True,219
14730035895784729384,0.7,euler_secondary,1.0184576239343968,0.0078125,256,9.327379053088816,True,219
6394339025404770507,0.7,quotient_exact,-0.03703288259818138,0.0078125,256,7.037313313501461,True,220
6394339025404770507,0.7,raw_coordinates,0.41508747150063086,0.0078125,256,13.238143600195963,True,220
6394339025404770507,0.7,moment_registration,0.022626417718382585,0.0078125,256,4.361240226197621,True,220
6394339025404770507,0.7,euler_secondary,1.188079284201867,0.0078125,256,7.280109889280518,True,220
3916570270727759576,0.7,quotient_exact,0.01178559810808344,0.015625,256,6.75014567201438,True,221
3916570270727759576,0.7,raw_coordinates,0.3734482820841003,0.0078125,256,12.810245505951183,True,221
3916570270727759576,0.7,moment_registration,0.04187321088447671,0.0078125,256,4.052877735460401,True,221
3916570270727759576,0.7,euler_secondary,1.0096845935906513,0.0078125,256,7.632168761236874,True,221
18397156841037541444,0.7,quotient_exact,0.0018772809502426435,0.0078125,256,6.958392797888492,True,222
18397156841037541444,0.7,raw_coordinates,0.5150842844020531,0.0078125,256,13.583376875170462,True,222
18397156841037541444,0.7,moment_registration,0.04711240747378764,0.0078125,256,4.214681714201011,True,222
18397156841037541444,0.7,euler_secondary,0.7999319857356066,0.0078125,256,9.027735042633894,True,222
11374230231916199947,0.7,quotient_exact,-0.002346044096488309,0.0078125,256,6.634463950287111,True,223
11374230231916199947,0.7,raw_coordinates,0.5209446839198734,0.0078125,256,13.701516730948788,True,223
11374230231916199947,0.7,moment_registration,0.0857522402324955,0.0078125,256,4.0952355790284125,True,223
11374230231916199947,0.7,euler_secondary,0.863323934414909,0.0078125,256,9.40744386111339,True,223
11211755077178594615,0.7,quotient_exact,-0.03617122401476058,0.0078125,256,7.172018026036929,True,224
11211755077178594615,0.7,raw_coordinates,0.5443631095189424,0.0078125,256,12.919359009305248,True,224
11211755077178594615,0.7,moment_registration,0.021460588405042946,0.0078125,256,4.391566972132441,True,224
11211755077178594615,0.7,euler_secondary,1.0647981589241073,0.0078125,256,7.22841614740048,True,224
356488358255813282,0.7,quotient_exact,0.021805735112198077,0.015625,256,6.440371422318814,True,225
356488358255813282,0.7,raw_coordinates,0.555588987260111,0.0078125,256,12.187013110445594,True,225
356488358255813282,0.7,moment_registration,0.09466969431645633,0.0078125,256,3.579507336041118,True,225
356488358255813282,0.7,euler_secondary,1.1488953435069948,0.0078125,256,7.416198487095663,True,225
1958692076743267409,0.7,quotient_exact,-0.00843417568390914,0.0234375,256,6.769110174330297,True,226
1958692076743267409,0.7,raw_coordinates,0.5280595726592558,0.0078125,256,12.836192195719574,True,226
1958692076743267409,0.7,moment_registration,0.034549064038723154,0.0078125,256,4.253299291449354,True,226
1958692076743267409,0.7,euler_secondary,1.0799253582932387,0.0078125,256,9.38083151964686,True,226
2198353136103111243,0.7,quotient_exact,0.011095579153325374,0.109375,256,5.766815516521865,False,227
2198353136103111243,0.7,raw_coordinates,0.5365979107147991,0.0078125,256,12.38911842485729,True,227
2198353136103111243,0.7,moment_registration,0.07271000858841825,0.0078125,256,3.2694860851863377,True,227
2198353136103111243,0.7,euler_secondary,0.8908258173693406,0.0078125,256,7.968688725254614,True,227
2806937411035795870,0.7,quotient_exact,-0.018369923863551185,0.03125,256,7.272792964774048,True,228
2806937411035795870,0.7,raw_coordinates,0.61072276174681,0.0078125,256,13.68175145264179,True,228
2806937411035795870,0.7,moment_registration,0.032702344980185094,0.0078125,256,4.062045835456571,True,228
2806937411035795870,0.7,euler_secondary,1.0786624297842171,0.0078125,256,7.262919523166975,True,228
15195818257508357802,0.7,quotient_exact,0.0202044915960653,0.015625,256,6.163341984054111,True,229
15195818257508357802,0.7,raw_coordinates,0.735959096232213,0.0078125,256,13.9678163078892,True,229
15195818257508357802,0.7,moment_registration,0.13074510461565148,0.0078125,256,3.284093153248208,True,229
15195818257508357802,0.7,euler_secondary,0.9230705811426244,0.0078125,256,9.260129588726068,True,229
11115826905794077096,0.7,quotient_exact,0.05615471826566265,0.0078125,256,6.215236160730832,True,230
11115826905794077096,0.7,raw_coordinates,0.5977232741456203,0.0078125,256,14.17422435128397,True,230
11115826905794077096,0.7,moment_registration,0.16603447977788488,0.0078125,256,3.568324813913641,True,230
11115826905794077096,0.7,euler_secondary,1.050970714219198,0.0078125,256,9.12414379544733,True,230
16010819482810286873,0.7,quotient_exact,-0.019847172913550204,0.0078125,256,7.178387153554623,True,231
16010819482810286873,0.7,raw_coordinates,0.4872119985499328,0.0078125,256,14.688863043606013,True,231
16010819482810286873,0.7,moment_registration,0.08846036343609298,0.0078125,256,4.019006305165558,True,231
16010819482810286873,0.7,euler_secondary,0.9849866580605736,0.0078125,256,8.381527307120106,True,231
6802170668763415912,0.7,quotient_exact,-0.0035920055895799496,0.0078125,256,6.945287024862647,True,232
6802170668763415912,0.7,raw_coordinates,0.4426930706764487,0.0078125,256,12.794180835594018,True,232
6802170668763415912,0.7,moment_registration,0.02731187295332127,0.0078125,256,4.168025734571816,True,232
6802170668763415912,0.7,euler_secondary,1.004652630097273,0.0078125,256,8.139410298049853,True,232
13843946447680344336,0.7,quotient_exact,-0.018875001514685352,0.0078125,256,7.468161031401474,True,233
13843946447680344336,0.7,raw_coordinates,0.550134359392095,0.0078125,256,13.38731357847615,True,233
13843946447680344336,0.7,moment_registration,-0.011634080626789722,0.0078125,256,4.733940997564856,True,233
13843946447680344336,0.7,euler_secondary,1.0469701159170879,0.0078125,256,8.916277250063503,True,233
109895296177508143,0.7,quotient_exact,0.029432528436984517,0.015625,256,6.253216831874661,True,234
109895296177508143,0.7,raw_coordinates,0.5129849090507604,0.0078125,256,13.79948430659985,True,234
109895296177508143,0.7,moment_registration,0.11759556807694949,0.0078125,256,3.7865132419133714,True,234
109895296177508143,0.7,euler_secondary,1.0809122963685756,0.0078125,256,9.340770846134703,True,234
5119627236677291768,0.7,quotient_exact,0.09592564817761118,0.0078125,256,7.337463681230008,True,235
5119627236677291768,0.7,raw_coordinates,0.5202075528883516,0.0078125,256,14.845086568707176,True,235
5119627236677291768,0.7,moment_registration,0.15389887730573726,0.0078125,256,4.218801096805238,True,235
5119627236677291768,0.7,euler_secondary,1.1446240596528878,0.0078125,256,9.447221813845593,True,235
2828771711528752654,0.7,quotient_exact,-0.017692494795949143,0.0078125,256,6.783969093892683,True,236
2828771711528752654,0.7,raw_coordinates,0.45410045525120735,0.0078125,256,13.083750678070125,True,236
2828771711528752654,0.7,moment_registration,0.057908996711730554,0.0078125,256,4.20516391929199,True,236
2828771711528752654,0.7,euler_secondary,0.9666991151234481,0.0078125,256,9.273618495495704,True,236
17530853863546092308,0.7,quotient_exact,-0.0183703688355199,0.0078125,256,7.160049475211516,True,237
17530853863546092308,0.7,raw_coordinates,0.6392194904003136,0.0078125,256,12.921785936371572,True,237
17530853863546092308,0.7,moment_registration,0.02229505959813305,0.0078125,256,4.512250536501325,True,237
17530853863546092308,0.7,euler_secondary,0.9677802701880964,0.0078125,256,7.968688725254614,True,237
15777924438200050290,0.7,quotient_exact,-0.0051161786766247275,0.0234375,256,7.46999945258387,True,238
15777924438200050290,0.7,raw_coordinates,0.5538990016319223,0.0078125,256,13.323800490235477,True,238
15777924438200050290,0.7,moment_registration,0.01112174114459541,0.0078125,256,4.995414822594764,True,238
15777924438200050290,0.7,euler_secondary,0.9588899701948033,0.0078125,256,7.745966692414834,True,238
18065411123637917631,0.7,quotient_exact,0.06415997286499375,0.0078125,256,6.053517770699441,True,239
18065411123637917631,0.7,raw_coordinates,0.6598998180908083,0.0078125,256,14.295217731986067,True,239
18065411123637917631,0.7,moment_registration,0.1679197866530946,0.0078125,256,3.620126271828196,True,239
18065411123637917631,0.7,euler_secondary,1.0335559125433822,0.0078125,256,8.573214099741124,True,239
2079829449700931690,0.7,quotient_exact,0.010657548258860894,0.0078125,256,6.377430000566755,True,240
2079829449700931690,0.7,raw_coordinates,0.5509285614238375,0.0078125,256,13.30869288933925,True,240
2079829449700931690,0.7,moment_registration,0.05579761483778156,0.0078125,256,3.733581636057758,True,240
2079829449700931690,0.7,euler_secondary,1.0829133299405214,0.0078125,256,9.460443964212251,True,240
3180193437109026853,0.7,quotient_exact,-0.02168136132800491,0.0078125,256,7.348484900749342,True,241
3180193437109026853,0.7,raw_coordinates,0.502552250393064,0.0078125,256,13.320987771087948,True,241
3180193437109026853,0.7,moment_registration,0.012836644359071059,0.0078125,256,4.857536894162312,True,241
3180193437109026853,0.7,euler_secondary,0.7493710363689293,0.0078125,256,9.486832980505138,True,241
12967440192149165855,0.7,quotient_exact,-0.02651169009738097,0.0078125,256,7.3133866608639195,True,242
12967440192149165855,0.7,raw_coordinates,0.4903209150864787,0.0078125,256,12.531604263960716,True,242
12967440192149165855,0.7,moment_registration,-0.010773701398817392,0.0078125,256,4.784346412012093,True,242
12967440192149165855,0.7,euler_secondary,0.830774042571511,0.0078125,256,9.16515138991168,True,242
4505461019155896303,0.7,quotient_exact,0.015607534936680545,0.0078125,256,6.324295320744173,True,243
4505461019155896303,0.7,raw_coordinates,0.5995251770762643,0.0078125,256,12.59818349486909,True,243
4505461019155896303,0.7,moment_registration,0.08818126936029325,0.0078125,256,3.8358510521414426,True,243
4505461019155896303,0.7,euler_secondary,0.7728503628313781,0.015625,256,9.0,True,243
892496899513899433,0.7,quotient_exact,-0.018862752069807476,0.0078125,256,7.571850626416389,True,244
892496899513899433,0.7,raw_coordinates,0.42253909939467993,0.0078125,256,13.972141109960559,True,244
892496899513899433,0.7,moment_registration,-0.0025037484667123078,0.0078125,256,4.4146362322623,True,244
892496899513899433,0.7,euler_secondary,0.8940294534190316,0.0078125,256,9.630680142129112,True,244
3217910768547012310,0.7,quotient_exact,0.023940890452749164,0.0078125,256,6.322793587624152,True,245
3217910768547012310,0.7,raw_coordinates,0.5830621012256981,0.0078125,256,14.07842825702833,True,245
3217910768547012310,0.7,moment_registration,0.09074284712835945,0.0078125,256,3.332350004307105,True,245
3217910768547012310,0.7,euler_secondary,1.0293696822376046,0.0078125,256,7.106335201775948,True,245
3924443804146422851,0.7,quotient_exact,-0.026184733546473327,0.0703125,256,7.293416016142589,False,246
3924443804146422851,0.7,raw_coordinates,0.4983088910929865,0.0078125,256,12.789517405492175,True,246
3924443804146422851,0.7,moment_registration,0.019053851916510878,0.0078125,256,4.589562129719772,True,246
3924443804146422851,0.7,euler_secondary,0.7427689132779092,0.0078125,256,9.16515138991168,True,246
7370881492808563505,0.7,quotient_exact,0.035202253652178106,0.0078125,256,6.317565095302078,True,247
7370881492808563505,0.7,raw_coordinates,0.5385764403872428,0.0078125,256,14.132244644703379,True,247
7370881492808563505,0.7,moment_registration,0.1483979156744687,0.0078125,256,3.586133643055792,True,247
7370881492808563505,0.7,euler_secondary,1.0845976993002482,0.0078125,256,9.260129588726068,True,247
5535222070943154985,0.7,quotient_exact,0.004318569404356043,0.0078125,256,6.864907725800567,True,248
5535222070943154985,0.7,raw_coordinates,0.5807808292813318,0.0078125,256,14.059728711269148,True,248
5535222070943154985,0.7,moment_registration,0.07705037349938493,0.0078125,256,4.020340558060066,True,248
5535222070943154985,0.7,euler_secondary,0.6241256175465582,0.015625,256,9.539392014169456,True,248
16337885294140278249,0.7,quotient_exact,-0.03890198811702361,0.0078125,256,7.62081114714861,True,249
16337885294140278249,0.7,raw_coordinates,0.35568782905553054,0.0078125,256,13.245392064722962,True,249
16337885294140278249,0.7,moment_registration,-0.005774731754291884,0.0078125,256,4.781017168185753,True,249
16337885294140278249,0.7,euler_secondary,1.0622449129570244,0.0078125,256,9.055385138137417,True,249
18117900227690038769,1.0,quotient_exact,0.06723757978524669,0.0078125,256,7.365188436691386,True,0
18117900227690038769,1.0,raw_coordinates,0.5203753176936778,0.0078125,256,13.886722868047451,True,0
18117900227690038769,1.0,moment_registration,0.16635339141606476,0.0078125,256,4.575536856397237,True,0
18117900227690038769,1.0,euler_secondary,0.9751974547955914,0.0078125,256,8.660254037844387,True,0
7449315391922158801,1.0,quotient_exact,-0.033820816511245244,0.0078125,256,7.7095016909849345,True,1
7449315391922158801,1.0,raw_coordinates,0.532253789115261,0.0078125,256,12.233496942890374,True,1
7449315391922158801,1.0,moment_registration,0.036397605695265955,0.0078125,256,4.919938159000153,True,1
7449315391922158801,1.0,euler_secondary,0.9928098434992365,0.0078125,256,9.055385138137417,True,1
12196623631789881985,1.0,quotient_exact,0.08462035531091627,0.0078125,256,7.419876454733611,True,2
12196623631789881985,1.0,raw_coordinates,0.38433089941879905,0.0078125,256,13.813960648137314,True,2
12196623631789881985,1.0,moment_registration,0.17405987621548746,0.0078125,256,4.797171056312882,True,2
12196623631789881985,1.0,euler_secondary,1.040618553498336,0.0078125,256,9.38083151964686,True,2
2288245776692986397,1.0,quotient_exact,0.040634043983550305,0.0078125,256,7.596034883969043,True,3
2288245776692986397,1.0,raw_coordinates,0.5922337708103262,0.0078125,256,13.176879885246606,True,3
2288245776692986397,1.0,moment_registration,0.15114693491385545,0.0078125,256,4.5970475506669795,True,3
2288245776692986397,1.0,euler_secondary,0.9653189062348797,0.0078125,256,9.354143466934854,True,3
7648075022540335856,1.0,quotient_exact,0.002640438328211925,0.015625,256,8.506486661510227,True,4
7648075022540335856,1.0,raw_coordinates,0.3914016417482056,0.0078125,256,14.22694227385654,True,4
7648075022540335856,1.0,moment_registration,0.07885816824895098,0.0078125,256,5.552372857930789,True,4
7648075022540335856,1.0,euler_secondary,0.9490009253632314,0.0078125,256,9.526279441628825,True,4
3911610980684517036,1.0,quotient_exact,0.009815713507878576,0.0078125,256,7.976792536974511,True,5
3911610980684517036,1.0,raw_coordinates,0.6048697959958845,0.0078125,256,13.57835629122379,True,5
3911610980684517036,1.0,moment_registration,0.0652146026891115,0.0078125,256,5.5790393702199115,True,5
3911610980684517036,1.0,euler_secondary,0.9101802547808902,0.0078125,256,9.460443964212251,True,5
9641118381377733150,1.0,quotient_exact,0.021119622347891664,0.0078125,256,7.821876322118616,True,6
9641118381377733150,1.0,raw_coordinates,0.6661156771969314,0.0078125,256,14.385228066222934,True,6
9641118381377733150,1.0,moment_registration,0.11539498048537467,0.0078125,256,5.220766890759896,True,6
9641118381377733150,1.0,euler_secondary,0.8899343011961351,0.0078125,256,8.587782018658833,True,6
17971794051938553831,1.0,quotient_exact,-0.015532675572633714,0.0078125,256,7.615846533704308,True,7
17971794051938553831,1.0,raw_coordinates,0.3576663327877617,0.0078125,256,13.267353707242906,True,7
17971794051938553831,1.0,moment_registration,0.05314417449771036,0.0078125,256,4.934730224707981,True,7
17971794051938553831,1.0,euler_secondary,0.9555780130693455,0.0078125,256,9.137833441248533,True,7
9629958035363639821,1.0,quotient_exact,-0.016951173297389044,0.0234375,256,7.360026350333037,True,8
9629958035363639821,1.0,raw_coordinates,0.5313112129879334,0.0078125,256,13.494520311221459,True,8
9629958035363639821,1.0,moment_registration,0.07561171519652066,0.0078125,256,4.482490310089337,True,8
9629958035363639821,1.0,euler_secondary,0.9512407720266451,0.0078125,256,8.845903006477066,True,8
10255311650776265096,1.0,quotient_exact,0.07981729616328792,0.0078125,256,6.515654586164703,True,9
10255311650776265096,1.0,raw_coordinates,0.5182276478969354,0.0078125,256,12.87567791784741,True,9
10255311650776265096,1.0,moment_registration,0.23097840170480333,0.0078125,256,3.635854174556981,True,9
10255311650776265096,1.0,euler_secondary,1.0722628113532044,0.0078125,256,9.433981132056603,True,9
17400201011769975368,1.0,quotient_exact,0.009758134985153322,0.0078125,256,7.577746423863277,True,10
17400201011769975368,1.0,raw_coordinates,0.5209552903795671,0.0078125,256,14.056833623772109,True,10
17400201011769975368,1.0,moment_registration,0.12883993325926957,0.0078125,256,4.449625048754211,True,10
17400201011769975368,1.0,euler_secondary,0.9497163854650368,0.0078125,256,8.972179222463181,True,10
17793509892342719427,1.0,quotient_exact,0.043208282696037825,0.0078125,256,6.963601675347335,True,11
17793509892342719427,1.0,raw_coordinates,0.5030259322823852,0.0078125,256,14.531542021831967,True,11
17793509892342719427,1.0,moment_registration,0.15313694553267665,0.0078125,256,4.385674587984496,True,11
17793509892342719427,1.0,euler_secondary,1.08108448087448,0.0078125,256,9.486832980505138,True,11
15763529503525820097,1.0,quotient_exact,0.026280974619126707,0.0078125,256,7.150051750042153,True,12
15763529503525820097,1.0,raw_coordinates,0.49559018582886516,0.0078125,256,13.57996477963405,True,12
15763529503525820097,1.0,moment_registration,0.15997396957346477,0.0078125,256,4.160197181635109,True,12
15763529503525820097,1.0,euler_secondary,1.0942050782308796,0.0078125,256,9.394147114027968,True,12
17417079953362088421,1.0,quotient_exact,0.017821053962766564,0.0078125,256,7.544242898324408,True,13
17417079953362088421,1.0,raw_coordinates,0.53717809085404,0.0078125,256,12.566372563213786,True,13
17417079953362088421,1.0,moment_registration,0.12391605581952025,0.0078125,256,4.5859992607487206,True,13
17417079953362088421,1.0,euler_secondary,0.9701430872834114,0.0078125,256,8.602325267042627,True,13
12373078310985001157,1.0,quotient_exact,0.013080826939873225,0.0078125,256,7.308533823397428,True,14
12373078310985001157,1.0,raw_coordinates,0.46147975160437227,0.0078125,256,13.007101314394538,True,14
12373078310985001157,1.0,moment_registration,0.1159732388208341,0.0078125,256,4.714579102202637,True,14
12373078310985001157,1.0,euler_secondary,0.8394204920295649,0.0078125,256,8.660254037844387,True,14
16915869564914064362,1.0,quotient_exact,-0.007624314511889052,0.0078125,256,7.695902563470097,True,15
16915869564914064362,1.0,raw_coordinates,0.5155588410117102,0.0078125,256,13.646484915261938,True,15
16915869564914064362,1.0,moment_registration,0.08025364503783461,0.0078125,256,4.901523267126954,True,15
16915869564914064362,1.0,euler_secondary,0.9241337217786765,0.0078125,256,9.539392014169456,True,15
110860311157961416,1.0,quotient_exact,0.025629032246228034,0.0078125,256,6.80830245342004,True,16
110860311157961416,1.0,raw_coordinates,0.5469661249566997,0.0078125,256,13.319257939410383,True,16
110860311157961416,1.0,moment_registration,0.21181628239964456,0.0078125,256,3.7408497577764317,True,16
110860311157961416,1.0,euler_secondary,1.091034787128763,0.0078125,256,9.151502608861563,True,16
10551928711748805834,1.0,quotient_exact,-0.0008003881517761879,0.015625,256,7.552524756996013,True,17
10551928711748805834,1.0,raw_coordinates,0.45335203952920367,0.0078125,256,13.9668515148982,True,17
10551928711748805834,1.0,moment_registration,0.07713697342170955,0.0078125,256,4.815480432235844,True,17
10551928711748805834,1.0,euler_secondary,1.0343201812003344,0.0078125,256,8.916277250063503,True,17
1594561273321389361,1.0,quotient_exact,0.00929503607723281,0.0078125,256,7.5832085209940505,True,18
1594561273321389361,1.0,raw_coordinates,0.47286385342795534,0.0078125,256,13.02291897746817,True,18
1594561273321389361,1.0,moment_registration,0.09310165890447242,0.0078125,256,5.012293375781228,True,18
1594561273321389361,1.0,euler_secondary,0.9617545557284112,0.0078125,256,9.219544457292887,True,18
6233040493376082369,1.0,quotient_exact,0.08018725780720137,0.0078125,256,6.826091651613383,True,19
6233040493376082369,1.0,raw_coordinates,0.5219979501075628,0.0078125,256,15.489034641272273,True,19
6233040493376082369,1.0,moment_registration,0.21839843910867673,0.0078125,256,4.131323804254525,True,19
6233040493376082369,1.0,euler_secondary,1.1048378706474142,0.0078125,256,9.460443964212251,True,19
6841777619847620327,1.0,quotient_exact,0.013765073579453335,0.0078125,256,6.904147849712469,True,20
6841777619847620327,1.0,raw_coordinates,0.46398124212123504,0.0078125,256,12.355674795844305,True,20
6841777619847620327,1.0,moment_registration,0.08775317719169462,0.0078125,256,4.089146583917051,True,20
6841777619847620327,1.0,euler_secondary,1.0591048436071002,0.0078125,256,9.151502608861563,True,20
5488422433011551971,1.0,quotient_exact,0.01736633399268661,0.0078125,256,7.528452983206073,True,21
5488422433011551971,1.0,raw_coordinates,0.5043795048949851,0.0078125,256,14.380578903595634,True,21
5488422433011551971,1.0,moment_registration,0.1567123694308037,0.0078125,256,4.367114044150369,True,21
5488422433011551971,1.0,euler_secondary,0.949865624896483,0.0078125,256,8.774964387392123,True,21
2879399255971330949,1.0,quotient_exact,0.10081363724467363,0.0078125,256,6.722272045369258,True,22
2879399255971330949,1.0,raw_coordinates,0.5368041465138748,0.0078125,256,14.007195925515818,True,22
2879399255971330949,1.0,moment_registration,0.18296499472149141,0.0078125,256,4.373392301694932,True,22
2879399255971330949,1.0,euler_secondary,1.0508179179050523,0.0078125,256,8.631338250816034,True,22
8307865049519774151,1.0,quotient_exact,0.009962337317123482,0.0078125,256,7.457249631023958,True,23
8307865049519774151,1.0,raw_coordinates,0.5345666567512696,0.0078125,256,13.673069037923142,True,23
8307865049519774151,1.0,moment_registration,0.09458556135118978,0.0078125,256,4.81236807061513,True,23
8307865049519774151,1.0,euler_secondary,0.9483430507992082,0.0078125,256,9.246621004453464,True,23
8646142789228097777,1.0,quotient_exact,0.005884580364401093,0.0078125,256,7.536730751364638,True,24
8646142789228097777,1.0,raw_coordinates,0.5844744785161538,0.0078125,256,12.40167919111743,True,24
8646142789228097777,1.0,moment_registration,0.07556642252686285,0.0078125,256,4.912785835616402,True,24
8646142789228097777,1.0,euler_secondary,1.0758297010190172,0.0078125,256,8.717797887081348,True,24
9296816177123496082,1.0,quotient_exact,0.009772966844911246,0.0078125,256,7.306526912873284,True,25
9296816177123496082,1.0,raw_coordinates,0.49693813956583655,0.0078125,256,12.65928400632079,True,25
9296816177123496082,1.0,moment_registration,0.09087470727065805,0.0078125,256,4.673592388044991,True,25
9296816177123496082,1.0,euler_secondary,0.9268342525299191,0.0078125,256,8.774964387392123,True,25
6613394129847068122,1.0,quotient_exact,0.05978948246519977,0.0078125,256,6.508839573405951,True,26
6613394129847068122,1.0,raw_coordinates,0.45219033754831317,0.0078125,256,13.82351241277475,True,26
6613394129847068122,1.0,moment_registration,0.18205721936971997,0.0078125,256,3.7591151418843496,True,26
6613394129847068122,1.0,euler_secondary,1.085193324585831,0.0078125,256,9.565563234854496,True,26
6759928812546688511,1.0,quotient_exact,0.07099417166623856,0.0078125,256,6.766214287569372,True,27
6759928812546688511,1.0,raw_coordinates,0.6195239396648693,0.0078125,256,14.693016881087344,True,27
6759928812546688511,1.0,moment_registration,0.18494106899055096,0.0078125,256,4.1898277915287565,True,27
6759928812546688511,1.0,euler_secondary,1.0681623289261142,0.0078125,256,8.972179222463181,True,27
16559825509411137158,1.0,quotient_exact,0.045058722326296485,0.0078125,256,6.517379131863554,True,28
16559825509411137158,1.0,raw_coordinates,0.3722885170726269,0.0078125,256,13.437021951422313,True,28
16559825509411137158,1.0,moment_registration,0.1525069448775298,0.0078125,256,4.012453336296963,True,28
16559825509411137158,1.0,euler_secondary,1.0932382815563975,0.0078125,256,9.287087810503355,True,28
3124948427074495428,1.0,quotient_exact,0.06948175293274395,0.0078125,256,6.938027339438681,True,29
3124948427074495428,1.0,raw_coordinates,0.6609768561308186,0.0078125,256,13.736036143022568,True,29
3124948427074495428,1.0,moment_registration,0.16114854824226177,0.0078125,256,4.477985043785477,True,29
3124948427074495428,1.0,euler_secondary,1.0851233460007932,0.0078125,256,9.327379053088816,True,29
11821334938265799220,1.0,quotient_exact,0.05798180293517996,0.0078125,256,7.497405366352089,True,30
11821334938265799220,1.0,raw_coordinates,0.6569534662779737,0.0078125,256,14.10642174512181,True,30
11821334938265799220,1.0,moment_registration,0.1568566938171161,0.0078125,256,4.696861176464866,True,30
11821334938265799220,1.0,euler_secondary,1.044181455802117,0.0078125,256,8.817596044274199,True,30
9876628778912641848,1.0,quotient_exact,0.05143118089420351,0.0078125,256,7.0904402690735795,True,31
9876628778912641848,1.0,raw_coordinates,0.5598117849445476,0.0078125,256,13.520328124739438,True,31
9876628778912641848,1.0,moment_registration,0.1286266055209806,0.0078125,256,4.278654803277548,True,31
9876628778912641848,1.0,euler_secondary,0.9948044831057029,0.0078125,256,9.473647660748208,True,31
12035842775856244735,1.0,quotient_exact,0.027903354304017025,0.0078125,256,7.6830292660952795,True,32
12035842775856244735,1.0,raw_coordinates,0.5209340455375507,0.0078125,256,14.15019003407485,True,32
12035842775856244735,1.0,moment_registration,0.12691141416376317,0.0078125,256,4.635990491037117,True,32
12035842775856244735,1.0,euler_secondary,1.0838744602920285,0.0078125,256,9.539392014169456,True,32
4277005726439619291,1.0,quotient_exact,-0.0005437181698813021,0.0234375,256,8.423165862784955,True,33
4277005726439619291,1.0,raw_coordinates,0.6019719939021004,0.0078125,256,13.104455916229833,True,33
4277005726439619291,1.0,moment_registration,0.08272220019069931,0.0078125,256,5.418570390150897,True,33
4277005726439619291,1.0,euler_secondary,1.13465056657365,0.0078125,256,9.273618495495704,True,33
635295430311410,1.0,quotient_exact,-0.0008732058834211021,0.0078125,256,7.679506793373676,True,34
635295430311410,1.0,raw_coordinates,0.5089640894433816,0.0078125,256,13.97327333964727,True,34
635295430311410,1.0,moment_registration,0.0727633250879065,0.0078125,256,4.902518145764653,True,34
635295430311410,1.0,euler_secondary,0.921310973855779,0.0078125,256,9.513148795220223,True,34
1132498117940517747,1.0,quotient_exact,7.982733907363482e-05,0.0078125,256,8.182503281989026,True,35
1132498117940517747,1.0,raw_coordinates,0.47637278683062356,0.0078125,256,13.544177905553374,True,35
1132498117940517747,1.0,moment_registration,0.06573265554765251,0.0078125,256,5.410829151965443,True,35
1132498117940517747,1.0,euler_secondary,1.1393324726208514,0.0078125,256,8.916277250063503,True,35
13267628659426082926,1.0,quotient_exact,0.02886883293043263,0.0078125,256,7.6052172953569634,True,36
13267628659426082926,1.0,raw_coordinates,0.5249525370774988,0.0078125,256,14.889048117857712,True,36
13267628659426082926,1.0,moment_registration,0.12979514508649204,0.0078125,256,4.688252242896605,True,36
13267628659426082926,1.0,euler_secondary,1.0353422587459113,0.0078125,256,8.958236433584458,True,36
12956040470326641041,1.0,quotient_exact,0.06578668361849027,0.0078125,256,7.215265261002956,True,37
12956040470326641041,1.0,raw_coordinates,0.633202591621629,0.0078125,256,14.072004101006236,True,37
12956040470326641041,1.0,moment_registration,0.15862522895061593,0.0078125,256,4.438050788028111,True,37
12956040470326641041,1.0,euler_secondary,1.082274445175159,0.0078125,256,9.40744386111339,True,37
5421741060391736822,1.0,quotient_exact,0.021019490720438072,0.0078125,256,7.278733451613667,True,38
5421741060391736822,1.0,raw_coordinates,0.41273979096753444,0.0078125,256,13.269913557519953,True,38
5421741060391736822,1.0,moment_registration,0.11156692420749803,0.0078125,256,4.550526838391874,True,38
5421741060391736822,1.0,euler_secondary,1.075768670468721,0.0078125,256,9.433981132056603,True,38
6449574420284440201,1.0,quotient_exact,0.008571426216531064,0.0078125,256,6.6157727427577,True,39
6449574420284440201,1.0,raw_coordinates,0.43722060212284086,0.0078125,256,12.453035257241481,True,39
6449574420284440201,1.0,moment_registration,0.12359736874829697,0.0078125,256,3.7904315088070177,True,39
6449574420284440201,1.0,euler_secondary,0.8905334236703342,0.0078125,256,8.860022573334675,True,39
10896560019240470837,1.0,quotient_exact,0.006865490768553251,0.0078125,256,7.6341235207875835,True,40
10896560019240470837,1.0,raw_coordinates,0.4506813800517866,0.0078125,256,12.958908591622814,True,40
10896560019240470837,1.0,moment_registration,0.08067328719467304,0.0078125,256,4.6452761273148,True,40
10896560019240470837,1.0,euler_secondary,1.1163061715579377,0.0078125,256,9.273618495495704,True,40
5156252998637114449,1.0,quotient_exact,-0.003980712518438567,0.03125,256,7.237337974466326,True,41
5156252998637114449,1.0,raw_coordinates,0.46114294982602644,0.0078125,256,13.75561999112109,True,41
5156252998637114449,1.0,moment_registration,0.08662468546785795,0.0078125,256,4.50115936392238,True,41
5156252998637114449,1.0,euler_secondary,1.0468513429113222,0.0078125,256,9.313968005098578,True,41
15405015862842369638,1.0,quotient_exact,0.06057603484102514,0.0078125,256,7.356444856538611,True,42
15405015862842369638,1.0,raw_coordinates,0.5782245180511056,0.0078125,256,14.339632208375004,True,42
15405015862842369638,1.0,moment_registration,0.19242797763651687,0.0078125,256,4.541154579313675,True,42
15405015862842369638,1.0,euler_secondary,1.113165389361138,0.0078125,256,9.340770846134703,True,42
9823349194307883947,1.0,quotient_exact,0.0018903142005706197,0.0078125,256,8.775761371059547,True,43
9823349194307883947,1.0,raw_coordinates,0.49934925212837156,0.0078125,256,13.070772447333315,True,43
9823349194307883947,1.0,moment_registration,0.025290569744459646,0.0078125,256,6.27046916245104,True,43
9823349194307883947,1.0,euler_secondary,0.9165038248483431,0.0078125,256,9.300537618869138,True,43
7875045109238543900,1.0,quotient_exact,0.1163385034938843,0.0078125,256,7.19223457986172,True,44
7875045109238543900,1.0,raw_coordinates,0.5766722719810982,0.0078125,256,14.774985499100216,True,44
7875045109238543900,1.0,moment_registration,0.29101881943842733,0.0078125,256,4.1150665483762126,True,44
7875045109238543900,1.0,euler_secondary,1.0415618973643779,0.0078125,256,8.972179222463181,True,44
6893129183752998283,1.0,quotient_exact,0.04022403146422804,0.0078125,256,7.077166978702118,True,45
6893129183752998283,1.0,raw_coordinates,0.46332723021166744,0.0078125,256,13.083526008251127,True,45
6893129183752998283,1.0,moment_registration,0.17456050430596137,0.0078125,256,4.236217346236262,True,45
6893129183752998283,1.0,euler_secondary,1.0393238524765667,0.0078125,256,9.055385138137417,True,45
13319531268439999500,1.0,quotient_exact,0.0614916928959206,0.0078125,256,7.089643428962966,True,46
13319531268439999500,1.0,raw_coordinates,0.4832673947375694,0.0078125,256,13.061348102542903,True,46
13319531268439999500,1.0,moment_registration,0.17314262264943991,0.0078125,256,4.173767072614591,True,46
13319531268439999500,1.0,euler_secondary,1.0884826295542438,0.0078125,256,9.192388155425117,True,46
12070957674489711512,1.0,quotient_exact,0.06470073357212547,0.0078125,256,7.425252978572662,True,47
12070957674489711512,1.0,raw_coordinates,0.6046860373645289,0.0078125,256,13.879222367964367,True,47
12070957674489711512,1.0,moment_registration,0.21300980602015263,0.0078125,256,4.335572688936317,True,47
12070957674489711512,1.0,euler_secondary,1.0914308910966775,0.0078125,256,9.40744386111339,True,47
5139994254938424752,1.0,quotient_exact,0.015076211152767804,0.0078125,256,6.9214577211582275,True,48
5139994254938424752,1.0,raw_coordinates,0.5462892574914298,0.0078125,256,12.44393768060183,True,48
5139994254938424752,1.0,moment_registration,0.10011942915325789,0.0078125,256,4.484611347902831,True,48
5139994254938424752,1.0,euler_secondary,1.0617921236193175,0.0078125,256,8.986100377805714,True,48
8856419437108478685,1.0,quotient_exact,0.03746626511975493,0.0078125,256,7.377656988696203,True,49
8856419437108478685,1.0,raw_coordinates,0.5782067614880758,0.0078125,256,13.975381479713853,True,49
8856419437108478685,1.0,moment_registration,0.1518416735451118,0.0078125,256,4.50523736648472,True,49
8856419437108478685,1.0,euler_secondary,1.0280829747863296,0.0078125,256,8.817596044274199,True,49
6334295691717587169,1.0,quotient_exact,0.034792410894476045,0.0078125,256,6.971610406119692,True,50
6334295691717587169,1.0,raw_coordinates,0.47028906602280884,0.0078125,256,12.733338819160693,True,50
6334295691717587169,1.0,moment_registration,0.14513430920637527,0.0078125,256,4.563706536879643,True,50
6334295691717587169,1.0,euler_secondary,0.8194166856790064,0.0078125,256,9.055385138137417,True,50
8967228070032363508,1.0,quotient_exact,0.015317440078610245,0.0078125,256,6.785916361710904,True,51
8967228070032363508,1.0,raw_coordinates,0.47773288518702606,0.0078125,256,13.229634185775458,True,51
8967228070032363508,1.0,moment_registration,0.10297800634068355,0.0078125,256,4.202554232908806,True,51
8967228070032363508,1.0,euler_secondary,1.0287200775482312,0.0078125,256,9.473647660748208,True,51
9796953470238861216,1.0,quotient_exact,0.04419690760549333,0.0078125,256,7.157278710958695,True,52
9796953470238861216,1.0,raw_coordinates,0.5214212338020201,0.0078125,256,13.608953842122979,True,52
9796953470238861216,1.0,moment_registration,0.1295552840768215,0.0078125,256,4.341316081366225,True,52
9796953470238861216,1.0,euler_secondary,1.0123295726254304,0.0078125,256,8.558621384311845,True,52
4631336206792477123,1.0,quotient_exact,-0.007904295527740968,0.0078125,256,8.406749261895063,True,53
4631336206792477123,1.0,raw_coordinates,0.4336318725770174,0.0078125,256,13.673867028252264,True,53
4631336206792477123,1.0,moment_registration,0.03216019810397297,0.0078125,256,5.849059867558062,True,53
4631336206792477123,1.0,euler_secondary,0.900228495602188,0.0078125,256,9.1104335791443,True,53
7094366891123348319,1.0,quotient_exact,-0.03079765250795663,0.0078125,256,8.002804175062328,True,54
7094366891123348319,1.0,raw_coordinates,0.4017726124538662,0.0078125,256,12.748581336319848,True,54
7094366891123348319,1.0,moment_registration,0.018211635532279224,0.0078125,256,5.275364906678061,True,54
7094366891123348319,1.0,euler_secondary,0.8602104963982737,0.0078125,256,9.041570660012562,True,54
743166964397289667,1.0,quotient_exact,0.020845000466542696,0.0078125,256,8.007954737666106,True,55
743166964397289667,1.0,raw_coordinates,0.2728973510734449,0.015625,256,13.763390088250954,True,55
743166964397289667,1.0,moment_registration,0.1258740691030269,0.0078125,256,5.248844698069357,True,55
743166964397289667,1.0,euler_secondary,1.0292910921165692,0.0078125,256,9.013878188659973,True,55
10975883818266873472,1.0,quotient_exact,0.03688613771056026,0.0078125,256,7.627718839500482,True,56
10975883818266873472,1.0,raw_coordinates,0.44790570991577305,0.0078125,256,13.619136128578434,True,56
10975883818266873472,1.0,moment_registration,0.14846870004838064,0.0078125,256,4.838980267236033,True,56
10975883818266873472,1.0,euler_secondary,0.9594077726878356,0.0078125,256,9.027735042633894,True,56
2282986041954181125,1.0,quotient_exact,0.14411530444327036,0.0078125,256,6.327352420121465,True,57
2282986041954181125,1.0,raw_coordinates,0.42037167428309963,0.0078125,256,14.786765669975182,True,57
2282986041954181125,1.0,moment_registration,0.2736226062099709,0.0078125,256,4.0170815883043876,True,57
2282986041954181125,1.0,euler_secondary,0.9675617269970977,0.0078125,256,9.17877987534291,True,57
3619173827125019578,1.0,quotient_exact,0.052402761193336644,0.0078125,256,7.048547189835431,True,58
3619173827125019578,1.0,raw_coordinates,0.6111069653347208,0.0078125,256,14.499176185525137,True,58
3619173827125019578,1.0,moment_registration,0.1662613442306321,0.0078125,256,4.25998398053314,True,58
3619173827125019578,1.0,euler_secondary,0.9816225172158408,0.0078125,256,9.40744386111339,True,58
5669023820962811798,1.0,quotient_exact,0.016147766481746095,0.0078125,256,7.776839603470779,True,59
5669023820962811798,1.0,raw_coordinates,0.49624597268757764,0.0078125,256,13.628463893202126,True,59
5669023820962811798,1.0,moment_registration,0.09588081145392191,0.0078125,256,4.9146390431952796,True,59
5669023820962811798,1.0,euler_secondary,1.056221569563439,0.0078125,256,9.630680142129112,True,59
4476588636220327771,1.0,quotient_exact,0.009119026199219116,0.0078125,256,8.15349431310834,True,60
4476588636220327771,1.0,raw_coordinates,0.6081808781774978,0.0078125,256,12.610243784727384,True,60
4476588636220327771,1.0,moment_registration,0.0476237342870508,0.0078125,256,5.420308138266758,True,60
4476588636220327771,1.0,euler_secondary,1.0799661451413205,0.0078125,256,8.986100377805714,True,60
1863118396236818410,1.0,quotient_exact,0.053220224530361904,0.0078125,256,7.295947965876925,True,61
1863118396236818410,1.0,raw_coordinates,0.5611928633522337,0.0078125,256,14.486305067662885,True,61
1863118396236818410,1.0,moment_registration,0.17557249313463297,0.0078125,256,4.405858917881563,True,61
1863118396236818410,1.0,euler_secondary,0.8872390743840292,0.0078125,256,8.958236433584458,True,61
17060000751970046152,1.0,quotient_exact,0.0041590867557514954,0.0078125,256,7.789375016019359,True,62
17060000751970046152,1.0,raw_coordinates,0.5666767803371262,0.0078125,256,13.648871700673462,True,62
17060000751970046152,1.0,moment_registration,0.11088520405320368,0.0078125,256,4.776303713528942,True,62
17060000751970046152,1.0,euler_secondary,1.1061671650688065,0.0078125,256,9.192388155425117,True,62
9531009982000389243,1.0,quotient_exact,0.003342599094953269,0.0078125,256,7.984333202700997,True,63
9531009982000389243,1.0,raw_coordinates,0.5453830568915305,0.0078125,256,12.509532610183992,True,63
9531009982000389243,1.0,moment_registration,0.04173006468400475,0.0078125,256,5.172598975299919,True,63
9531009982000389243,1.0,euler_secondary,0.9658013264804128,0.0078125,256,9.12414379544733,True,63
6307173486068759820,1.0,quotient_exact,0.02134216990561233,0.0078125,256,7.194779426583276,True,64
6307173486068759820,1.0,raw_coordinates,0.5752668738659326,0.0078125,256,13.584842088350628,True,64
6307173486068759820,1.0,moment_registration,0.09960460690622397,0.0078125,256,4.473232922516146,True,64
6307173486068759820,1.0,euler_secondary,1.0643724142403976,0.0078125,256,9.38083151964686,True,64
6985498620977850196,1.0,quotient_exact,0.017762924620016496,0.0078125,256,7.417342241797785,True,65
6985498620977850196,1.0,raw_coordinates,0.514289254103666,0.0078125,256,13.744631318233484,True,65
6985498620977850196,1.0,moment_registration,0.10228264352549199,0.0078125,256,4.656950793980451,True,65
6985498620977850196,1.0,euler_secondary,1.1283321686027885,0.0078125,256,9.0,True,65
9250588954420731141,1.0,quotient_exact,0.004080943519751745,0.0078125,256,7.991014251704444,True,66
9250588954420731141,1.0,raw_coordinates,0.5066916204938995,0.0078125,256,12.972404182181588,True,66
9250588954420731141,1.0,moment_registration,0.05050395323558665,0.0078125,256,5.197442077609393,True,66
9250588954420731141,1.0,euler_secondary,0.9828934635111807,0.0078125,256,9.16515138991168,True,66
3117876822691801470,1.0,quotient_exact,0.012506953428395362,0.0078125,256,7.679676766230544,True,67
3117876822691801470,1.0,raw_coordinates,0.4347009689814689,0.0078125,256,13.787471799702377,True,67
3117876822691801470,1.0,moment_registration,0.09039896432021022,0.0078125,256,4.834091882461725,True,67
3117876822691801470,1.0,euler_secondary,0.9812403925795607,0.0078125,256,9.246621004453464,True,67
5845267189392113362,1.0,quotient_exact,0.06148864080482652,0.0078125,256,7.281550106567954,True,68
5845267189392113362,1.0,raw_coordinates,0.5620961914240812,0.0078125,256,13.353945239356666,True,68
5845267189392113362,1.0,moment_registration,0.15808634399029053,0.0078125,256,4.463041145369082,True,68
5845267189392113362,1.0,euler_secondary,1.0466252982432203,0.0078125,256,8.74642784226795,True,68
3816815898330376145,1.0,quotient_exact,0.02993303178503459,0.0078125,256,7.124551203430764,True,69
3816815898330376145,1.0,raw_coordinates,0.6198709835792742,0.0078125,256,12.928860813276486,True,69
3816815898330376145,1.0,moment_registration,0.14304556523914314,0.0078125,256,4.439022685009502,True,69
3816815898330376145,1.0,euler_secondary,1.0513597654446405,0.0078125,256,8.48528137423857,True,69
14084084828626071221,1.0,quotient_exact,0.030099654326198433,0.0078125,256,6.7711412139301,True,70
14084084828626071221,1.0,raw_coordinates,0.5916284296847081,0.0078125,256,13.34149327610743,True,70
14084084828626071221,1.0,moment_registration,0.12471066043652745,0.0078125,256,4.202507129415768,True,70
14084084828626071221,1.0,euler_secondary,1.0697261777101816,0.0078125,256,9.219544457292887,True,70
9889099654227664755,1.0,quotient_exact,0.05980522795954202,0.0078125,256,7.057411024444105,True,71
9889099654227664755,1.0,raw_coordinates,0.72468485401353,0.0078125,256,14.610842461291341,True,71
9889099654227664755,1.0,moment_registration,0.18555579016566037,0.0078125,256,4.283709856047506,True,71
9889099654227664755,1.0,euler_secondary,1.1090650111983507,0.0078125,256,9.367496997597597,True,71
4190156671881621249,1.0,quotient_exact,0.060475882388451696,0.0078125,256,6.636955323140648,True,72
4190156671881621249,1.0,raw_coordinates,0.4058059179355693,0.0078125,256,13.008524329510715,True,72
4190156671881621249,1.0,moment_registration,0.17519514258642244,0.0078125,256,3.8172906455093423,True,72
4190156671881621249,1.0,euler_secondary,1.0223441220567304,0.0078125,256,9.096702699330127,True,72
10576424139657345481,1.0,quotient_exact,0.006166932778950196,0.015625,256,7.209826241469084,True,73
10576424139657345481,1.0,raw_coordinates,0.4926966722083692,0.0078125,256,13.846861241357457,True,73
10576424139657345481,1.0,moment_registration,0.10324756500189025,0.0078125,256,4.760144796748786,True,73
10576424139657345481,1.0,euler_secondary,0.8524009613653638,0.0078125,256,8.645808232895291,True,73
7566831138203807476,1.0,quotient_exact,0.03592761374509634,0.0078125,256,8.169221404450061,True,74
7566831138203807476,1.0,raw_coordinates,0.5298971959254668,0.0078125,256,13.70405844895808,True,74
7566831138203807476,1.0,moment_registration,0.1037574732886779,0.0078125,256,5.194482329659815,True,74
7566831138203807476,1.0,euler_secondary,1.0741673504093932,0.0078125,256,9.460443964212251,True,74
5231959627921473907,1.0,quotient_exact,0.0047334214865504265,0.0078125,256,7.715962539012371,True,75
5231959627921473907,1.0,raw_coordinates,0.4336613377571181,0.0078125,256,13.38668070699417,True,75
5231959627921473907,1.0,moment_registration,0.08008569016268796,0.0078125,256,5.083106878970592,True,75
5231959627921473907,1.0,euler_secondary,0.840278832911868,0.0078125,256,8.831760866327848,True,75
931974598033582720,1.0,quotient_exact,0.03737716183889617,0.0078125,256,7.1364742628837,True,76
931974598033582720,1.0,raw_coordinates,0.4815512488328485,0.0078125,256,13.501942792187227,True,76
931974598033582720,1.0,moment_registration,0.11904411654149072,0.0078125,256,4.334509331868383,True,76
931974598033582720,1.0,euler_secondary,1.0741499961338203,0.0078125,256,9.565563234854496,True,76
4790977276508374634,1.0,quotient_exact,0.058511562728476685,0.0078125,256,7.334447525126509,True,77
4790977276508374634,1.0,raw_coordinates,0.5638409858086331,0.0078125,256,14.24029971911542,True,77
4790977276508374634,1.0,moment_registration,0.1512047519424211,0.0078125,256,4.709061972415399,True,77
4790977276508374634,1.0,euler_secondary,1.0696327442224893,0.0078125,256,8.73212459828649,True,77
1576055167560768374,1.0,quotient_exact,0.0379425149704552,0.0078125,256,7.545272506459521,True,78
1576055167560768374,1.0,raw_coordinates,0.5133678685709618,0.0078125,256,13.225479690511662,True,78
1576055167560768374,1.0,moment_registration,0.18803528800067504,0.0078125,256,4.26727632444566,True,78
1576055167560768374,1.0,euler_secondary,1.1123896293538595,0.0078125,256,9.300537618869138,True,78
2440126598806831912,1.0,quotient_exact,0.03812372561801547,0.0078125,256,7.110545174495777,True,79
2440126598806831912,1.0,raw_coordinates,0.4523310320542693,0.0078125,256,13.763585625171501,True,79
2440126598806831912,1.0,moment_registration,0.13462043153925918,0.0078125,256,4.463781928910895,True,79
2440126598806831912,1.0,euler_secondary,1.0873568355291752,0.0078125,256,9.367496997597597,True,79
3340111661820630192,1.0,quotient_exact,-0.021719539318193037,0.0078125,256,7.458740495659583,True,80
3340111661820630192,1.0,raw_coordinates,0.38105091860286433,0.0078125,256,13.339454714081873,True,80
3340111661820630192,1.0,moment_registration,0.06496839476790639,0.0078125,256,4.672228649790713,True,80
3340111661820630192,1.0,euler_secondary,1.0787052517250992,0.0078125,256,9.460443964212251,True,80
6538496531330122593,1.0,quotient_exact,0.03667416748836705,0.0078125,256,7.12468828743801,True,81
6538496531330122593,1.0,raw_coordinates,0.29975902697204926,0.0078125,256,13.43631178023969,True,81
6538496531330122593,1.0,moment_registration,0.12863045663571504,0.0078125,256,4.535961362816834,True,81
6538496531330122593,1.0,euler_secondary,1.0544944160476875,0.0078125,256,9.5524865872714,True,81
4598057725164493295,1.0,quotient_exact,0.012927040237905585,0.0078125,256,7.464809350770074,True,82
4598057725164493295,1.0,raw_coordinates,0.6130851283880114,0.0078125,256,13.97168373850626,True,82
4598057725164493295,1.0,moment_registration,0.08654319429241919,0.0078125,256,4.935538091740375,True,82
4598057725164493295,1.0,euler_secondary,1.047238601458782,0.0078125,256,9.027735042633894,True,82
8194621907612616140,1.0,quotient_exact,0.018059702044355586,0.0078125,256,7.555676674315359,True,83
8194621907612616140,1.0,raw_coordinates,0.47885911873624,0.0078125,256,13.215290552866076,True,83
8194621907612616140,1.0,moment_registration,0.10282009836719497,0.0078125,256,4.5585145575775226,True,83
8194621907612616140,1.0,euler_secondary,1.045237368276057,0.0078125,256,9.394147114027968,True,83
13573541186485674279,1.0,quotient_exact,0.0194042051864326,0.0078125,256,7.1772023113304,True,84
13573541186485674279,1.0,raw_coordinates,0.48832565738268463,0.0078125,256,13.33323928785065,True,84
13573541186485674279,1.0,moment_registration,0.19880765588947147,0.0078125,256,4.334324386495229,True,84
13573541186485674279,1.0,euler_secondary,0.9487136111072467,0.0078125,256,8.972179222463181,True,84
4457080259988972513,1.0,quotient_exact,0.08289693609976079,0.0078125,256,6.589682861364743,True,85
4457080259988972513,1.0,raw_coordinates,0.46728022829013827,0.0078125,256,13.433829849315112,True,85
4457080259988972513,1.0,moment_registration,0.25554344579964083,0.0078125,256,3.76988827524202,True,85
4457080259988972513,1.0,euler_secondary,1.101356751568711,0.0078125,256,9.486832980505138,True,85
13697211225395178722,1.0,quotient_exact,0.04898821769701789,0.0078125,256,7.9822055550686875,True,86
13697211225395178722,1.0,raw_coordinates,0.4064408805751377,0.0078125,256,13.702713963163069,True,86
13697211225395178722,1.0,moment_registration,0.130495416344785,0.0078125,256,5.036815024324474,True,86
13697211225395178722,1.0,euler_secondary,1.1116657775894274,0.0078125,256,9.539392014169456,True,86
7736764864288940814,1.0,quotient_exact,0.04936320469167965,0.0078125,256,7.379696913179458,True,87
7736764864288940814,1.0,raw_coordinates,0.48639223303206736,0.0078125,256,12.68813643745408,True,87
7736764864288940814,1.0,moment_registration,0.16073810899816965,0.0078125,256,4.4574972893822284,True,87
7736764864288940814,1.0,euler_secondary,0.9405884458839726,0.0078125,256,8.789197915623474,True,87
12655530597976618132,1.0,quotient_exact,0.02937260638329786,0.0078125,256,7.3555819322367295,True,88
12655530597976618132,1.0,raw_coordinates,0.4723919398326142,0.0078125,256,12.559019196575145,True,88
12655530597976618132,1.0,moment_registration,0.14587746876884944,0.0078125,256,4.3297213483386,True,88
12655530597976618132,1.0,euler_secondary,1.011555067900976,0.0078125,256,8.94427190999916,True,88
420832440321732178,1.0,quotient_exact,0.05313993859963184,0.0078125,256,6.753988853988358,True,89
420832440321732178,1.0,raw_coordinates,0.48939058462601726,0.0078125,256,12.848223410931299,True,89
420832440321732178,1.0,moment_registration,0.1617721123339222,0.0078125,256,4.169873400203093,True,89
420832440321732178,1.0,euler_secondary,1.0192112085051326,0.0078125,256,9.041570660012562,True,89
17368373285414409201,1.0,quotient_exact,0.061341895312200356,0.0078125,256,7.2053295019744,True,90
17368373285414409201,1.0,raw_coordinates,0.5335908156582948,0.0078125,256,13.898152628802492,True,90
17368373285414409201,1.0,moment_registration,0.21942305060249012,0.0078125,256,4.118254035469299,True,90
17368373285414409201,1.0,euler_secondary,0.9779550353443323,0.0078125,256,9.1104335791443,True,90
607150216904021828,1.0,quotient_exact,0.050010746674473805,0.0078125,256,6.874386941281603,True,91
607150216904021828,1.0,raw_coordinates,0.5068186747992999,0.0078125,256,13.499181145500103,True,91
607150216904021828,1.0,moment_registration,0.19862580274137498,0.0078125,256,4.212484989942179,True,91
607150216904021828,1.0,euler_secondary,1.1082187828374943,0.0078125,256,9.473647660748208,True,91
4384278971640248880,1.0,quotient_exact,0.07568685919690055,0.0078125,256,7.274515811385239,True,92
4384278971640248880,1.0,raw_coordinates,0.45884819643553876,0.0078125,256,14.231331226244748,True,92
4384278971640248880,1.0,moment_registration,0.18046563220736456,0.0078125,256,4.521139750866725,True,92
4384278971640248880,1.0,euler_secondary,1.1089032309747027,0.0078125,256,9.513148795220223,True,92
4238790622698583042,1.0,quotient_exact,0.007965734823687454,0.0078125,256,6.686636931939921,True,93
4238790622698583042,1.0,raw_coordinates,0.48974163905090673,0.0078125,256,13.247027722277885,True,93
4238790622698583042,1.0,moment_registration,0.0702947999596667,0.0078125,256,3.9551412032312614,True,93
4238790622698583042,1.0,euler_secondary,1.105654919494254,0.0078125,256,9.486832980505138,True,93
414605843308951907,1.0,quotient_exact,0.06614267404657559,0.0078125,256,6.487080768048692,True,94
414605843308951907,1.0,raw_coordinates,0.49538962946500553,0.0078125,256,12.50110063961304,True,94
414605843308951907,1.0,moment_registration,0.19976948514970183,0.0078125,256,3.5778388975205573,True,94
414605843308951907,1.0,euler_secondary,0.9916645207095692,0.0078125,256,8.94427190999916,True,94
3228936010682265808,1.0,quotient_exact,0.02547345755823549,0.0078125,256,7.380835671594057,True,95
3228936010682265808,1.0,raw_coordinates,0.4235781060164967,0.0078125,256,12.936174978718118,True,95
3228936010682265808,1.0,moment_registration,0.14342046327916236,0.0078125,256,4.391169034988611,True,95
3228936010682265808,1.0,euler_secondary,0.9805149928238754,0.0078125,256,9.367496997597597,True,95
16225182114673745701,1.0,quotient_exact,0.018294791436658686,0.0078125,256,7.013656350425752,True,96
16225182114673745701,1.0,raw_coordinates,0.539859362246706,0.0078125,256,13.98925987841475,True,96
16225182114673745701,1.0,moment_registration,0.11876474790525549,0.0078125,256,4.58911435130515,True,96
16225182114673745701,1.0,euler_secondary,1.0306096941762615,0.0078125,256,9.0,True,96
15977229408119668839,1.0,quotient_exact,0.03684569437930574,0.0078125,256,6.869324200815308,True,97
15977229408119668839,1.0,raw_coordinates,0.5823611836763847,0.0078125,256,13.464399879019034,True,97
15977229408119668839,1.0,moment_registration,0.14899475571053922,0.0078125,256,4.291936175040466,True,97
15977229408119668839,1.0,euler_secondary,1.1047019278311208,0.0078125,256,9.137833441248533,True,97
6417292179838348909,1.0,quotient_exact,0.01086328707779105,0.0078125,256,7.593924735237356,True,98
6417292179838348909,1.0,raw_coordinates,0.4475336800920706,0.0078125,256,12.000926066340858,True,98
6417292179838348909,1.0,moment_registration,0.05310849740947543,0.0078125,256,5.311634217874554,True,98
6417292179838348909,1.0,euler_secondary,1.0969747231724183,0.0078125,256,9.40744386111339,True,98
2850841879922892236,1.0,quotient_exact,0.0033265375132729424,0.0078125,256,7.103378644821725,True,99
2850841879922892236,1.0,raw_coordinates,0.5603409678375486,0.0078125,256,14.289613184673865,True,99
2850841879922892236,1.0,moment_registration,0.12495728234946901,0.0078125,256,4.2981140372785305,True,99
2850841879922892236,1.0,euler_secondary,1.092060319186721,0.0078125,256,9.394147114027968,True,99
8954927722985708671,1.0,quotient_exact,0.04860104021279432,0.0078125,256,6.846727985827151,True,100
8954927722985708671,1.0,raw_coordinates,0.5457684112426076,0.0078125,256,12.952120523412544,True,100
8954927722985708671,1.0,moment_registration,0.17753763772080244,0.0078125,256,3.9753306287934325,True,100
8954927722985708671,1.0,euler_secondary,0.8470545352993836,0.0078125,256,9.12414379544733,True,100
13195258783957943649,1.0,quotient_exact,0.016260022590633527,0.0078125,256,6.863577184279198,True,101
13195258783957943649,1.0,raw_coordinates,0.48187487908396887,0.0078125,256,12.53710099219045,True,101
13195258783957943649,1.0,moment_registration,0.11563601651813538,0.0078125,256,4.253316898556071,True,101
13195258783957943649,1.0,euler_secondary,0.6978296769664043,0.0078125,256,9.5,True,101
16566557009745199501,1.0,quotient_exact,0.016170849387585617,0.0078125,256,7.369279558548201,True,102
16566557009745199501,1.0,raw_coordinates,0.5499227763975812,0.0078125,256,13.828010245075266,True,102
16566557009745199501,1.0,moment_registration,0.1505601501589744,0.0078125,256,4.385042059845633,True,102
16566557009745199501,1.0,euler_secondary,0.785507891967641,0.0078125,256,8.916277250063503,True,102
3831853876212780157,1.0,quotient_exact,0.035449322693055674,0.0078125,256,7.781086870277267,True,103
3831853876212780157,1.0,raw_coordinates,0.4748123050883798,0.0078125,256,13.53330217980573,True,103
3831853876212780157,1.0,moment_registration,0.11331187527382891,0.0078125,256,4.990450848520185,True,103
3831853876212780157,1.0,euler_secondary,0.9034485922686287,0.0078125,256,9.617692030835672,True,103
9852526809047186397,1.0,quotient_exact,0.017702310759973527,0.0078125,256,7.385339821971112,True,104
9852526809047186397,1.0,raw_coordinates,0.5735546986323756,0.0078125,256,13.29926080070934,True,104
9852526809047186397,1.0,moment_registration,0.14000518051951572,0.0078125,256,4.3191228408567754,True,104
9852526809047186397,1.0,euler_secondary,1.0368282239688056,0.0078125,256,9.513148795220223,True,104
13918288460216797877,1.0,quotient_exact,0.01146806155730451,0.0078125,256,7.207357134269258,True,105
13918288460216797877,1.0,raw_coordinates,0.5548300059909674,0.0078125,256,13.255121628585908,True,105
13918288460216797877,1.0,moment_registration,0.10449461662623405,0.0078125,256,4.134413699490125,True,105
13918288460216797877,1.0,euler_secondary,1.1124802134013245,0.0078125,256,9.219544457292887,True,105
4450763478971347318,1.0,quotient_exact,0.02386962005265658,0.0078125,256,7.491213835774067,True,106
4450763478971347318,1.0,raw_coordinates,0.44963347834398026,0.0078125,256,13.16377707202584,True,106
4450763478971347318,1.0,moment_registration,0.08779622049176194,0.0078125,256,4.6576747713287245,True,106
4450763478971347318,1.0,euler_secondary,0.9653646256928778,0.0078125,256,9.473647660748208,True,106
9694934115154896017,1.0,quotient_exact,0.028351653484015138,0.0078125,256,7.589949877505977,True,107
9694934115154896017,1.0,raw_coordinates,0.5254720140720194,0.0078125,256,13.822764669033758,True,107
9694934115154896017,1.0,moment_registration,0.12590957875181774,0.0078125,256,4.566475264452369,True,107
9694934115154896017,1.0,euler_secondary,1.1130981891470224,0.0078125,256,9.420721840708387,True,107
6037978838164955164,1.0,quotient_exact,0.03407304956744228,0.0078125,256,6.729721014321364,True,108
6037978838164955164,1.0,raw_coordinates,0.5248326852878586,0.0078125,256,13.637113615269161,True,108
6037978838164955164,1.0,moment_registration,0.17227609747021377,0.0078125,256,4.2206046381376225,True,108
6037978838164955164,1.0,euler_secondary,0.9749505212224837,0.0078125,256,9.38083151964686,True,108
970506572637108624,1.0,quotient_exact,0.041420689798346566,0.0078125,256,7.177992390241131,True,109
970506572637108624,1.0,raw_coordinates,0.5282968683909639,0.0078125,256,14.389415655583552,True,109
970506572637108624,1.0,moment_registration,0.16202047274669973,0.0078125,256,4.3458382317255575,True,109
970506572637108624,1.0,euler_secondary,1.0587694360951798,0.0078125,256,9.0,True,109
2309384353815767412,1.0,quotient_exact,0.01969101269616913,0.0078125,256,6.875608299047718,True,110
2309384353815767412,1.0,raw_coordinates,0.45329599746253035,0.0078125,256,12.93377871494479,True,110
2309384353815767412,1.0,moment_registration,0.14103377219388513,0.0078125,256,4.129527805331172,True,110
2309384353815767412,1.0,euler_secondary,0.9584948221175603,0.0078125,256,8.803408430829505,True,110
13137857684352599616,1.0,quotient_exact,0.006875218982677289,0.0078125,256,8.056485257332726,True,111
13137857684352599616,1.0,raw_coordinates,0.45271522635409656,0.0078125,256,13.15046577238302,True,111
13137857684352599616,1.0,moment_registration,0.06114933423980318,0.0078125,256,5.276142110194997,True,111
13137857684352599616,1.0,euler_secondary,1.0286230909181011,0.0078125,256,8.916277250063503,True,111
16130102282927295254,1.0,quotient_exact,0.06399842382483578,0.0078125,256,7.30854563726618,True,112
16130102282927295254,1.0,raw_coordinates,0.4653252671230782,0.0078125,256,14.175542774888799,True,112
16130102282927295254,1.0,moment_registration,0.2129782846552032,0.0078125,256,4.446339143395363,True,112
16130102282927295254,1.0,euler_secondary,1.0348617015493802,0.0078125,256,8.958236433584458,True,112
3954867345796127516,1.0,quotient_exact,-0.023731486439229954,0.0078125,256,7.893418949481135,True,113
3954867345796127516,1.0,raw_coordinates,0.3767527665985171,0.0078125,256,13.64744841639948,True,113
3954867345796127516,1.0,moment_registration,0.0398431415751882,0.0078125,256,4.900636825161083,True,113
3954867345796127516,1.0,euler_secondary,0.9068114968664217,0.0078125,256,8.789197915623474,True,113
15237173974997709402,1.0,quotient_exact,0.011740627179613772,0.0078125,256,7.291820682093271,True,114
15237173974997709402,1.0,raw_coordinates,0.4603082629247739,0.0078125,256,12.860215602349438,True,114
15237173974997709402,1.0,moment_registration,0.08457851914853998,0.0078125,256,4.549878356541766,True,114
15237173974997709402,1.0,euler_secondary,0.9138910184141282,0.0078125,256,9.082951062292475,True,114
10513411299813926701,1.0,quotient_exact,0.07903518735210069,0.0078125,256,6.725177113861277,True,115
10513411299813926701,1.0,raw_coordinates,0.5170465544705924,0.0078125,256,13.102801981199109,True,115
10513411299813926701,1.0,moment_registration,0.16160000529454277,0.0078125,256,4.2258619871906475,True,115
10513411299813926701,1.0,euler_secondary,1.104544228010586,0.0078125,256,9.313968005098578,True,115
874274744725590216,1.0,quotient_exact,-0.003858230181082778,0.0078125,256,7.748308549378574,True,116
874274744725590216,1.0,raw_coordinates,0.5495675099763588,0.0078125,256,13.778080741451669,True,116
874274744725590216,1.0,moment_registration,0.07545938672547592,0.0078125,256,5.132210288910852,True,116
874274744725590216,1.0,euler_secondary,1.0421299121203595,0.0078125,256,9.055385138137417,True,116
15437019887837300730,1.0,quotient_exact,0.029964337892297355,0.0078125,256,6.918935978863845,True,117
15437019887837300730,1.0,raw_coordinates,0.5096159564872327,0.0078125,256,14.54131767228313,True,117
15437019887837300730,1.0,moment_registration,0.158846587681452,0.0078125,256,4.226382348399693,True,117
15437019887837300730,1.0,euler_secondary,0.9250680171429084,0.0078125,256,9.16515138991168,True,117
7440364348726455438,1.0,quotient_exact,0.07463163066344403,0.0078125,256,7.314925458905483,True,118
7440364348726455438,1.0,raw_coordinates,0.4770569684916284,0.0078125,256,13.94763424117307,True,118
7440364348726455438,1.0,moment_registration,0.19252752657252525,0.0078125,256,4.55328709516778,True,118
7440364348726455438,1.0,euler_secondary,0.9866127547718759,0.0078125,256,8.916277250063503,True,118
11070774266475544110,1.0,quotient_exact,0.04810268077287794,0.0078125,256,6.912191532340324,True,119
11070774266475544110,1.0,raw_coordinates,0.5926046231093204,0.0078125,256,14.039089559760338,True,119
11070774266475544110,1.0,moment_registration,0.16352732970841544,0.0078125,256,4.474552463012963,True,119
11070774266475544110,1.0,euler_secondary,0.8910035199693851,0.0078125,256,8.689073598491383,True,119
5418836316007163489,1.0,quotient_exact,0.014029776000579197,0.0078125,256,7.747734183349926,True,120
5418836316007163489,1.0,raw_coordinates,0.5089545907243713,0.0078125,256,14.029076037074933,True,120
5418836316007163489,1.0,moment_registration,0.07999846599325244,0.0078125,256,5.105331655350963,True,120
5418836316007163489,1.0,euler_secondary,1.0220436053063986,0.0078125,256,9.604686356149273,True,120
408173452272934739,1.0,quotient_exact,0.021095444598254076,0.0078125,256,6.740326821036501,True,121
408173452272934739,1.0,raw_coordinates,0.44352348050865076,0.0078125,256,13.045423494904155,True,121
408173452272934739,1.0,moment_registration,0.12510427384252998,0.0078125,256,3.7415593670011127,True,121
408173452272934739,1.0,euler_secondary,1.0006317666587643,0.0078125,256,9.219544457292887,True,121
4102712438976560691,1.0,quotient_exact,0.043886119911922594,0.0078125,256,7.076229830101089,True,122
4102712438976560691,1.0,raw_coordinates,0.49451986980798823,0.0078125,256,12.980521354413948,True,122
4102712438976560691,1.0,moment_registration,0.18596760419944225,0.0078125,256,3.9386765307229346,True,122
4102712438976560691,1.0,euler_secondary,0.987569447292663,0.0078125,256,8.972179222463181,True,122
13456585502937011238,1.0,quotient_exact,0.08004562878989252,0.0078125,256,6.807650733278514,True,123
13456585502937011238,1.0,raw_coordinates,0.44522775579378804,0.0078125,256,14.286097556930034,True,123
13456585502937011238,1.0,moment_registration,0.2131398069517476,0.0078125,256,4.44241737944657,True,123
13456585502937011238,1.0,euler_secondary,1.053323823513774,0.0078125,256,9.096702699330127,True,123
12840123273521872088,1.0,quotient_exact,0.061279648517643226,0.0078125,256,7.169603146004194,True,124
12840123273521872088,1.0,raw_coordinates,0.42030064073695617,0.0078125,256,13.165293847791439,True,124
12840123273521872088,1.0,moment_registration,0.17662470891078952,0.0078125,256,4.340571669740331,True,124
12840123273521872088,1.0,euler_secondary,0.903877486261087,0.0078125,256,9.027735042633894,True,124
17424288898068592298,1.0,quotient_exact,0.001262954435608643,0.0078125,256,8.871554311503655,True,125
17424288898068592298,1.0,raw_coordinates,0.5252116517787392,0.0078125,256,13.348828746400585,True,125
17424288898068592298,1.0,moment_registration,0.04712399002374501,0.0078125,256,6.110041333443501,True,125
17424288898068592298,1.0,euler_secondary,1.0787642223267628,0.0078125,256,9.447221813845593,True,125
6991077106103396768,1.0,quotient_exact,-0.004381325550062876,0.0078125,256,8.708627285846838,True,126
6991077106103396768,1.0,raw_coordinates,0.5725655436876891,0.0078125,256,13.387733278617068,True,126
6991077106103396768,1.0,moment_registration,0.042134434419963895,0.0078125,256,5.765242915180244,True,126
6991077106103396768,1.0,euler_secondary,0.8818565663484732,0.0078125,256,8.803408430829505,True,126
17917063752571797524,1.0,quotient_exact,0.0747466949642478,0.0078125,256,6.798891368235914,True,127
17917063752571797524,1.0,raw_coordinates,0.5466541197287695,0.0078125,256,13.74489857196625,True,127
17917063752571797524,1.0,moment_registration,0.24229240470738933,0.0078125,256,4.163270691276758,True,127
17917063752571797524,1.0,euler_secondary,1.0100791609387294,0.0078125,256,9.082951062292475,True,127
9377431739129986160,1.0,quotient_exact,0.007841886860361913,0.0078125,256,8.222264428616139,True,128
9377431739129986160,1.0,raw_coordinates,0.5783424587386481,0.0078125,256,14.401427425456482,True,128
9377431739129986160,1.0,moment_registration,0.08685390244921676,0.0078125,256,5.251654847718794,True,128
9377431739129986160,1.0,euler_secondary,0.8785117008215794,0.0078125,256,9.526279441628825,True,128
4733872781925739235,1.0,quotient_exact,0.01664035945125375,0.0859375,256,6.27276034029753,False,129
4733872781925739235,1.0,raw_coordinates,0.3945349894295882,0.0078125,256,12.341878064132723,True,129
4733872781925739235,1.0,moment_registration,0.10310157361230488,0.0078125,256,3.6210888574898292,True,129
4733872781925739235,1.0,euler_secondary,0.8787495387957983,0.0078125,256,8.789197915623474,True,129
119314669078555451,1.0,quotient_exact,-0.008984095277397408,0.0078125,256,7.738811498983905,True,130
119314669078555451,1.0,raw_coordinates,0.2876407423804148,0.0078125,256,12.946387174534559,True,130
119314669078555451,1.0,moment_registration,0.0801871483291835,0.0078125,256,4.882568435329263,True,130
119314669078555451,1.0,euler_secondary,0.9337772195352319,0.0078125,256,8.845903006477066,True,130
3177425335334605374,1.0,quotient_exact,0.03333525224244005,0.0078125,256,7.521288471203842,True,131
3177425335334605374,1.0,raw_coordinates,0.5668039097945579,0.0078125,256,13.954777264590899,True,131
3177425335334605374,1.0,moment_registration,0.17680802896884362,0.0078125,256,4.609517551861148,True,131
3177425335334605374,1.0,euler_secondary,0.9548925736453546,0.0078125,256,8.573214099741124,True,131
18266499075974999573,1.0,quotient_exact,0.010960375684072932,0.0078125,256,8.087898975642986,True,132
18266499075974999573,1.0,raw_coordinates,0.49632812533716963,0.0078125,256,13.954402596030427,True,132
18266499075974999573,1.0,moment_registration,0.07505317096926811,0.0078125,256,4.991240062194094,True,132
18266499075974999573,1.0,euler_secondary,0.9874572735795983,0.0078125,256,9.069178573608527,True,132
5474871151230893332,1.0,quotient_exact,0.01761753071998262,0.0078125,256,6.761801783521945,True,133
5474871151230893332,1.0,raw_coordinates,0.4495452953090755,0.0078125,256,13.209913446747873,True,133
5474871151230893332,1.0,moment_registration,0.14588092426871446,0.0078125,256,3.7915562147157273,True,133
5474871151230893332,1.0,euler_secondary,0.8087093363261604,0.0078125,256,9.327379053088816,True,133
9067928566692379556,1.0,quotient_exact,-0.03575058668159392,0.0703125,256,7.816257343751663,False,134
9067928566692379556,1.0,raw_coordinates,0.49469416252394116,0.0078125,256,12.331724107612926,True,134
9067928566692379556,1.0,moment_registration,0.0662105784323136,0.0078125,256,4.6127372102312885,True,134
9067928566692379556,1.0,euler_secondary,0.9989679749602565,0.0078125,256,9.137833441248533,True,134
15913097982423513267,1.0,quotient_exact,0.032628107949756235,0.0078125,256,7.29929919768404,True,135
15913097982423513267,1.0,raw_coordinates,0.5110576237806097,0.0078125,256,13.032974855986819,True,135
15913097982423513267,1.0,moment_registration,0.10178144581080928,0.0078125,256,4.428012484316504,True,135
15913097982423513267,1.0,euler_secondary,0.9245155216607985,0.0078125,256,8.703447592764606,True,135
15235742548284719031,1.0,quotient_exact,-0.017457911689220396,0.0234375,256,8.011935769652576,True,136
15235742548284719031,1.0,raw_coordinates,0.5542619472579547,0.0078125,256,12.70723190017514,True,136
15235742548284719031,1.0,moment_registration,0.03442464740395956,0.0078125,256,4.992257899521967,True,136
15235742548284719031,1.0,euler_secondary,1.1052894105249949,0.0078125,256,9.027735042633894,True,136
14749876132104200151,1.0,quotient_exact,0.04747977449445506,0.0078125,256,6.049272406556496,True,137
14749876132104200151,1.0,raw_coordinates,0.5908826185668757,0.0078125,256,12.507573154796063,True,137
14749876132104200151,1.0,moment_registration,0.2677097213525903,0.0078125,256,3.086041014150521,True,137
14749876132104200151,1.0,euler_secondary,0.9882938779492982,0.0078125,256,8.902246907382429,True,137
11204747928082234085,1.0,quotient_exact,0.011248969186775537,0.0078125,256,7.191697859674954,True,138
11204747928082234085,1.0,raw_coordinates,0.5513905306562499,0.0078125,256,12.892669565232767,True,138
11204747928082234085,1.0,moment_registration,0.08324410581455721,0.0078125,256,4.612758452443566,True,138
11204747928082234085,1.0,euler_secondary,1.0133366261866845,0.0078125,256,8.760707733967616,True,138
3609900168786097583,1.0,quotient_exact,0.0051839500108884495,0.0078125,256,7.657357540149289,True,139
3609900168786097583,1.0,raw_coordinates,0.49784354929067987,0.0078125,256,13.247992843537757,True,139
3609900168786097583,1.0,moment_registration,0.09709621353165854,0.0078125,256,4.097812747611202,True,139
3609900168786097583,1.0,euler_secondary,1.071728783683557,0.0078125,256,9.565563234854496,True,139
3760318566858382294,1.0,quotient_exact,0.030651869574148893,0.0078125,256,7.7972108403844524,True,140
3760318566858382294,1.0,raw_coordinates,0.5853117350429298,0.0078125,256,14.718907077027591,True,140
3760318566858382294,1.0,moment_registration,0.11079200251897547,0.0078125,256,5.026928003036964,True,140
3760318566858382294,1.0,euler_secondary,1.0958747612328323,0.0078125,256,9.354143466934854,True,140
17675745410085535957,1.0,quotient_exact,0.010063471611536201,0.0078125,256,7.417891908400055,True,141
17675745410085535957,1.0,raw_coordinates,0.5703195802042427,0.0078125,256,14.082788109322587,True,141
17675745410085535957,1.0,moment_registration,0.08937566191481194,0.0078125,256,5.207976172848154,True,141
17675745410085535957,1.0,euler_secondary,1.1095599645599872,0.0078125,256,9.447221813845593,True,141
1194084221884979886,1.0,quotient_exact,-0.004925030124551144,0.0078125,256,8.131470891415495,True,142
1194084221884979886,1.0,raw_coordinates,0.5109690827766554,0.0078125,256,13.926691225591599,True,142
1194084221884979886,1.0,moment_registration,0.07175814192292185,0.0078125,256,5.672368566154137,True,142
1194084221884979886,1.0,euler_secondary,0.9946469306527675,0.0078125,256,9.5,True,142
10924918236326124305,1.0,quotient_exact,0.021487410348425273,0.0078125,256,6.944851875873205,True,143
10924918236326124305,1.0,raw_coordinates,0.5573661040111304,0.0078125,256,13.485127126238144,True,143
10924918236326124305,1.0,moment_registration,0.18656305086228153,0.0078125,256,3.9675545166661523,True,143
10924918236326124305,1.0,euler_secondary,1.0014665806628869,0.0078125,256,8.916277250063503,True,143
13388796367892968239,1.0,quotient_exact,0.19636837879802682,0.0078125,256,6.359754147495345,True,144
13388796367892968239,1.0,raw_coordinates,0.5013044881590243,0.0078125,256,14.481949317312784,True,144
13388796367892968239,1.0,moment_registration,0.4588444029773082,0.0078125,256,4.064429787956924,True,144
13388796367892968239,1.0,euler_secondary,1.1669967859111852,0.0078125,256,9.486832980505138,True,144
8867309106042481954,1.0,quotient_exact,0.046715366617927634,0.0078125,256,7.404989329282726,True,145
8867309106042481954,1.0,raw_coordinates,0.5516353975974009,0.0078125,256,14.972770281413089,True,145
8867309106042481954,1.0,moment_registration,0.1811926545282535,0.0078125,256,4.512122272066577,True,145
8867309106042481954,1.0,euler_secondary,1.0532011063188123,0.0078125,256,9.1104335791443,True,145
8209916183692427897,1.0,quotient_exact,0.03161403055184431,0.0078125,256,7.369347123570924,True,146
8209916183692427897,1.0,raw_coordinates,0.473133536178718,0.0078125,256,12.659171650844344,True,146
8209916183692427897,1.0,moment_registration,0.11157172565138485,0.0078125,256,4.619026194564814,True,146
8209916183692427897,1.0,euler_secondary,1.0419709380020024,0.0078125,256,9.300537618869138,True,146
10603812194220196101,1.0,quotient_exact,-0.0019822419253161527,0.015625,256,8.035528539714951,True,147
10603812194220196101,1.0,raw_coordinates,0.5807318009582482,0.0078125,256,13.883339219089418,True,147
10603812194220196101,1.0,moment_registration,0.07606492837000456,0.0078125,256,4.882684987213027,True,147
10603812194220196101,1.0,euler_secondary,1.0809276573276898,0.0078125,256,9.287087810503355,True,147
5879481725276702632,1.0,quotient_exact,0.009752540804971233,0.0078125,256,8.217567999615,True,148
5879481725276702632,1.0,raw_coordinates,0.5753416370727163,0.0078125,256,12.46416924384847,True,148
5879481725276702632,1.0,moment_registration,0.06370110599892054,0.0078125,256,5.631226952301659,True,148
5879481725276702632,1.0,euler_secondary,1.0188237784045144,0.0078125,256,9.1104335791443,True,148
13899917143172169137,1.0,quotient_exact,0.06335941602279505,0.0078125,256,7.411639363165113,True,149
13899917143172169137,1.0,raw_coordinates,0.4663875119572962,0.0078125,256,14.291248152970772,True,149
13899917143172169137,1.0,moment_registration,0.1771180329841755,0.0078125,256,4.486449031421633,True,149
13899917143172169137,1.0,euler_secondary,0.9484614644714348,0.0078125,256,8.774964387392123,True,149
10751885478466306321,1.0,quotient_exact,0.02029578685601896,0.0078125,256,6.856096682572321,True,150
10751885478466306321,1.0,raw_coordinates,0.5176991930339165,0.0078125,256,13.748395704846065,True,150
10751885478466306321,1.0,moment_registration,0.12725528751281123,0.0078125,256,4.156452195268807,True,150
10751885478466306321,1.0,euler_secondary,1.0571587642527511,0.0078125,256,8.803408430829505,True,150
4995894109680311863,1.0,quotient_exact,0.028979674860519555,0.0078125,256,8.135981733436585,True,151
4995894109680311863,1.0,raw_coordinates,0.5464236242110128,0.0078125,256,13.651992114291359,True,151
4995894109680311863,1.0,moment_registration,0.06364468788348365,0.0078125,256,5.363887193882236,True,151
4995894109680311863,1.0,euler_secondary,1.0667399559681212,0.0078125,256,9.604686356149273,True,151
537447431962124353,1.0,quotient_exact,0.09172028313689073,0.0078125,256,5.368013464007226,True,152
537447431962124353,1.0,raw_coordinates,0.5342416380843236,0.0078125,256,12.855719542362037,True,152
537447431962124353,1.0,moment_registration,0.23721006476319817,0.0078125,256,3.0450047022691082,True,152
537447431962124353,1.0,euler_secondary,0.9895416888228713,0.0078125,256,9.327379053088816,True,152
8616431459991222598,1.0,quotient_exact,0.014634475911773692,0.0078125,256,7.715957821889974,True,153
8616431459991222598,1.0,raw_coordinates,0.5090178848959929,0.0078125,256,13.73634568418883,True,153
8616431459991222598,1.0,moment_registration,0.07807993929196211,0.0078125,256,4.973205538515028,True,153
8616431459991222598,1.0,euler_secondary,1.056654154186471,0.0078125,256,8.616843969807043,True,153
11889351967115930335,1.0,quotient_exact,0.003920876447510602,0.0078125,256,7.366853968293982,True,154
11889351967115930335,1.0,raw_coordinates,0.46658631892436464,0.0078125,256,13.432565236060922,True,154
11889351967115930335,1.0,moment_registration,0.13537340260266117,0.0078125,256,4.421561806009861,True,154
11889351967115930335,1.0,euler_secondary,1.1209537284432418,0.0078125,256,9.205976319760984,True,154
3309958658499579643,1.0,quotient_exact,0.049589488030591045,0.0078125,256,6.836968313397205,True,155
3309958658499579643,1.0,raw_coordinates,0.5844922766729843,0.0078125,256,13.978431072609217,True,155
3309958658499579643,1.0,moment_registration,0.1683833983179145,0.0078125,256,4.2172369500492595,True,155
3309958658499579643,1.0,euler_secondary,1.079717313207085,0.0078125,256,9.460443964212251,True,155
15349767717594711274,1.0,quotient_exact,0.02653950350096379,0.0078125,256,6.950140083538253,True,156
15349767717594711274,1.0,raw_coordinates,0.6212470906671613,0.0078125,256,14.142035581662816,True,156
15349767717594711274,1.0,moment_registration,0.19113703876353594,0.0078125,256,3.780327673766086,True,156
15349767717594711274,1.0,euler_secondary,1.0733598053111342,0.0078125,256,9.565563234854496,True,156
2035542075966600377,1.0,quotient_exact,0.03034006463785166,0.0078125,256,6.646294588338774,True,157
2035542075966600377,1.0,raw_coordinates,0.3180707151249075,0.0078125,256,12.14899087336185,True,157
2035542075966600377,1.0,moment_registration,0.1546229601729724,0.0078125,256,3.882436235970728,True,157
2035542075966600377,1.0,euler_secondary,0.9024851573003703,0.0078125,256,9.38083151964686,True,157
5663098835526280534,1.0,quotient_exact,0.01326470050555939,0.0078125,256,6.7916954177483495,True,158
5663098835526280534,1.0,raw_coordinates,0.6090039649531412,0.0078125,256,12.415278325991425,True,158
5663098835526280534,1.0,moment_registration,0.12216624029601464,0.0078125,256,4.115986253392505,True,158
5663098835526280534,1.0,euler_secondary,1.1137604221430693,0.0078125,256,8.902246907382429,True,158
6489587684403922855,1.0,quotient_exact,0.02428864687401744,0.0078125,256,7.429166151927463,True,159
6489587684403922855,1.0,raw_coordinates,0.39362984263693523,0.0078125,256,13.699392249178223,True,159
6489587684403922855,1.0,moment_registration,0.06751072882242615,0.0078125,256,4.676131996407798,True,159
6489587684403922855,1.0,euler_secondary,1.0522418253290597,0.0078125,256,9.273618495495704,True,159
9795253505994486475,1.0,quotient_exact,0.05294254823181921,0.0078125,256,6.13914227315844,True,160
9795253505994486475,1.0,raw_coordinates,0.5426601390760053,0.0078125,256,12.999537219932726,True,160
9795253505994486475,1.0,moment_registration,0.1621128098443657,0.0078125,256,3.82595559968322,True,160
9795253505994486475,1.0,euler_secondary,1.1365805904377928,0.0078125,256,8.94427190999916,True,160
5966934251902433893,1.0,quotient_exact,0.0034864623204001743,0.0078125,256,7.517725769536417,True,161
5966934251902433893,1.0,raw_coordinates,0.4782926362274674,0.0078125,256,13.923444063634532,True,161
5966934251902433893,1.0,moment_registration,0.10121655883390024,0.0078125,256,4.811742858361705,True,161
5966934251902433893,1.0,euler_secondary,0.7704997744225617,0.0078125,256,8.860022573334675,True,161
2133433065064947732,1.0,quotient_exact,0.05872693608021662,0.0078125,256,7.0932823584332025,True,162
2133433065064947732,1.0,raw_coordinates,0.4726348509150413,0.0078125,256,13.643967960415033,True,162
2133433065064947732,1.0,moment_registration,0.16727539916011946,0.0078125,256,4.44317589376115,True,162
2133433065064947732,1.0,euler_secondary,0.9475792367630692,0.0078125,256,8.645808232895291,True,162
3760644806750392847,1.0,quotient_exact,-0.015755628208550365,0.0078125,256,8.714317616908543,True,163
3760644806750392847,1.0,raw_coordinates,0.44422454933174493,0.0078125,256,12.846226166551139,True,163
3760644806750392847,1.0,moment_registration,0.01907203783525968,0.0078125,256,6.085045908230643,True,163
3760644806750392847,1.0,euler_secondary,0.9061508008699017,0.0078125,256,9.287087810503355,True,163
18042148388846577476,1.0,quotient_exact,0.015132749731577189,0.0078125,256,8.130310756259238,True,164
18042148388846577476,1.0,raw_coordinates,0.52709664871488,0.0078125,256,13.200074933859767,True,164
18042148388846577476,1.0,moment_registration,0.07165575017971382,0.0078125,256,4.97497402967934,True,164
18042148388846577476,1.0,euler_secondary,1.095118925466938,0.0078125,256,9.219544457292887,True,164
9149922640331213803,1.0,quotient_exact,0.05876689824075276,0.0078125,256,6.922559707517572,True,165
9149922640331213803,1.0,raw_coordinates,0.5288038816533115,0.0078125,256,13.880884875737868,True,165
9149922640331213803,1.0,moment_registration,0.17021199704216572,0.0078125,256,4.367823127264673,True,165
9149922640331213803,1.0,euler_secondary,1.091164306235354,0.0078125,256,9.394147114027968,True,165
6660775164571227356,1.0,quotient_exact,0.00015460993543980894,0.0078125,256,7.930944983285421,True,166
6660775164571227356,1.0,raw_coordinates,0.503238014374894,0.0078125,256,14.270710830566223,True,166
6660775164571227356,1.0,moment_registration,0.09588516312821127,0.0078125,256,4.683710540792606,True,166
6660775164571227356,1.0,euler_secondary,1.058822872784944,0.0078125,256,9.354143466934854,True,166
2418145910265228807,1.0,quotient_exact,0.041074697646434455,0.0078125,256,7.597867881289636,True,167
2418145910265228807,1.0,raw_coordinates,0.4366153914123836,0.0078125,256,14.041596068970776,True,167
2418145910265228807,1.0,moment_registration,0.1516995818243514,0.0078125,256,4.556654477341251,True,167
2418145910265228807,1.0,euler_secondary,1.0977761485902962,0.0078125,256,9.420721840708387,True,167
12186422495388086767,1.0,quotient_exact,-0.008236365278709856,0.0390625,256,7.444490937516317,True,168
12186422495388086767,1.0,raw_coordinates,0.44447406002552936,0.0078125,256,13.329082190097646,True,168
12186422495388086767,1.0,moment_registration,0.055956957034473453,0.0078125,256,4.657021796037932,True,168
12186422495388086767,1.0,euler_secondary,0.944864106072107,0.0078125,256,9.1104335791443,True,168
4785989132347028649,1.0,quotient_exact,0.015578600734985626,0.0078125,256,8.194049366351086,True,169
4785989132347028649,1.0,raw_coordinates,0.5472075373118793,0.0078125,256,13.415360822089646,True,169
4785989132347028649,1.0,moment_registration,0.09008931974954681,0.0078125,256,5.003136037432562,True,169
4785989132347028649,1.0,euler_secondary,0.9915436983007866,0.0078125,256,9.233092656309694,True,169
13747139711242851931,1.0,quotient_exact,0.00847307257671992,0.0078125,256,7.689949813044939,True,170
13747139711242851931,1.0,raw_coordinates,0.6302979481519615,0.0078125,256,12.734311177499965,True,170
13747139711242851931,1.0,moment_registration,0.11700330314077334,0.0078125,256,4.861918548370559,True,170
13747139711242851931,1.0,euler_secondary,0.9400233709942336,0.0078125,256,9.096702699330127,True,170
4854605999818631776,1.0,quotient_exact,0.06345472979148736,0.0078125,256,7.3217048280482535,True,171
4854605999818631776,1.0,raw_coordinates,0.5359498967901211,0.0078125,256,14.658819752678829,True,171
4854605999818631776,1.0,moment_registration,0.20729178060145959,0.0078125,256,4.5195403343446,True,171
4854605999818631776,1.0,euler_secondary,1.0710571420698676,0.0078125,256,8.888194417315589,True,171
17341020470799088120,1.0,quotient_exact,0.052591310015102755,0.0078125,256,6.981705017554035,True,172
17341020470799088120,1.0,raw_coordinates,0.5605466199108016,0.0078125,256,13.635946806977213,True,172
17341020470799088120,1.0,moment_registration,0.1914458531595058,0.0078125,256,4.069286144331586,True,172
17341020470799088120,1.0,euler_secondary,0.9689473704955237,0.0078125,256,8.703447592764606,True,172
17284095466126820954,1.0,quotient_exact,0.030409624861453932,0.0078125,256,6.37442676170489,True,173
17284095466126820954,1.0,raw_coordinates,0.4585856546982544,0.0078125,256,12.217660475469302,True,173
17284095466126820954,1.0,moment_registration,0.18186824145288638,0.0078125,256,3.7495534691427217,True,173
17284095466126820954,1.0,euler_secondary,1.1060773307149032,0.0078125,256,9.041570660012562,True,173
17274823196477058568,1.0,quotient_exact,0.01436826885894904,0.0078125,256,7.3741137778541725,True,174
17274823196477058568,1.0,raw_coordinates,0.4891576645205695,0.0078125,256,13.15561968684384,True,174
17274823196477058568,1.0,moment_registration,0.1048204170451138,0.0078125,256,4.836843700813967,True,174
17274823196477058568,1.0,euler_secondary,0.8851910225514977,0.0078125,256,9.205976319760984,True,174
5396426359170275028,1.0,quotient_exact,0.029635072054646994,0.0078125,256,6.974740140803245,True,175
5396426359170275028,1.0,raw_coordinates,0.6147532820936618,0.0078125,256,14.18178649093005,True,175
5396426359170275028,1.0,moment_registration,0.1331100272067507,0.0078125,256,4.338548129408196,True,175
5396426359170275028,1.0,euler_secondary,0.903877982898866,0.0078125,256,9.591663046625438,True,175
7242578416018573975,1.0,quotient_exact,0.06578174149147864,0.0078125,256,6.812575055361863,True,176
7242578416018573975,1.0,raw_coordinates,0.6034472261000559,0.0078125,256,14.431173024138534,True,176
7242578416018573975,1.0,moment_registration,0.2418969082992799,0.0078125,256,4.039667914645082,True,176
7242578416018573975,1.0,euler_secondary,1.0575372333976178,0.0078125,256,9.055385138137417,True,176
13716490151269730058,1.0,quotient_exact,0.002443986382647645,0.015625,256,7.3474012740575505,True,177
13716490151269730058,1.0,raw_coordinates,0.3497287353432552,0.0078125,256,12.398113050095471,True,177
13716490151269730058,1.0,moment_registration,0.08342162215121851,0.0078125,256,4.3368042344319555,True,177
13716490151269730058,1.0,euler_secondary,0.9676430183723705,0.0078125,256,9.069178573608527,True,177
10792337496215783424,1.0,quotient_exact,0.02268648591521638,0.0078125,256,7.775585284127643,True,178
10792337496215783424,1.0,raw_coordinates,0.5525786458954565,0.0078125,256,13.686107181447175,True,178
10792337496215783424,1.0,moment_registration,0.08483353423778972,0.0078125,256,4.950736308546482,True,178
10792337496215783424,1.0,euler_secondary,0.9561996252529117,0.0078125,256,8.902246907382429,True,178
2039473300900202673,1.0,quotient_exact,0.0779221120109882,0.0078125,256,6.821103845050688,True,179
2039473300900202673,1.0,raw_coordinates,0.5318380415815418,0.0078125,256,13.419138089359333,True,179
2039473300900202673,1.0,moment_registration,0.2494934482766471,0.0078125,256,3.9783807613262896,True,179
2039473300900202673,1.0,euler_secondary,1.121417983648041,0.0078125,256,9.354143466934854,True,179
18364488587889653640,1.0,quotient_exact,0.09529271319024468,0.0078125,256,6.681225051789223,True,180
18364488587889653640,1.0,raw_coordinates,0.4680425109635321,0.0078125,256,14.255505419227674,True,180
18364488587889653640,1.0,moment_registration,0.3257277670894727,0.0078125,256,3.5605987006503628,True,180
18364488587889653640,1.0,euler_secondary,1.1109392333917605,0.0078125,256,9.460443964212251,True,180
14604705502146244428,1.0,quotient_exact,-0.007758026897032422,0.0078125,256,7.406435936211448,True,181
14604705502146244428,1.0,raw_coordinates,0.37685088804319433,0.0078125,256,13.589525856468072,True,181
14604705502146244428,1.0,moment_registration,0.07921718727696447,0.0078125,256,4.321019355261473,True,181
14604705502146244428,1.0,euler_secondary,1.0710897295198794,0.0078125,256,9.287087810503355,True,181
17970755585920462233,1.0,quotient_exact,0.0235204749272111,0.0078125,256,7.156752553491671,True,182
17970755585920462233,1.0,raw_coordinates,0.5237438500140854,0.0078125,256,13.759945125357296,True,182
17970755585920462233,1.0,moment_registration,0.16064773820197997,0.0078125,256,4.2426122615281985,True,182
17970755585920462233,1.0,euler_secondary,0.9995651002751569,0.0078125,256,9.300537618869138,True,182
16658144687814005995,1.0,quotient_exact,0.030186440587469665,0.0078125,256,7.832608587950387,True,183
16658144687814005995,1.0,raw_coordinates,0.5807984217606976,0.0078125,256,13.46923310427799,True,183
16658144687814005995,1.0,moment_registration,0.13936077972040517,0.0078125,256,4.9535253867176205,True,183
16658144687814005995,1.0,euler_secondary,0.9950643456379624,0.0078125,256,9.354143466934854,True,183
6308701468373982359,1.0,quotient_exact,0.05672176015723929,0.0078125,256,6.895743009267139,True,184
6308701468373982359,1.0,raw_coordinates,0.46784900516026284,0.0078125,256,13.504881674836165,True,184
6308701468373982359,1.0,moment_registration,0.23066907088238775,0.0078125,256,4.14604180243461,True,184
6308701468373982359,1.0,euler_secondary,1.0649847428781656,0.0078125,256,9.041570660012562,True,184
4964670469650805285,1.0,quotient_exact,-0.0035070160211413404,0.0078125,256,7.248838151087803,True,185
4964670469650805285,1.0,raw_coordinates,0.5544027356546266,0.0078125,256,13.488598520832776,True,185
4964670469650805285,1.0,moment_registration,0.11696332646690522,0.0078125,256,4.4101257480376574,True,185
4964670469650805285,1.0,euler_secondary,1.0057262760997174,0.0078125,256,9.246621004453464,True,185
6464101203245655377,1.0,quotient_exact,0.014645052768247901,0.0078125,256,7.327352796091843,True,186
6464101203245655377,1.0,raw_coordinates,0.5025889782763167,0.0078125,256,13.329163072692447,True,186
6464101203245655377,1.0,moment_registration,0.07489237622485456,0.0078125,256,4.654664234747522,True,186
6464101203245655377,1.0,euler_secondary,1.0121840717665807,0.0078125,256,8.689073598491383,True,186
10708773125567362297,1.0,quotient_exact,0.02131336187161459,0.0078125,256,8.118341332918327,True,187
10708773125567362297,1.0,raw_coordinates,0.4892837723606467,0.0078125,256,13.353784721854275,True,187
10708773125567362297,1.0,moment_registration,0.07213098138314289,0.0078125,256,5.492688667949843,True,187
10708773125567362297,1.0,euler_secondary,0.9256972711441205,0.0078125,256,9.069178573608527,True,187
4653051583790796974,1.0,quotient_exact,0.013356878745970469,0.0078125,256,7.504214074196393,True,188
4653051583790796974,1.0,raw_coordinates,0.46645139347381326,0.0078125,256,13.2609788125931,True,188
4653051583790796974,1.0,moment_registration,0.11186924101715467,0.0078125,256,4.551328564923056,True,188
4653051583790796974,1.0,euler_secondary,1.1130651274432273,0.0078125,256,9.394147114027968,True,188
1527741132143752937,1.0,quotient_exact,0.007231838061985241,0.0078125,256,9.237242472266034,True,189
1527741132143752937,1.0,raw_coordinates,0.5528904087161244,0.0078125,256,13.04520981319669,True,189
1527741132143752937,1.0,moment_registration,0.043737834347971294,0.0078125,256,7.10570482198491,True,189
1527741132143752937,1.0,euler_secondary,0.9590294804214249,0.0078125,256,9.219544457292887,True,189
17115858819826016819,1.0,quotient_exact,-0.014527664360355796,0.0078125,256,7.509782121912958,True,190
17115858819826016819,1.0,raw_coordinates,0.4700041093114373,0.0078125,256,13.38968824031267,True,190
17115858819826016819,1.0,moment_registration,0.09481441578577654,0.0078125,256,4.349580622829833,True,190
17115858819826016819,1.0,euler_secondary,0.9951126929569498,0.0078125,256,9.041570660012562,True,190
17128166009355580561,1.0,quotient_exact,0.02530534182191313,0.0078125,256,6.89354423751577,True,191
17128166009355580561,1.0,raw_coordinates,0.5024558154153681,0.0078125,256,12.899145434821875,True,191
17128166009355580561,1.0,moment_registration,0.1248415772184539,0.0078125,256,4.141832454614592,True,191
17128166009355580561,1.0,euler_secondary,0.9826662403703508,0.0078125,256,9.260129588726068,True,191
5143145222235932993,1.0,quotient_exact,0.06266826648396784,0.0078125,256,7.463138128900698,True,192
5143145222235932993,1.0,raw_coordinates,0.3903409342827646,0.0078125,256,13.79865843134091,True,192
5143145222235932993,1.0,moment_registration,0.20096713008658518,0.0078125,256,4.6997649554896945,True,192
5143145222235932993,1.0,euler_secondary,1.114755064596387,0.0078125,256,9.273618495495704,True,192
15554579903232473769,1.0,quotient_exact,-0.003966919059596785,0.0078125,256,7.550359930742019,True,193
15554579903232473769,1.0,raw_coordinates,0.5433625685057696,0.0078125,256,13.603630713025051,True,193
15554579903232473769,1.0,moment_registration,0.08724615953974546,0.0078125,256,4.751341429231159,True,193
15554579903232473769,1.0,euler_secondary,1.0731121257717922,0.0078125,256,9.394147114027968,True,193
2554283928015640758,1.0,quotient_exact,0.06724386443851871,0.0078125,256,5.970505005735259,True,194
2554283928015640758,1.0,raw_coordinates,0.48888966834803327,0.0078125,256,12.37442798829892,True,194
2554283928015640758,1.0,moment_registration,0.1906188585443458,0.0078125,256,3.53056527797081,True,194
2554283928015640758,1.0,euler_secondary,1.0503009081318337,0.0078125,256,8.73212459828649,True,194
17642308987739490386,1.0,quotient_exact,0.03528687376243922,0.0078125,256,7.0312248594737135,True,195
17642308987739490386,1.0,raw_coordinates,0.615645004405955,0.0078125,256,13.099422204866297,True,195
17642308987739490386,1.0,moment_registration,0.1839439620679446,0.0078125,256,3.8430463290283905,True,195
17642308987739490386,1.0,euler_secondary,1.0098570129186497,0.0078125,256,8.73212459828649,True,195
947355349641429330,1.0,quotient_exact,0.024267158203984285,0.0078125,256,6.975820176694806,True,196
947355349641429330,1.0,raw_coordinates,0.3987105413043096,0.0078125,256,12.609736899479328,True,196
947355349641429330,1.0,moment_registration,0.09553679965257345,0.0078125,256,4.12550895868787,True,196
947355349641429330,1.0,euler_secondary,0.9735772568797897,0.0078125,256,9.313968005098578,True,196
14323268177278409979,1.0,quotient_exact,-0.0022839290425029635,0.0078125,256,7.451712504908146,True,197
14323268177278409979,1.0,raw_coordinates,0.453691516711778,0.0078125,256,12.30715686757324,True,197
14323268177278409979,1.0,moment_registration,0.0553777048137043,0.0078125,256,4.667698572844724,True,197
14323268177278409979,1.0,euler_secondary,1.0323300687710861,0.0078125,256,9.367496997597597,True,197
10081044599576818896,1.0,quotient_exact,0.01770504014900287,0.0078125,256,7.361271032521765,True,198
10081044599576818896,1.0,raw_coordinates,0.470516848599993,0.0078125,256,13.182414280687532,True,198
10081044599576818896,1.0,moment_registration,0.0802362351210626,0.0078125,256,5.017779376019118,True,198
10081044599576818896,1.0,euler_secondary,0.9544388866290359,0.0078125,256,8.73212459828649,True,198
1380429808648354249,1.0,quotient_exact,0.09202033582088309,0.0078125,256,5.908516163831302,True,199
1380429808648354249,1.0,raw_coordinates,0.45297070255053384,0.0078125,256,12.674864159725308,True,199
1380429808648354249,1.0,moment_registration,0.18124847172941672,0.0078125,256,3.424495158296803,True,199
1380429808648354249,1.0,euler_secondary,0.8745556651297737,0.0078125,256,8.74642784226795,True,199
7620613873783965481,1.0,quotient_exact,0.0481910139413575,0.0078125,256,6.712394966330937,True,200
7620613873783965481,1.0,raw_coordinates,0.5398755120373266,0.0078125,256,13.218670567166557,True,200
7620613873783965481,1.0,moment_registration,0.1650234335883617,0.0078125,256,4.0040393120228,True,200
7620613873783965481,1.0,euler_secondary,1.0362647586834153,0.0078125,256,9.300537618869138,True,200
11014202482484634904,1.0,quotient_exact,0.05099457986759792,0.0078125,256,7.061587076049709,True,201
11014202482484634904,1.0,raw_coordinates,0.4464676260401229,0.0078125,256,13.199285016271626,True,201
11014202482484634904,1.0,moment_registration,0.17082536512814583,0.0078125,256,4.210264309813784,True,201
11014202482484634904,1.0,euler_secondary,1.1312246455692312,0.0078125,256,9.205976319760984,True,201
13782677239127606022,1.0,quotient_exact,0.06412149254536359,0.0078125,256,7.211406399033633,True,202
13782677239127606022,1.0,raw_coordinates,0.39314894570929193,0.0078125,256,13.579822366795172,True,202
13782677239127606022,1.0,moment_registration,0.18434453002014084,0.0078125,256,4.6205691122246595,True,202
13782677239127606022,1.0,euler_secondary,0.8427845144589707,0.0078125,256,8.94427190999916,True,202
11061265124003998344,1.0,quotient_exact,0.006847082838172369,0.0078125,256,7.733743706994386,True,203
11061265124003998344,1.0,raw_coordinates,0.5798307323992418,0.0078125,256,13.147955630550323,True,203
11061265124003998344,1.0,moment_registration,0.05468582343322581,0.0078125,256,4.913282362556752,True,203
11061265124003998344,1.0,euler_secondary,1.089651952058051,0.0078125,256,9.327379053088816,True,203
17651831895846792397,1.0,quotient_exact,-0.0060753709999809,0.0078125,256,8.179108310986056,True,204
17651831895846792397,1.0,raw_coordinates,0.5635423387199207,0.0078125,256,14.073199073606165,True,204
17651831895846792397,1.0,moment_registration,0.07575527782403757,0.0078125,256,5.087494895733152,True,204
17651831895846792397,1.0,euler_secondary,1.10170472828985,0.0078125,256,9.300537618869138,True,204
10169629000081701086,1.0,quotient_exact,0.027537448115176888,0.0078125,256,7.004655375606409,True,205
10169629000081701086,1.0,raw_coordinates,0.5035875883949225,0.0078125,256,13.606519936774399,True,205
10169629000081701086,1.0,moment_registration,0.13994621191389056,0.0078125,256,4.34380434944616,True,205
10169629000081701086,1.0,euler_secondary,1.0954706460757073,0.0078125,256,9.233092656309694,True,205
5873014186144619601,1.0,quotient_exact,0.029680644829857106,0.0078125,256,7.558455466680688,True,206
5873014186144619601,1.0,raw_coordinates,0.4651089727582154,0.0078125,256,14.272034637880047,True,206
5873014186144619601,1.0,moment_registration,0.09822137302923795,0.0078125,256,4.988901311025987,True,206
5873014186144619601,1.0,euler_secondary,0.8744272288317166,0.0078125,256,8.674675786448736,True,206
15365569005605447153,1.0,quotient_exact,0.02414143770724997,0.0078125,256,7.3819448576716225,True,207
15365569005605447153,1.0,raw_coordinates,0.34045047113676064,0.0078125,256,13.404074394026203,True,207
15365569005605447153,1.0,moment_registration,0.10385604074864163,0.0078125,256,4.762089730884683,True,207
15365569005605447153,1.0,euler_secondary,0.815522421089633,0.0078125,256,8.916277250063503,True,207
9423701711699789482,1.0,quotient_exact,-0.01580207666746314,0.0078125,256,7.708564340920331,True,208
9423701711699789482,1.0,raw_coordinates,0.4034496359546097,0.0078125,256,13.320938948626306,True,208
9423701711699789482,1.0,moment_registration,0.04488570715388018,0.0078125,256,4.942452909769197,True,208
9423701711699789482,1.0,euler_secondary,1.0105036688523512,0.0078125,256,8.703447592764606,True,208
12465262425563534786,1.0,quotient_exact,0.04335819873006885,0.0234375,256,7.2897329601427545,True,209
12465262425563534786,1.0,raw_coordinates,0.5427368962828731,0.0078125,256,14.383446242410763,True,209
12465262425563534786,1.0,moment_registration,0.16097196306690464,0.0078125,256,4.42884808045001,True,209
12465262425563534786,1.0,euler_secondary,0.9798156196157677,0.0078125,256,8.689073598491383,True,209
9969246505922930578,1.0,quotient_exact,0.09257314329551347,0.0078125,256,6.814239135710351,True,210
9969246505922930578,1.0,raw_coordinates,0.6123132281890472,0.0078125,256,14.686089334196792,True,210
9969246505922930578,1.0,moment_registration,0.26907238958659185,0.0078125,256,4.063192327287189,True,210
9969246505922930578,1.0,euler_secondary,1.083629760693099,0.0078125,256,8.674675786448736,True,210
9748831936321329578,1.0,quotient_exact,0.019592457030486066,0.0078125,256,7.202489182072225,True,211
9748831936321329578,1.0,raw_coordinates,0.4886414465919906,0.0078125,256,13.401030070097345,True,211
9748831936321329578,1.0,moment_registration,0.12007542318112441,0.0078125,256,4.305145333459281,True,211
9748831936321329578,1.0,euler_secondary,1.0909213359051009,0.0078125,256,9.394147114027968,True,211
8658891990257366830,1.0,quotient_exact,0.09297788096917414,0.0078125,256,6.674323071456849,True,212
8658891990257366830,1.0,raw_coordinates,0.6208122214603518,0.0078125,256,14.347957060071252,True,212
8658891990257366830,1.0,moment_registration,0.27289700445518605,0.0078125,256,3.965296994778339,True,212
8658891990257366830,1.0,euler_secondary,0.965877854087015,0.0078125,256,8.717797887081348,True,212
15188277294923223800,1.0,quotient_exact,0.030611266991937502,0.0078125,256,7.15447898554393,True,213
15188277294923223800,1.0,raw_coordinates,0.5749721198405442,0.0078125,256,13.208585360271465,True,213
15188277294923223800,1.0,moment_registration,0.20909535587035577,0.0078125,256,4.048892957824697,True,213
15188277294923223800,1.0,euler_secondary,0.7567376998603255,0.0078125,256,8.874119674649425,True,213
10999341418809267649,1.0,quotient_exact,0.01164956856107413,0.0078125,256,7.475705571800629,True,214
10999341418809267649,1.0,raw_coordinates,0.4855452299351829,0.0078125,256,13.37619058480818,True,214
10999341418809267649,1.0,moment_registration,0.11676167205140653,0.0078125,256,4.20728905413857,True,214
10999341418809267649,1.0,euler_secondary,0.9287455974418273,0.0078125,256,8.73212459828649,True,214
18374825620212283336,1.0,quotient_exact,0.08013184173967192,0.0078125,256,6.915470780798397,True,215
18374825620212283336,1.0,raw_coordinates,0.5423460814642036,0.0078125,256,13.578181739216067,True,215
18374825620212283336,1.0,moment_registration,0.1851971452616179,0.0078125,256,4.412381343444572,True,215
18374825620212283336,1.0,euler_secondary,0.9967008949637693,0.0078125,256,8.645808232895291,True,215
11824926654832407702,1.0,quotient_exact,0.047568102904568255,0.0078125,256,7.213661459880512,True,216
11824926654832407702,1.0,raw_coordinates,0.5305492477121356,0.0078125,256,15.134758817975163,True,216
11824926654832407702,1.0,moment_registration,0.20869969460455762,0.0078125,256,4.165249238587995,True,216
11824926654832407702,1.0,euler_secondary,1.0718582068279079,0.0078125,256,8.74642784226795,True,216
17741618535329927724,1.0,quotient_exact,0.09343020384290457,0.0078125,256,7.217013353865589,True,217
17741618535329927724,1.0,raw_coordinates,0.5553471826469697,0.0078125,256,15.39192638977368,True,217
17741618535329927724,1.0,moment_registration,0.21406794398237072,0.0078125,256,4.438295077366217,True,217
17741618535329927724,1.0,euler_secondary,0.8811043701434538,0.0078125,256,9.394147114027968,True,217
4773321672705012608,1.0,quotient_exact,0.005412311164652905,0.0078125,256,6.985434050249106,True,218
4773321672705012608,1.0,raw_coordinates,0.5651315654659722,0.0078125,256,13.414655929840505,True,218
4773321672705012608,1.0,moment_registration,0.1058234780029279,0.0078125,256,4.2224443093477415,True,218
4773321672705012608,1.0,euler_secondary,1.1263508257153458,0.0078125,256,9.1104335791443,True,218
11596377773714449116,1.0,quotient_exact,0.013169962895465348,0.0078125,256,7.419826460078074,True,219
11596377773714449116,1.0,raw_coordinates,0.47839866539478026,0.0078125,256,13.566469239251033,True,219
11596377773714449116,1.0,moment_registration,0.11134202730249432,0.0078125,256,4.826798010094425,True,219
11596377773714449116,1.0,euler_secondary,0.8991960714300805,0.0078125,256,8.789197915623474,True,219
4417927981056051984,1.0,quotient_exact,0.042422691570747295,0.0078125,256,6.669901933998775,True,220
4417927981056051984,1.0,raw_coordinates,0.41700742359843757,0.0078125,256,13.094105833392055,True,220
4417927981056051984,1.0,moment_registration,0.20566864644663674,0.0078125,256,3.775581304791673,True,220
4417927981056051984,1.0,euler_secondary,0.9910416104730997,0.0078125,256,9.205976319760984,True,220
4731644884932701816,1.0,quotient_exact,0.03952666427692508,0.0078125,256,6.974788380714007,True,221
4731644884932701816,1.0,raw_coordinates,0.463014936584751,0.0078125,256,12.667819915123786,True,221
4731644884932701816,1.0,moment_registration,0.13261607938960407,0.0078125,256,4.035748693302145,True,221
4731644884932701816,1.0,euler_secondary,0.9941032917021488,0.0078125,256,8.916277250063503,True,221
13701238768195994516,1.0,quotient_exact,0.004082384457341437,0.0078125,256,7.430763285243194,True,222
13701238768195994516,1.0,raw_coordinates,0.4405357367984327,0.0078125,256,13.5279812848171,True,222
13701238768195994516,1.0,moment_registration,0.08699582840294184,0.0078125,256,4.585873500262918,True,222
13701238768195994516,1.0,euler_secondary,0.9410193716687028,0.0078125,256,9.354143466934854,True,222
8332511783866892434,1.0,quotient_exact,0.042617107509958174,0.0078125,256,6.830369748503342,True,223
8332511783866892434,1.0,raw_coordinates,0.48061143474858936,0.0078125,256,13.174196930590849,True,223
8332511783866892434,1.0,moment_registration,0.20093886073618628,0.0078125,256,3.769472163931282,True,223
8332511783866892434,1.0,euler_secondary,0.990709757390425,0.0078125,256,9.1104335791443,True,223
7142247223999899528,1.0,quotient_exact,0.06994898344524547,0.0078125,256,6.877881271383225,True,224
7142247223999899528,1.0,raw_coordinates,0.571442346946895,0.0078125,256,13.95820530203419,True,224
7142247223999899528,1.0,moment_registration,0.20180136173111585,0.0078125,256,3.944137122717227,True,224
7142247223999899528,1.0,euler_secondary,1.0620427990652748,0.0078125,256,8.845903006477066,True,224
7929540341205035484,1.0,quotient_exact,0.04075125727652584,0.0078125,256,7.188754011575199,True,225
7929540341205035484,1.0,raw_coordinates,0.5386621857367666,0.0078125,256,13.60456928397021,True,225
7929540341205035484,1.0,moment_registration,0.185294349645307,0.0078125,256,4.229484597347771,True,225
7929540341205035484,1.0,euler_secondary,1.0817945181579076,0.0078125,256,8.689073598491383,True,225
11204995549479832271,1.0,quotient_exact,0.021142164007234898,0.0078125,256,7.421792611188777,True,226
11204995549479832271,1.0,raw_coordinates,0.35765009739653886,0.0078125,256,13.224299347187308,True,226
11204995549479832271,1.0,moment_registration,0.11696270685320465,0.0078125,256,4.921322682145027,True,226
11204995549479832271,1.0,euler_secondary,0.9610236865224229,0.0078125,256,8.860022573334675,True,226
18004753981902825217,1.0,quotient_exact,0.08473654723888602,0.0078125,256,6.8873331663864485,True,227
18004753981902825217,1.0,raw_coordinates,0.595572397236738,0.0078125,256,13.345908946445167,True,227
18004753981902825217,1.0,moment_registration,0.21076800697211517,0.0078125,256,4.185445686711153,True,227
18004753981902825217,1.0,euler_secondary,1.0956375256253086,0.0078125,256,9.539392014169456,True,227
1013690316699382881,1.0,quotient_exact,0.04701354805750768,0.0078125,256,7.8835666013460415,True,228
1013690316699382881,1.0,raw_coordinates,0.4988021270266292,0.0078125,256,13.895938959632563,True,228
1013690316699382881,1.0,moment_registration,0.12489079990140617,0.0078125,256,5.061320013077765,True,228
1013690316699382881,1.0,euler_secondary,1.1001616470527211,0.0078125,256,9.205976319760984,True,228
3190027012358679545,1.0,quotient_exact,0.04941499421598328,0.0078125,256,6.9562707477605255,True,229
3190027012358679545,1.0,raw_coordinates,0.5286949065590294,0.0078125,256,13.047011588855115,True,229
3190027012358679545,1.0,moment_registration,0.11602410048523049,0.0078125,256,4.026562249402387,True,229
3190027012358679545,1.0,euler_secondary,1.02277020927134,0.0078125,256,9.486832980505138,True,229
979625162315741156,1.0,quotient_exact,0.08977922709661068,0.0078125,256,6.759484407833626,True,230
979625162315741156,1.0,raw_coordinates,0.35564841374361766,0.0078125,256,11.968009106058178,True,230
979625162315741156,1.0,moment_registration,0.2501599950832252,0.0078125,256,3.9276962993031206,True,230
979625162315741156,1.0,euler_secondary,1.0173407546356767,0.0078125,256,9.192388155425117,True,230
17139576523924801887,1.0,quotient_exact,0.04447987856600133,0.0078125,256,6.655762596981101,True,231
17139576523924801887,1.0,raw_coordinates,0.39460369557971153,0.0078125,256,13.62805552160248,True,231
17139576523924801887,1.0,moment_registration,0.15052488059008173,0.0078125,256,4.15020612760863,True,231
17139576523924801887,1.0,euler_secondary,0.9244376456655127,0.0078125,256,9.539392014169456,True,231
2333790876218611589,1.0,quotient_exact,0.028525698549869416,0.0078125,256,7.607967678331318,True,232
2333790876218611589,1.0,raw_coordinates,0.5870897929094192,0.0078125,256,13.698836978332375,True,232
2333790876218611589,1.0,moment_registration,0.12898079978078847,0.0078125,256,4.737629167285307,True,232
2333790876218611589,1.0,euler_secondary,1.1125375699748192,0.0078125,256,9.192388155425117,True,232
17614527942433128780,1.0,quotient_exact,0.009511400236831613,0.0078125,256,7.65618280645565,True,233
17614527942433128780,1.0,raw_coordinates,0.35076545081460375,0.0078125,256,13.392220972485868,True,233
17614527942433128780,1.0,moment_registration,0.10944190069443926,0.0078125,256,4.773959511294493,True,233
17614527942433128780,1.0,euler_secondary,1.0863694148512217,0.0078125,256,9.354143466934854,True,233
13224679215074613597,1.0,quotient_exact,0.04265714384103636,0.0078125,256,7.325996316950907,True,234
13224679215074613597,1.0,raw_coordinates,0.5613792605840069,0.0078125,256,14.26254453832079,True,234
13224679215074613597,1.0,moment_registration,0.14884976408686268,0.0078125,256,4.609753172501885,True,234
13224679215074613597,1.0,euler_secondary,0.8890861057681487,0.0078125,256,9.5524865872714,True,234
5840236936253586231,1.0,quotient_exact,0.0022563522771326117,0.0078125,256,7.788443087992411,True,235
5840236936253586231,1.0,raw_coordinates,0.41169698832346424,0.0078125,256,13.4743548162943,True,235
5840236936253586231,1.0,moment_registration,0.04330900946771332,0.0078125,256,5.131596725034952,True,235
5840236936253586231,1.0,euler_secondary,0.8423592734397927,0.0078125,256,8.958236433584458,True,235
13305619543717640448,1.0,quotient_exact,0.019645084145665903,0.0078125,256,6.9802733764774665,True,236
13305619543717640448,1.0,raw_coordinates,0.5886399180590652,0.0078125,256,13.616836570664198,True,236
13305619543717640448,1.0,moment_registration,0.086354628310374,0.0078125,256,4.586963677807163,True,236
13305619543717640448,1.0,euler_secondary,1.039041894603026,0.0078125,256,8.558621384311845,True,236
4413220044409620996,1.0,quotient_exact,0.02512429059489929,0.0078125,256,8.107717461773388,True,237
4413220044409620996,1.0,raw_coordinates,0.42252493456857465,0.0078125,256,12.985721535809525,True,237
4413220044409620996,1.0,moment_registration,0.05651758664140194,0.0078125,256,5.344393249048511,True,237
4413220044409620996,1.0,euler_secondary,0.7152736155603423,0.0078125,256,9.246621004453464,True,237
10070005156629841008,1.0,quotient_exact,0.007578657623347085,0.0078125,256,7.983614981687527,True,238
10070005156629841008,1.0,raw_coordinates,0.5645165403692419,0.0078125,256,13.204906090474163,True,238
10070005156629841008,1.0,moment_registration,0.063306487569594,0.0078125,256,4.965482296726968,True,238
10070005156629841008,1.0,euler_secondary,0.9570613558117167,0.0078125,256,9.205976319760984,True,238
9107321959181837248,1.0,quotient_exact,0.03264565741083025,0.0078125,256,7.150223015148802,True,239
9107321959181837248,1.0,raw_coordinates,0.5964876744728314,0.0078125,256,14.478715378241835,True,239
9107321959181837248,1.0,moment_registration,0.16428098956707426,0.0078125,256,4.587228113351693,True,239
9107321959181837248,1.0,euler_secondary,1.106683138359435,0.0078125,256,8.689073598491383,True,239
15841984645663484908,1.0,quotient_exact,0.050878760831688075,0.0078125,256,7.579783203997093,True,240
15841984645663484908,1.0,raw_coordinates,0.5717228491560263,0.0078125,256,13.405539444015622,True,240
15841984645663484908,1.0,moment_registration,0.1285994017281512,0.0078125,256,4.94601045077713,True,240
15841984645663484908,1.0,euler_secondary,0.9496449577832702,0.0078125,256,9.16515138991168,True,240
9168785363823573894,1.0,quotient_exact,0.036831236256913424,0.015625,256,7.618554409969058,True,241
9168785363823573894,1.0,raw_coordinates,0.5062116580355651,0.0078125,256,13.995225482196163,True,241
9168785363823573894,1.0,moment_registration,0.12015757252570458,0.0078125,256,5.007431743770056,True,241
9168785363823573894,1.0,euler_secondary,1.081999090144344,0.0078125,256,9.447221813845593,True,241
2643515615857958735,1.0,quotient_exact,0.027788411653559386,0.0078125,256,7.541279406663461,True,242
2643515615857958735,1.0,raw_coordinates,0.6253510754826167,0.0078125,256,13.825126145236908,True,242
2643515615857958735,1.0,moment_registration,0.13130579828709077,0.0078125,256,4.8941880956772925,True,242
2643515615857958735,1.0,euler_secondary,0.9871621184711794,0.0078125,256,8.616843969807043,True,242
1262295862891754492,1.0,quotient_exact,0.02066860575922347,0.0078125,256,7.107821685579069,True,243
1262295862891754492,1.0,raw_coordinates,0.46279718898599176,0.0078125,256,13.142998831768908,True,243
1262295862891754492,1.0,moment_registration,0.11441841680028109,0.0078125,256,4.388359821600889,True,243
1262295862891754492,1.0,euler_secondary,0.9971826624942838,0.0078125,256,8.902246907382429,True,243
5831471286452734978,1.0,quotient_exact,0.08831956939514007,0.0078125,256,7.7660995670127235,True,244
5831471286452734978,1.0,raw_coordinates,0.46255494486762094,0.0078125,256,13.43532582395901,True,244
5831471286452734978,1.0,moment_registration,0.16597652411599928,0.0078125,256,5.088461755351146,True,244
5831471286452734978,1.0,euler_secondary,1.1318088456840496,0.0078125,256,9.246621004453464,True,244
1813447377355332684,1.0,quotient_exact,0.014613522208949514,0.0078125,256,7.328582096338034,True,245
1813447377355332684,1.0,raw_coordinates,0.6099570744204721,0.0078125,256,13.649317729572848,True,245
1813447377355332684,1.0,moment_registration,0.13817703127066328,0.0078125,256,4.414958440837907,True,245
1813447377355332684,1.0,euler_secondary,1.0884013645215882,0.0078125,256,9.539392014169456,True,245
12660730073836286681,1.0,quotient_exact,-0.018498895968150464,0.0078125,256,7.863120340733856,True,246
12660730073836286681,1.0,raw_coordinates,0.6095510980970674,0.0078125,256,13.726658174010373,True,246
12660730073836286681,1.0,moment_registration,0.07216022923187149,0.0078125,256,5.05139915808117,True,246
12660730073836286681,1.0,euler_secondary,0.8241971365354734,0.0078125,256,9.313968005098578,True,246
13786009896312702500,1.0,quotient_exact,0.05094896021514683,0.0078125,256,7.304060994653738,True,247
13786009896312702500,1.0,raw_coordinates,0.5214815335526416,0.0078125,256,13.856121065281284,True,247
13786009896312702500,1.0,moment_registration,0.1232687704499007,0.0078125,256,4.6627443968807,True,247
13786009896312702500,1.0,euler_secondary,0.8749070530573807,0.0078125,256,8.674675786448736,True,247
3168432929264845329,1.0,quotient_exact,0.00752060501837426,0.0078125,256,7.566279944894285,True,248
3168432929264845329,1.0,raw_coordinates,0.5761812537528253,0.0078125,256,13.203467112054902,True,248
3168432929264845329,1.0,moment_registration,0.08114000848183234,0.0078125,256,4.689004187808229,True,248
3168432929264845329,1.0,euler_secondary,1.0916234029899372,0.0078125,256,9.082951062292475,True,248
1479770907590462259,1.0,quotient_exact,0.02894856891873121,0.0078125,256,7.062817707440577,True,249
1479770907590462259,1.0,raw_coordinates,0.5195803740063905,0.0078125,256,14.219939334765334,True,249
1479770907590462259,1.0,moment_registration,0.18294947226690428,0.0078125,256,4.364865002052046,True,249
1479770907590462259,1.0,euler_secondary,0.9735766113711668,0.0078125,256,9.420721840708387,True,249
