analysis,method,nuisance_seed,pair_id,statistic,p_value,permutations,exceedances,bandwidth,bootstrap_ci_lower,bootstrap_ci_upper,bootstrap_replicates,role,holm_all_pairs_p,holm_replication_p
observed,quotient_exact,20260731,pair_01,0.003643781768319254,0.0078125,256,2,5.7314766778008135,0.041462360082269,0.35053751984024345,10000.0,primary,0.078125,0.0078125
observed,quotient_exact,20260731,pair_02,0.004008483115694239,0.0859375,256,22,4.298224041509951,,,,replication,0.171875,0.171875
observed,quotient_exact,20260731,pair_03,0.004465351350659619,0.015625,256,4,5.398786796635266,,,,replication,0.078125,0.0703125
observed,quotient_exact,20260731,pair_04,0.12660419501891929,0.0078125,256,2,6.493485207381483,,,,replication,0.078125,0.0703125
observed,quotient_exact,20260731,pair_05,0.003078941038449412,0.0078125,256,2,5.236501065799395,,,,replication,0.078125,0.0703125
observed,quotient_exact,20260731,pair_06,0.02279156052413467,0.015625,256,4,5.154075284562069,,,,replication,0.078125,0.0703125
observed,quotient_exact,20260731,pair_07,0.006278517316515297,0.0078125,256,2,5.622428733722427,,,,replication,0.078125,0.0703125
observed,quotient_exact,20260731,pair_08,0.04857120880762078,0.0078125,256,2,5.527365919939345,,,,replication,0.078125,0.0703125
observed,quotient_exact,20260731,pair_09,-0.010695541978158474,0.15625,256,40,5.5233130799527785,,,,replication,0.171875,0.171875
observed,quotient_exact,20260731,pair_10,0.076094138255423,0.0078125,256,2,5.129045358479052,,,,replication,0.078125,0.0703125
observed,raw_coordinates,20260731,pair_01,0.1664393826631536,0.0078125,256,2,6.527828111694345,0.2007529120300917,0.5021323780378876,10000.0,primary,0.078125,0.0078125
observed,raw_coordinates,20260731,pair_02,0.1852622982907587,0.0078125,256,2,5.052252297251955,,,,replication,0.078125,0.0703125
observed,raw_coordinates,20260731,pair_03,0.19902012584013362,0.0078125,256,2,6.36137166032402,,,,replication,0.078125,0.0703125
observed,raw_coordinates,20260731,pair_04,0.2300973376510569,0.0078125,256,2,7.236550649865546,,,,replication,0.078125,0.0703125
observed,raw_coordinates,20260731,pair_05,0.21354876623300378,0.0078125,256,2,6.051378292694846,,,,replication,0.078125,0.0703125
observed,raw_coordinates,20260731,pair_06,0.2209360879920661,0.0078125,256,2,6.018246806060695,,,,replication,0.078125,0.0703125
observed,raw_coordinates,20260731,pair_07,0.17900856298971057,0.0078125,256,2,6.246371206197915,,,,replication,0.078125,0.0703125
observed,raw_coordinates,20260731,pair_08,0.21611156293405653,0.0078125,256,2,6.268259614498225,,,,replication,0.078125,0.0703125
observed,raw_coordinates,20260731,pair_09,0.20892163600180536,0.0078125,256,2,6.354020292008515,,,,replication,0.078125,0.0703125
observed,raw_coordinates,20260731,pair_10,0.23542268748945794,0.0078125,256,2,6.035055707476718,,,,replication,0.078125,0.0703125
observed,moment_registration,20260731,pair_01,-0.006535732918554804,0.2109375,256,54,5.334903314208491,0.02965844326357669,0.3430514533868406,10000.0,primary,0.5859375,0.2109375
observed,moment_registration,20260731,pair_02,-0.003704583918598958,0.1953125,256,50,4.1494019415018935,,,,replication,0.5859375,0.390625
observed,moment_registration,20260731,pair_03,0.028328073546898036,0.015625,256,4,5.255072935625024,,,,replication,0.109375,0.09375
observed,moment_registration,20260731,pair_04,0.1306323839084984,0.0078125,256,2,6.192220047451432,,,,replication,0.078125,0.0703125
observed,moment_registration,20260731,pair_05,0.002797267028586403,0.125,256,32,5.043435081826478,,,,replication,0.5,0.375
observed,moment_registration,20260731,pair_06,0.02215460294539351,0.0078125,256,2,5.125298298099472,,,,replication,0.078125,0.0703125
observed,moment_registration,20260731,pair_07,0.000648662317344062,0.0546875,256,14,5.422663586709048,,,,replication,0.2734375,0.21875
observed,moment_registration,20260731,pair_08,0.025568320448337012,0.015625,256,4,5.412116858765948,,,,replication,0.109375,0.09375
observed,moment_registration,20260731,pair_09,-0.031136505617737398,0.9765625,256,250,5.262542505975149,,,,replication,0.9765625,0.9765625
observed,moment_registration,20260731,pair_10,0.07094973862362308,0.0078125,256,2,5.018223750071301,,,,replication,0.078125,0.0703125
observed,euler_secondary,20260731,pair_01,0.7535395717250372,0.0078125,256,2,129.864352306551,0.5581940611948129,1.2290361794714035,10000.0,primary,0.078125,0.0078125
observed,euler_secondary,20260731,pair_02,0.2693313063734214,0.015625,256,4,129.50096524736796,,,,replication,0.078125,0.078125
observed,euler_secondary,20260731,pair_03,0.3778642559778336,0.0078125,256,2,152.04275714416653,,,,replication,0.078125,0.0703125
observed,euler_secondary,20260731,pair_04,0.9265778506768743,0.0078125,256,2,177.00282483621552,,,,replication,0.078125,0.0703125
observed,euler_secondary,20260731,pair_05,0.2716735266631993,0.015625,256,4,117.02350191307727,,,,replication,0.078125,0.078125
observed,euler_secondary,20260731,pair_06,-0.04557088347469873,0.6796875,256,174,128.0097652524994,,,,replication,0.6796875,0.6796875
observed,euler_secondary,20260731,pair_07,0.008987627765178474,0.0859375,256,22,92.10320298447823,,,,replication,0.2578125,0.2578125
observed,euler_secondary,20260731,pair_08,1.0776634191549872,0.0078125,256,2,168.51112722903494,,,,replication,0.078125,0.0703125
observed,euler_secondary,20260731,pair_09,0.016123799025891006,0.3359375,256,86,84.3682404699778,,,,replication,0.671875,0.671875
observed,euler_secondary,20260731,pair_10,0.409276128998588,0.0078125,256,2,120.81597576479693,,,,replication,0.078125,0.0703125
observed,quotient_exact,20260732,pair_01,0.003643781768319254,0.0078125,256,2,5.7314766778008135,,,,primary,0.078125,0.0078125
observed,quotient_exact,20260732,pair_02,0.004008483115694239,0.0859375,256,22,4.298224041509951,,,,replication,0.171875,0.171875
observed,quotient_exact,20260732,pair_03,0.004465351350659619,0.015625,256,4,5.398786796635266,,,,replication,0.078125,0.0703125
observed,quotient_exact,20260732,pair_04,0.12660419501891929,0.0078125,256,2,6.493485207381483,,,,replication,0.078125,0.0703125
observed,quotient_exact,20260732,pair_05,0.003078941038449412,0.0078125,256,2,5.236501065799395,,,,replication,0.078125,0.0703125
observed,quotient_exact,20260732,pair_06,0.02279156052413467,0.015625,256,4,5.154075284562069,,,,replication,0.078125,0.0703125
observed,quotient_exact,20260732,pair_07,0.006278517316515297,0.0078125,256,2,5.622428733722427,,,,replication,0.078125,0.0703125
observed,quotient_exact,20260732,pair_08,0.04857120880762078,0.0078125,256,2,5.527365919939345,,,,replication,0.078125,0.0703125
observed,quotient_exact,20260732,pair_09,-0.010695541978158474,0.15625,256,40,5.5233130799527785,,,,replication,0.171875,0.171875
observed,quotient_exact,20260732,pair_10,0.076094138255423,0.0078125,256,2,5.129045358479052,,,,replication,0.078125,0.0703125
observed,raw_coordinates,20260732,pair_01,0.17060009884787697,0.0078125,256,2,6.5264220856542545,,,,primary,0.078125,0.0078125
observed,raw_coordinates,20260732,pair_02,0.23543252880262533,0.0078125,256,2,5.117120164526184,,,,replication,0.078125,0.0703125
observed,raw_coordinates,20260732,pair_03,0.21050493729541908,0.0078125,256,2,6.314079449705614,,,,replication,0.078125,0.0703125
observed,raw_coordinates,20260732,pair_04,0.2327354114406608,0.0078125,256,2,7.318884465554477,,,,replication,0.078125,0.0703125
observed,raw_coordinates,20260732,pair_05,0.21060967268045439,0.0078125,256,2,6.146278067401461,,,,replication,0.078125,0.0703125
observed,raw_coordinates,20260732,pair_06,0.17291707403964773,0.0078125,256,2,6.078760434973657,,,,replication,0.078125,0.0703125
observed,raw_coordinates,20260732,pair_07,0.18277396449372985,0.0078125,256,2,6.323321955014014,,,,replication,0.078125,0.0703125
observed,raw_coordinates,20260732,pair_08,0.20114577106926934,0.0078125,256,2,6.321806903221672,,,,replication,0.078125,0.0703125
observed,raw_coordinates,20260732,pair_09,0.21068365212583529,0.0078125,256,2,6.343035297756247,,,,replication,0.078125,0.0703125
observed,raw_coordinates,20260732,pair_10,0.21212392608539543,0.0078125,256,2,5.968944522846448,,,,replication,0.078125,0.0703125
observed,moment_registration,20260732,pair_01,-0.006535732918554804,0.2109375,256,54,5.334903314208491,,,,primary,0.5859375,0.2109375
observed,moment_registration,20260732,pair_02,-0.003704583918598958,0.1953125,256,50,4.1494019415018935,,,,replication,0.5859375,0.390625
observed,moment_registration,20260732,pair_03,0.028328073546898036,0.015625,256,4,5.255072935625024,,,,replication,0.109375,0.09375
observed,moment_registration,20260732,pair_04,0.1306323839084984,0.0078125,256,2,6.192220047451432,,,,replication,0.078125,0.0703125
observed,moment_registration,20260732,pair_05,0.002797267028586403,0.125,256,32,5.043435081826478,,,,replication,0.5,0.375
observed,moment_registration,20260732,pair_06,0.02215460294539351,0.0078125,256,2,5.125298298099472,,,,replication,0.078125,0.0703125
observed,moment_registration,20260732,pair_07,0.000648662317344062,0.0546875,256,14,5.422663586709048,,,,replication,0.2734375,0.21875
observed,moment_registration,20260732,pair_08,0.025568320448337012,0.015625,256,4,5.412116858765948,,,,replication,0.109375,0.09375
observed,moment_registration,20260732,pair_09,-0.031136505617737398,0.9765625,256,250,5.262542505975149,,,,replication,0.9765625,0.9765625
observed,moment_registration,20260732,pair_10,0.07094973862362308,0.0078125,256,2,5.018223750071301,,,,replication,0.078125,0.0703125
observed,euler_secondary,20260732,pair_01,0.7535395717250372,0.0078125,256,2,129.864352306551,,,,primary,0.078125,0.0078125
observed,euler_secondary,20260732,pair_02,0.2693313063734214,0.015625,256,4,129.50096524736796,,,,replication,0.078125,0.078125
observed,euler_secondary,20260732,pair_03,0.3778642559778336,0.0078125,256,2,152.04275714416653,,,,replication,0.078125,0.0703125
observed,euler_secondary,20260732,pair_04,0.9265778506768743,0.0078125,256,2,177.00282483621552,,,,replication,0.078125,0.0703125
observed,euler_secondary,20260732,pair_05,0.2716735266631993,0.015625,256,4,117.02350191307727,,,,replication,0.078125,0.078125
observed,euler_secondary,20260732,pair_06,-0.04557088347469873,0.6796875,256,174,128.0097652524994,,,,replication,0.6796875,0.6796875
observed,euler_secondary,20260732,pair_07,0.008987627765178474,0.0859375,256,22,92.10320298447823,,,,replication,0.2578125,0.2578125
observed,euler_secondary,20260732,pair_08,1.0776634191549872,0.0078125,256,2,168.51112722903494,,,,replication,0.078125,0.0703125
observed,euler_secondary,20260732,pair_09,0.016123799025891006,0.3359375,256,86,84.3682404699778,,,,replication,0.671875,0.671875
observed,euler_secondary,20260732,pair_10,0.409276128998588,0.0078125,256,2,120.81597576479693,,,,replication,0.078125,0.0703125
observed,quotient_exact,20260733,pair_01,0.003643781768319254,0.0078125,256,2,5.7314766778008135,,,,primary,0.078125,0.0078125
observed,quotient_exact,20260733,pair_02,0.004008483115694239,0.0859375,256,22,4.298224041509951,,,,replication,0.171875,0.171875
observed,quotient_exact,20260733,pair_03,0.004465351350659619,0.015625,256,4,5.398786796635266,,,,replication,0.078125,0.0703125
observed,quotient_exact,20260733,pair_04,0.12660419501891929,0.0078125,256,2,6.493485207381483,,,,replication,0.078125,0.0703125
observed,quotient_exact,20260733,pair_05,0.003078941038449412,0.0078125,256,2,5.236501065799395,,,,replication,0.078125,0.0703125
observed,quotient_exact,20260733,pair_06,0.02279156052413467,0.015625,256,4,5.154075284562069,,,,replication,0.078125,0.0703125
observed,quotient_exact,20260733,pair_07,0.006278517316515297,0.0078125,256,2,5.622428733722427,,,,replication,0.078125,0.0703125
observed,quotient_exact,20260733,pair_08,0.04857120880762078,0.0078125,256,2,5.527365919939345,,,,replication,0.078125,0.0703125
observed,quotient_exact,20260733,pair_09,-0.010695541978158474,0.15625,256,40,5.5233130799527785,,,,replication,0.171875,0.171875
observed,quotient_exact,20260733,pair_10,0.076094138255423,0.0078125,256,2,5.129045358479052,,,,replication,0.078125,0.0703125
observed,raw_coordinates,20260733,pair_01,0.15520759062783418,0.0078125,256,2,6.506771855665439,,,,primary,0.078125,0.0078125
observed,raw_coordinates,20260733,pair_02,0.1981010630003297,0.0078125,256,2,5.049910590950389,,,,replication,0.078125,0.0703125
observed,raw_coordinates,20260733,pair_03,0.20256970776700955,0.0078125,256,2,6.349343138461998,,,,replication,0.078125,0.0703125
observed,raw_coordinates,20260733,pair_04,0.22570067264246874,0.0078125,256,2,7.229779168766283,,,,replication,0.078125,0.0703125
observed,raw_coordinates,20260733,pair_05,0.19830520559709863,0.0078125,256,2,6.0122470523992755,,,,replication,0.078125,0.0703125
observed,raw_coordinates,20260733,pair_06,0.18970810016580442,0.0078125,256,2,6.08282748071555,,,,replication,0.078125,0.0703125
observed,raw_coordinates,20260733,pair_07,0.19759749887469236,0.0078125,256,2,6.325910354264756,,,,replication,0.078125,0.0703125
observed,raw_coordinates,20260733,pair_08,0.2168572770573468,0.0078125,256,2,6.34136792177744,,,,replication,0.078125,0.0703125
observed,raw_coordinates,20260733,pair_09,0.22229002777820095,0.0078125,256,2,6.324614759214989,,,,replication,0.078125,0.0703125
observed,raw_coordinates,20260733,pair_10,0.24910701386768297,0.0078125,256,2,6.0520209032117185,,,,replication,0.078125,0.0703125
observed,moment_registration,20260733,pair_01,-0.006535732918554804,0.2109375,256,54,5.334903314208491,,,,primary,0.5859375,0.2109375
observed,moment_registration,20260733,pair_02,-0.003704583918598958,0.1953125,256,50,4.1494019415018935,,,,replication,0.5859375,0.390625
observed,moment_registration,20260733,pair_03,0.028328073546898036,0.015625,256,4,5.255072935625024,,,,replication,0.109375,0.09375
observed,moment_registration,20260733,pair_04,0.1306323839084984,0.0078125,256,2,6.192220047451432,,,,replication,0.078125,0.0703125
observed,moment_registration,20260733,pair_05,0.002797267028586403,0.125,256,32,5.043435081826478,,,,replication,0.5,0.375
observed,moment_registration,20260733,pair_06,0.02215460294539351,0.0078125,256,2,5.125298298099472,,,,replication,0.078125,0.0703125
observed,moment_registration,20260733,pair_07,0.000648662317344062,0.0546875,256,14,5.422663586709048,,,,replication,0.2734375,0.21875
observed,moment_registration,20260733,pair_08,0.025568320448337012,0.015625,256,4,5.412116858765948,,,,replication,0.109375,0.09375
observed,moment_registration,20260733,pair_09,-0.031136505617737398,0.9765625,256,250,5.262542505975149,,,,replication,0.9765625,0.9765625
observed,moment_registration,20260733,pair_10,0.07094973862362308,0.0078125,256,2,5.018223750071301,,,,replication,0.078125,0.0703125
observed,euler_secondary,20260733,pair_01,0.7535395717250372,0.0078125,256,2,129.864352306551,,,,primary,0.078125,0.0078125
observed,euler_secondary,20260733,pair_02,0.2693313063734214,0.015625,256,4,129.50096524736796,,,,replication,0.078125,0.078125
observed,euler_secondary,20260733,pair_03,0.3778642559778336,0.0078125,256,2,152.04275714416653,,,,replication,0.078125,0.0703125
observed,euler_secondary,20260733,pair_04,0.9265778506768743,0.0078125,256,2,177.00282483621552,,,,replication,0.078125,0.0703125
observed,euler_secondary,20260733,pair_05,0.2716735266631993,0.015625,256,4,117.02350191307727,,,,replication,0.078125,0.078125
observed,euler_secondary,20260733,pair_06,-0.04557088347469873,0.6796875,256,174,128.0097652524994,,,,replication,0.6796875,0.6796875
observed,euler_secondary,20260733,pair_07,0.008987627765178474,0.0859375,256,22,92.10320298447823,,,,replication,0.2578125,0.2578125
observed,euler_secondary,20260733,pair_08,1.0776634191549872,0.0078125,256,2,168.51112722903494,,,,replication,0.078125,0.0703125
observed,euler_secondary,20260733,pair_09,0.016123799025891006,0.3359375,256,86,84.3682404699778,,,,replication,0.671875,0.671875
observed,euler_secondary,20260733,pair_10,0.409276128998588,0.0078125,256,2,120.81597576479693,,,,replication,0.078125,0.0703125
observed,quotient_exact,20260734,pair_01,0.003643781768319254,0.0078125,256,2,5.7314766778008135,,,,primary,0.078125,0.0078125
observed,quotient_exact,20260734,pair_02,0.004008483115694239,0.0859375,256,22,4.298224041509951,,,,replication,0.171875,0.171875
observed,quotient_exact,20260734,pair_03,0.004465351350659619,0.015625,256,4,5.398786796635266,,,,replication,0.078125,0.0703125
observed,quotient_exact,20260734,pair_04,0.12660419501891929,0.0078125,256,2,6.493485207381483,,,,replication,0.078125,0.0703125
observed,quotient_exact,20260734,pair_05,0.003078941038449412,0.0078125,256,2,5.236501065799395,,,,replication,0.078125,0.0703125
observed,quotient_exact,20260734,pair_06,0.02279156052413467,0.015625,256,4,5.154075284562069,,,,replication,0.078125,0.0703125
observed,quotient_exact,20260734,pair_07,0.006278517316515297,0.0078125,256,2,5.622428733722427,,,,replication,0.078125,0.0703125
observed,quotient_exact,20260734,pair_08,0.04857120880762078,0.0078125,256,2,5.527365919939345,,,,replication,0.078125,0.0703125
observed,quotient_exact,20260734,pair_09,-0.010695541978158474,0.15625,256,40,5.5233130799527785,,,,replication,0.171875,0.171875
observed,quotient_exact,20260734,pair_10,0.076094138255423,0.0078125,256,2,5.129045358479052,,,,replication,0.078125,0.0703125
observed,raw_coordinates,20260734,pair_01,0.14403440991586192,0.0078125,256,2,6.478248165298163,,,,primary,0.078125,0.0078125
observed,raw_coordinates,20260734,pair_02,0.20079842600354758,0.0078125,256,2,5.081282179714343,,,,replication,0.078125,0.0703125
observed,raw_coordinates,20260734,pair_03,0.20158114429620866,0.0078125,256,2,6.276699845650894,,,,replication,0.078125,0.0703125
observed,raw_coordinates,20260734,pair_04,0.22872550091889143,0.0078125,256,2,7.205988458299929,,,,replication,0.078125,0.0703125
observed,raw_coordinates,20260734,pair_05,0.18300271269882973,0.0078125,256,2,6.074764080104754,,,,replication,0.078125,0.0703125
observed,raw_coordinates,20260734,pair_06,0.19633764541591125,0.0078125,256,2,5.988948069487583,,,,replication,0.078125,0.0703125
observed,raw_coordinates,20260734,pair_07,0.19464238008656565,0.0078125,256,2,6.261942548255668,,,,replication,0.078125,0.0703125
observed,raw_coordinates,20260734,pair_08,0.20127735586723428,0.0078125,256,2,6.2758808390648015,,,,replication,0.078125,0.0703125
observed,raw_coordinates,20260734,pair_09,0.2017027621831773,0.0078125,256,2,6.311585486763917,,,,replication,0.078125,0.0703125
observed,raw_coordinates,20260734,pair_10,0.22095947597913124,0.0078125,256,2,5.863205275606663,,,,replication,0.078125,0.0703125
observed,moment_registration,20260734,pair_01,-0.006535732918554804,0.2109375,256,54,5.334903314208491,,,,primary,0.5859375,0.2109375
observed,moment_registration,20260734,pair_02,-0.003704583918598958,0.1953125,256,50,4.1494019415018935,,,,replication,0.5859375,0.390625
observed,moment_registration,20260734,pair_03,0.028328073546898036,0.015625,256,4,5.255072935625024,,,,replication,0.109375,0.09375
observed,moment_registration,20260734,pair_04,0.1306323839084984,0.0078125,256,2,6.192220047451432,,,,replication,0.078125,0.0703125
observed,moment_registration,20260734,pair_05,0.002797267028586403,0.125,256,32,5.043435081826478,,,,replication,0.5,0.375
observed,moment_registration,20260734,pair_06,0.02215460294539351,0.0078125,256,2,5.125298298099472,,,,replication,0.078125,0.0703125
observed,moment_registration,20260734,pair_07,0.000648662317344062,0.0546875,256,14,5.422663586709048,,,,replication,0.2734375,0.21875
observed,moment_registration,20260734,pair_08,0.025568320448337012,0.015625,256,4,5.412116858765948,,,,replication,0.109375,0.09375
observed,moment_registration,20260734,pair_09,-0.031136505617737398,0.9765625,256,250,5.262542505975149,,,,replication,0.9765625,0.9765625
observed,moment_registration,20260734,pair_10,0.07094973862362308,0.0078125,256,2,5.018223750071301,,,,replication,0.078125,0.0703125
observed,euler_secondary,20260734,pair_01,0.7535395717250372,0.0078125,256,2,129.864352306551,,,,primary,0.078125,0.0078125
observed,euler_secondary,20260734,pair_02,0.2693313063734214,0.015625,256,4,129.50096524736796,,,,replication,0.078125,0.078125
observed,euler_secondary,20260734,pair_03,0.3778642559778336,0.0078125,256,2,152.04275714416653,,,,replication,0.078125,0.0703125
observed,euler_secondary,20260734,pair_04,0.9265778506768743,0.0078125,256,2,177.00282483621552,,,,replication,0.078125,0.0703125
observed,euler_secondary,20260734,pair_05,0.2716735266631993,0.015625,256,4,117.02350191307727,,,,replication,0.078125,0.078125
observed,euler_secondary,20260734,pair_06,-0.04557088347469873,0.6796875,256,174,128.0097652524994,,,,replication,0.6796875,0.6796875
observed,euler_secondary,20260734,pair_07,0.008987627765178474,0.0859375,256,22,92.10320298447823,,,,replication,0.2578125,0.2578125
observed,euler_secondary,20260734,pair_08,1.0776634191549872,0.0078125,256,2,168.51112722903494,,,,replication,0.078125,0.0703125
observed,euler_secondary,20260734,pair_09,0.016123799025891006,0.3359375,256,86,84.3682404699778,,,,replication,0.671875,0.671875
observed,euler_secondary,20260734,pair_10,0.409276128998588,0.0078125,256,2,120.81597576479693,,,,replication,0.078125,0.0703125
observed,quotient_exact,20260735,pair_01,0.003643781768319254,0.0078125,256,2,5.7314766778008135,,,,primary,0.078125,0.0078125
observed,quotient_exact,20260735,pair_02,0.004008483115694239,0.0859375,256,22,4.298224041509951,,,,replication,0.171875,0.171875
observed,quotient_exact,20260735,pair_03,0.004465351350659619,0.015625,256,4,5.398786796635266,,,,replication,0.078125,0.0703125
observed,quotient_exact,20260735,pair_04,0.12660419501891929,0.0078125,256,2,6.493485207381483,,,,replication,0.078125,0.0703125
observed,quotient_exact,20260735,pair_05,0.003078941038449412,0.0078125,256,2,5.236501065799395,,,,replication,0.078125,0.0703125
observed,quotient_exact,20260735,pair_06,0.02279156052413467,0.015625,256,4,5.154075284562069,,,,replication,0.078125,0.0703125
observed,quotient_exact,20260735,pair_07,0.006278517316515297,0.0078125,256,2,5.622428733722427,,,,replication,0.078125,0.0703125
observed,quotient_exact,20260735,pair_08,0.04857120880762078,0.0078125,256,2,5.527365919939345,,,,replication,0.078125,0.0703125
observed,quotient_exact,20260735,pair_09,-0.010695541978158474,0.15625,256,40,5.5233130799527785,,,,replication,0.171875,0.171875
observed,quotient_exact,20260735,pair_10,0.076094138255423,0.0078125,256,2,5.129045358479052,,,,replication,0.078125,0.0703125
observed,raw_coordinates,20260735,pair_01,0.15673261808019578,0.0078125,256,2,6.577624974493478,,,,primary,0.078125,0.0078125
observed,raw_coordinates,20260735,pair_02,0.18882852029254082,0.0078125,256,2,5.105431810502278,,,,replication,0.078125,0.0703125
observed,raw_coordinates,20260735,pair_03,0.21891263749735368,0.0078125,256,2,6.400097793953581,,,,replication,0.078125,0.0703125
observed,raw_coordinates,20260735,pair_04,0.21636817114172924,0.0078125,256,2,7.259172231326314,,,,replication,0.078125,0.0703125
observed,raw_coordinates,20260735,pair_05,0.20944273337483654,0.0078125,256,2,6.107876664921784,,,,replication,0.078125,0.0703125
observed,raw_coordinates,20260735,pair_06,0.19521389261088629,0.0078125,256,2,5.899570062706092,,,,replication,0.078125,0.0703125
observed,raw_coordinates,20260735,pair_07,0.17538761101448486,0.0078125,256,2,6.313792340925972,,,,replication,0.078125,0.0703125
observed,raw_coordinates,20260735,pair_08,0.19063445067813534,0.0078125,256,2,6.185664355140808,,,,replication,0.078125,0.0703125
observed,raw_coordinates,20260735,pair_09,0.18310816362055504,0.0078125,256,2,6.295834955218156,,,,replication,0.078125,0.0703125
observed,raw_coordinates,20260735,pair_10,0.20208146616106193,0.0078125,256,2,5.961880540631841,,,,replication,0.078125,0.0703125
observed,moment_registration,20260735,pair_01,-0.006535732918554804,0.2109375,256,54,5.334903314208491,,,,primary,0.5859375,0.2109375
observed,moment_registration,20260735,pair_02,-0.003704583918598958,0.1953125,256,50,4.1494019415018935,,,,replication,0.5859375,0.390625
observed,moment_registration,20260735,pair_03,0.028328073546898036,0.015625,256,4,5.255072935625024,,,,replication,0.109375,0.09375
observed,moment_registration,20260735,pair_04,0.1306323839084984,0.0078125,256,2,6.192220047451432,,,,replication,0.078125,0.0703125
observed,moment_registration,20260735,pair_05,0.002797267028586403,0.125,256,32,5.043435081826478,,,,replication,0.5,0.375
observed,moment_registration,20260735,pair_06,0.02215460294539351,0.0078125,256,2,5.125298298099472,,,,replication,0.078125,0.0703125
observed,moment_registration,20260735,pair_07,0.000648662317344062,0.0546875,256,14,5.422663586709048,,,,replication,0.2734375,0.21875
observed,moment_registration,20260735,pair_08,0.025568320448337012,0.015625,256,4,5.412116858765948,,,,replication,0.109375,0.09375
observed,moment_registration,20260735,pair_09,-0.031136505617737398,0.9765625,256,250,5.262542505975149,,,,replication,0.9765625,0.9765625
observed,moment_registration,20260735,pair_10,0.07094973862362308,0.0078125,256,2,5.018223750071301,,,,replication,0.078125,0.0703125
observed,euler_secondary,20260735,pair_01,0.7535395717250372,0.0078125,256,2,129.864352306551,,,,primary,0.078125,0.0078125
observed,euler_secondary,20260735,pair_02,0.2693313063734214,0.015625,256,4,129.50096524736796,,,,replication,0.078125,0.078125
observed,euler_secondary,20260735,pair_03,0.3778642559778336,0.0078125,256,2,152.04275714416653,,,,replication,0.078125,0.0703125
observed,euler_secondary,20260735,pair_04,0.9265778506768743,0.0078125,256,2,177.00282483621552,,,,replication,0.078125,0.0703125
observed,euler_secondary,20260735,pair_05,0.2716735266631993,0.015625,256,4,117.02350191307727,,,,replication,0.078125,0.078125
observed,euler_secondary,20260735,pair_06,-0.04557088347469873,0.6796875,256,174,128.0097652524994,,,,replication,0.6796875,0.6796875
observed,euler_secondary,20260735,pair_07,0.008987627765178474,0.0859375,256,22,92.10320298447823,,,,replication,0.2578125,0.2578125
observed,euler_secondary,20260735,pair_08,1.0776634191549872,0.0078125,256,2,168.51112722903494,,,,replication,0.078125,0.0703125
observed,euler_secondary,20260735,pair_09,0.016123799025891006,0.3359375,256,86,84.3682404699778,,,,replication,0.671875,0.671875
observed,euler_secondary,20260735,pair_10,0.409276128998588,0.0078125,256,2,120.81597576479693,,,,replication,0.078125,0.0703125
observed,quotient_exact,20260736,pair_01,0.003643781768319254,0.0078125,256,2,5.7314766778008135,,,,primary,0.078125,0.0078125
observed,quotient_exact,20260736,pair_02,0.004008483115694239,0.0859375,256,22,4.298224041509951,,,,replication,0.171875,0.171875
observed,quotient_exact,20260736,pair_03,0.004465351350659619,0.015625,256,4,5.398786796635266,,,,replication,0.078125,0.0703125
observed,quotient_exact,20260736,pair_04,0.12660419501891929,0.0078125,256,2,6.493485207381483,,,,replication,0.078125,0.0703125
observed,quotient_exact,20260736,pair_05,0.003078941038449412,0.0078125,256,2,5.236501065799395,,,,replication,0.078125,0.0703125
observed,quotient_exact,20260736,pair_06,0.02279156052413467,0.015625,256,4,5.154075284562069,,,,replication,0.078125,0.0703125
observed,quotient_exact,20260736,pair_07,0.006278517316515297,0.0078125,256,2,5.622428733722427,,,,replication,0.078125,0.0703125
observed,quotient_exact,20260736,pair_08,0.04857120880762078,0.0078125,256,2,5.527365919939345,,,,replication,0.078125,0.0703125
observed,quotient_exact,20260736,pair_09,-0.010695541978158474,0.15625,256,40,5.5233130799527785,,,,replication,0.171875,0.171875
observed,quotient_exact,20260736,pair_10,0.076094138255423,0.0078125,256,2,5.129045358479052,,,,replication,0.078125,0.0703125
observed,raw_coordinates,20260736,pair_01,0.17543581147230225,0.0078125,256,2,6.589188366767434,,,,primary,0.078125,0.0078125
observed,raw_coordinates,20260736,pair_02,0.17805288757675997,0.0078125,256,2,5.070603922506672,,,,replication,0.078125,0.0703125
observed,raw_coordinates,20260736,pair_03,0.232408232315229,0.0078125,256,2,6.365284724239309,,,,replication,0.078125,0.0703125
observed,raw_coordinates,20260736,pair_04,0.2222643289299321,0.0078125,256,2,7.144495019217269,,,,replication,0.078125,0.0703125
observed,raw_coordinates,20260736,pair_05,0.2082491381236169,0.0078125,256,2,6.084725245398796,,,,replication,0.078125,0.0703125
observed,raw_coordinates,20260736,pair_06,0.2105536708169906,0.0078125,256,2,6.108385570463685,,,,replication,0.078125,0.0703125
observed,raw_coordinates,20260736,pair_07,0.1577804948024698,0.0078125,256,2,6.185516728416083,,,,replication,0.078125,0.0703125
observed,raw_coordinates,20260736,pair_08,0.18598473233280655,0.0078125,256,2,6.271418832974948,,,,replication,0.078125,0.0703125
observed,raw_coordinates,20260736,pair_09,0.1756626458639471,0.0078125,256,2,6.253011438692182,,,,replication,0.078125,0.0703125
observed,raw_coordinates,20260736,pair_10,0.18584548719210736,0.0078125,256,2,5.942632804136435,,,,replication,0.078125,0.0703125
observed,moment_registration,20260736,pair_01,-0.006535732918554804,0.2109375,256,54,5.334903314208491,,,,primary,0.5859375,0.2109375
observed,moment_registration,20260736,pair_02,-0.003704583918598958,0.1953125,256,50,4.1494019415018935,,,,replication,0.5859375,0.390625
observed,moment_registration,20260736,pair_03,0.028328073546898036,0.015625,256,4,5.255072935625024,,,,replication,0.109375,0.09375
observed,moment_registration,20260736,pair_04,0.1306323839084984,0.0078125,256,2,6.192220047451432,,,,replication,0.078125,0.0703125
observed,moment_registration,20260736,pair_05,0.002797267028586403,0.125,256,32,5.043435081826478,,,,replication,0.5,0.375
observed,moment_registration,20260736,pair_06,0.02215460294539351,0.0078125,256,2,5.125298298099472,,,,replication,0.078125,0.0703125
observed,moment_registration,20260736,pair_07,0.000648662317344062,0.0546875,256,14,5.422663586709048,,,,replication,0.2734375,0.21875
observed,moment_registration,20260736,pair_08,0.025568320448337012,0.015625,256,4,5.412116858765948,,,,replication,0.109375,0.09375
observed,moment_registration,20260736,pair_09,-0.031136505617737398,0.9765625,256,250,5.262542505975149,,,,replication,0.9765625,0.9765625
observed,moment_registration,20260736,pair_10,0.07094973862362308,0.0078125,256,2,5.018223750071301,,,,replication,0.078125,0.0703125
observed,euler_secondary,20260736,pair_01,0.7535395717250372,0.0078125,256,2,129.864352306551,,,,primary,0.078125,0.0078125
observed,euler_secondary,20260736,pair_02,0.2693313063734214,0.015625,256,4,129.50096524736796,,,,replication,0.078125,0.078125
observed,euler_secondary,20260736,pair_03,0.3778642559778336,0.0078125,256,2,152.04275714416653,,,,replication,0.078125,0.0703125
observed,euler_secondary,20260736,pair_04,0.9265778506768743,0.0078125,256,2,177.00282483621552,,,,replication,0.078125,0.0703125
observed,euler_secondary,20260736,pair_05,0.2716735266631993,0.015625,256,4,117.02350191307727,,,,replication,0.078125,0.078125
observed,euler_secondary,20260736,pair_06,-0.04557088347469873,0.6796875,256,174,128.0097652524994,,,,replication,0.6796875,0.6796875
observed,euler_secondary,20260736,pair_07,0.008987627765178474,0.0859375,256,22,92.10320298447823,,,,replication,0.2578125,0.2578125
observed,euler_secondary,20260736,pair_08,1.0776634191549872,0.0078125,256,2,168.51112722903494,,,,replication,0.078125,0.0703125
observed,euler_secondary,20260736,pair_09,0.016123799025891006,0.3359375,256,86,84.3682404699778,,,,replication,0.671875,0.671875
observed,euler_secondary,20260736,pair_10,0.409276128998588,0.0078125,256,2,120.81597576479693,,,,replication,0.078125,0.0703125
observed,quotient_exact,20260737,pair_01,0.003643781768319254,0.0078125,256,2,5.7314766778008135,,,,primary,0.078125,0.0078125
observed,quotient_exact,20260737,pair_02,0.004008483115694239,0.0859375,256,22,4.298224041509951,,,,replication,0.171875,0.171875
observed,quotient_exact,20260737,pair_03,0.004465351350659619,0.015625,256,4,5.398786796635266,,,,replication,0.078125,0.0703125
observed,quotient_exact,20260737,pair_04,0.12660419501891929,0.0078125,256,2,6.493485207381483,,,,replication,0.078125,0.0703125
observed,quotient_exact,20260737,pair_05,0.003078941038449412,0.0078125,256,2,5.236501065799395,,,,replication,0.078125,0.0703125
observed,quotient_exact,20260737,pair_06,0.02279156052413467,0.015625,256,4,5.154075284562069,,,,replication,0.078125,0.0703125
observed,quotient_exact,20260737,pair_07,0.006278517316515297,0.0078125,256,2,5.622428733722427,,,,replication,0.078125,0.0703125
observed,quotient_exact,20260737,pair_08,0.04857120880762078,0.0078125,256,2,5.527365919939345,,,,replication,0.078125,0.0703125
observed,quotient_exact,20260737,pair_09,-0.010695541978158474,0.15625,256,40,5.5233130799527785,,,,replication,0.171875,0.171875
observed,quotient_exact,20260737,pair_10,0.076094138255423,0.0078125,256,2,5.129045358479052,,,,replication,0.078125,0.0703125
observed,raw_coordinates,20260737,pair_01,0.16234611300523927,0.0078125,256,2,6.496437844076509,,,,primary,0.078125,0.0078125
observed,raw_coordinates,20260737,pair_02,0.21261580039756212,0.0078125,256,2,5.1157837438688425,,,,replication,0.078125,0.0703125
observed,raw_coordinates,20260737,pair_03,0.20991672164476094,0.0078125,256,2,6.274817876905805,,,,replication,0.078125,0.0703125
observed,raw_coordinates,20260737,pair_04,0.23520778042982926,0.0078125,256,2,7.2885393385085955,,,,replication,0.078125,0.0703125
observed,raw_coordinates,20260737,pair_05,0.17828004351258797,0.0078125,256,2,6.006591444157105,,,,replication,0.078125,0.0703125
observed,raw_coordinates,20260737,pair_06,0.212681131782268,0.0078125,256,2,6.115468295455173,,,,replication,0.078125,0.0703125
observed,raw_coordinates,20260737,pair_07,0.16291644554845675,0.0078125,256,2,6.245492510032133,,,,replication,0.078125,0.0703125
observed,raw_coordinates,20260737,pair_08,0.19261475135214134,0.0078125,256,2,6.27593046502783,,,,replication,0.078125,0.0703125
observed,raw_coordinates,20260737,pair_09,0.19632604403002918,0.0078125,256,2,6.410433865071363,,,,replication,0.078125,0.0703125
observed,raw_coordinates,20260737,pair_10,0.21288564036143587,0.0078125,256,2,5.970172725043065,,,,replication,0.078125,0.0703125
observed,moment_registration,20260737,pair_01,-0.006535732918554804,0.2109375,256,54,5.334903314208491,,,,primary,0.5859375,0.2109375
observed,moment_registration,20260737,pair_02,-0.003704583918598958,0.1953125,256,50,4.1494019415018935,,,,replication,0.5859375,0.390625
observed,moment_registration,20260737,pair_03,0.028328073546898036,0.015625,256,4,5.255072935625024,,,,replication,0.109375,0.09375
observed,moment_registration,20260737,pair_04,0.1306323839084984,0.0078125,256,2,6.192220047451432,,,,replication,0.078125,0.0703125
observed,moment_registration,20260737,pair_05,0.002797267028586403,0.125,256,32,5.043435081826478,,,,replication,0.5,0.375
observed,moment_registration,20260737,pair_06,0.02215460294539351,0.0078125,256,2,5.125298298099472,,,,replication,0.078125,0.0703125
observed,moment_registration,20260737,pair_07,0.000648662317344062,0.0546875,256,14,5.422663586709048,,,,replication,0.2734375,0.21875
observed,moment_registration,20260737,pair_08,0.025568320448337012,0.015625,256,4,5.412116858765948,,,,replication,0.109375,0.09375
observed,moment_registration,20260737,pair_09,-0.031136505617737398,0.9765625,256,250,5.262542505975149,,,,replication,0.9765625,0.9765625
observed,moment_registration,20260737,pair_10,0.07094973862362308,0.0078125,256,2,5.018223750071301,,,,replication,0.078125,0.0703125
observed,euler_secondary,20260737,pair_01,0.7535395717250372,0.0078125,256,2,129.864352306551,,,,primary,0.078125,0.0078125
observed,euler_secondary,20260737,pair_02,0.2693313063734214,0.015625,256,4,129.50096524736796,,,,replication,0.078125,0.078125
observed,euler_secondary,20260737,pair_03,0.3778642559778336,0.0078125,256,2,152.04275714416653,,,,replication,0.078125,0.0703125
observed,euler_secondary,20260737,pair_04,0.9265778506768743,0.0078125,256,2,177.00282483621552,,,,replication,0.078125,0.0703125
observed,euler_secondary,20260737,pair_05,0.2716735266631993,0.015625,256,4,117.02350191307727,,,,replication,0.078125,0.078125
observed,euler_secondary,20260737,pair_06,-0.04557088347469873,0.6796875,256,174,128.0097652524994,,,,replication,0.6796875,0.6796875
observed,euler_secondary,20260737,pair_07,0.008987627765178474,0.0859375,256,22,92.10320298447823,,,,replication,0.2578125,0.2578125
observed,euler_secondary,20260737,pair_08,1.0776634191549872,0.0078125,256,2,168.51112722903494,,,,replication,0.078125,0.0703125
observed,euler_secondary,20260737,pair_09,0.016123799025891006,0.3359375,256,86,84.3682404699778,,,,replication,0.671875,0.671875
observed,euler_secondary,20260737,pair_10,0.409276128998588,0.0078125,256,2,120.81597576479693,,,,replication,0.078125,0.0703125
observed,quotient_exact,20260738,pair_01,0.003643781768319254,0.0078125,256,2,5.7314766778008135,,,,primary,0.078125,0.0078125
observed,quotient_exact,20260738,pair_02,0.004008483115694239,0.0859375,256,22,4.298224041509951,,,,replication,0.171875,0.171875
observed,quotient_exact,20260738,pair_03,0.004465351350659619,0.015625,256,4,5.398786796635266,,,,replication,0.078125,0.0703125
observed,quotient_exact,20260738,pair_04,0.12660419501891929,0.0078125,256,2,6.493485207381483,,,,replication,0.078125,0.0703125
observed,quotient_exact,20260738,pair_05,0.003078941038449412,0.0078125,256,2,5.236501065799395,,,,replication,0.078125,0.0703125
observed,quotient_exact,20260738,pair_06,0.02279156052413467,0.015625,256,4,5.154075284562069,,,,replication,0.078125,0.0703125
observed,quotient_exact,20260738,pair_07,0.006278517316515297,0.0078125,256,2,5.622428733722427,,,,replication,0.078125,0.0703125
observed,quotient_exact,20260738,pair_08,0.04857120880762078,0.0078125,256,2,5.527365919939345,,,,replication,0.078125,0.0703125
observed,quotient_exact,20260738,pair_09,-0.010695541978158474,0.15625,256,40,5.5233130799527785,,,,replication,0.171875,0.171875
observed,quotient_exact,20260738,pair_10,0.076094138255423,0.0078125,256,2,5.129045358479052,,,,replication,0.078125,0.0703125
observed,raw_coordinates,20260738,pair_01,0.15167947049934172,0.0078125,256,2,6.513423751571808,,,,primary,0.078125,0.0078125
observed,raw_coordinates,20260738,pair_02,0.18158608872850657,0.0078125,256,2,5.081542832536105,,,,replication,0.078125,0.0703125
observed,raw_coordinates,20260738,pair_03,0.18274059573152301,0.0078125,256,2,6.217162427262887,,,,replication,0.078125,0.0703125
observed,raw_coordinates,20260738,pair_04,0.22600711039151045,0.0078125,256,2,7.190293592897453,,,,replication,0.078125,0.0703125
observed,raw_coordinates,20260738,pair_05,0.17767448303189037,0.0078125,256,2,5.962339352035621,,,,replication,0.078125,0.0703125
observed,raw_coordinates,20260738,pair_06,0.22401460407381502,0.0078125,256,2,6.0202358137326435,,,,replication,0.078125,0.0703125
observed,raw_coordinates,20260738,pair_07,0.19560794936378934,0.0078125,256,2,6.30178068321308,,,,replication,0.078125,0.0703125
observed,raw_coordinates,20260738,pair_08,0.18988952020473582,0.0078125,256,2,6.272104182666073,,,,replication,0.078125,0.0703125
observed,raw_coordinates,20260738,pair_09,0.20235000835403072,0.0078125,256,2,6.3335742011534135,,,,replication,0.078125,0.0703125
observed,raw_coordinates,20260738,pair_10,0.20644756948014198,0.0078125,256,2,5.941181159604974,,,,replication,0.078125,0.0703125
observed,moment_registration,20260738,pair_01,-0.006535732918554804,0.2109375,256,54,5.334903314208491,,,,primary,0.5859375,0.2109375
observed,moment_registration,20260738,pair_02,-0.003704583918598958,0.1953125,256,50,4.1494019415018935,,,,replication,0.5859375,0.390625
observed,moment_registration,20260738,pair_03,0.028328073546898036,0.015625,256,4,5.255072935625024,,,,replication,0.109375,0.09375
observed,moment_registration,20260738,pair_04,0.1306323839084984,0.0078125,256,2,6.192220047451432,,,,replication,0.078125,0.0703125
observed,moment_registration,20260738,pair_05,0.002797267028586403,0.125,256,32,5.043435081826478,,,,replication,0.5,0.375
observed,moment_registration,20260738,pair_06,0.02215460294539351,0.0078125,256,2,5.125298298099472,,,,replication,0.078125,0.0703125
observed,moment_registration,20260738,pair_07,0.000648662317344062,0.0546875,256,14,5.422663586709048,,,,replication,0.2734375,0.21875
observed,moment_registration,20260738,pair_08,0.025568320448337012,0.015625,256,4,5.412116858765948,,,,replication,0.109375,0.09375
observed,moment_registration,20260738,pair_09,-0.031136505617737398,0.9765625,256,250,5.262542505975149,,,,replication,0.9765625,0.9765625
observed,moment_registration,20260738,pair_10,0.07094973862362308,0.0078125,256,2,5.018223750071301,,,,replication,0.078125,0.0703125
observed,euler_secondary,20260738,pair_01,0.7535395717250372,0.0078125,256,2,129.864352306551,,,,primary,0.078125,0.0078125
observed,euler_secondary,20260738,pair_02,0.2693313063734214,0.015625,256,4,129.50096524736796,,,,replication,0.078125,0.078125
observed,euler_secondary,20260738,pair_03,0.3778642559778336,0.0078125,256,2,152.04275714416653,,,,replication,0.078125,0.0703125
observed,euler_secondary,20260738,pair_04,0.9265778506768743,0.0078125,256,2,177.00282483621552,,,,replication,0.078125,0.0703125
observed,euler_secondary,20260738,pair_05,0.2716735266631993,0.015625,256,4,117.02350191307727,,,,replication,0.078125,0.078125
observed,euler_secondary,20260738,pair_06,-0.04557088347469873,0.6796875,256,174,128.0097652524994,,,,replication,0.6796875,0.6796875
observed,euler_secondary,20260738,pair_07,0.008987627765178474,0.0859375,256,22,92.10320298447823,,,,replication,0.2578125,0.2578125
observed,euler_secondary,20260738,pair_08,1.0776634191549872,0.0078125,256,2,168.51112722903494,,,,replication,0.078125,0.0703125
observed,euler_secondary,20260738,pair_09,0.016123799025891006,0.3359375,256,86,84.3682404699778,,,,replication,0.671875,0.671875
observed,euler_secondary,20260738,pair_10,0.409276128998588,0.0078125,256,2,120.81597576479693,,,,replication,0.078125,0.0703125
observed,quotient_exact,20260739,pair_01,0.003643781768319254,0.0078125,256,2,5.7314766778008135,,,,primary,0.078125,0.0078125
observed,quotient_exact,20260739,pair_02,0.004008483115694239,0.0859375,256,22,4.298224041509951,,,,replication,0.171875,0.171875
observed,quotient_exact,20260739,pair_03,0.004465351350659619,0.015625,256,4,5.398786796635266,,,,replication,0.078125,0.0703125
observed,quotient_exact,20260739,pair_04,0.12660419501891929,0.0078125,256,2,6.493485207381483,,,,replication,0.078125,0.0703125
observed,quotient_exact,20260739,pair_05,0.003078941038449412,0.0078125,256,2,5.236501065799395,,,,replication,0.078125,0.0703125
observed,quotient_exact,20260739,pair_06,0.02279156052413467,0.015625,256,4,5.154075284562069,,,,replication,0.078125,0.0703125
observed,quotient_exact,20260739,pair_07,0.006278517316515297,0.0078125,256,2,5.622428733722427,,,,replication,0.078125,0.0703125
observed,quotient_exact,20260739,pair_08,0.04857120880762078,0.0078125,256,2,5.527365919939345,,,,replication,0.078125,0.0703125
observed,quotient_exact,20260739,pair_09,-0.010695541978158474,0.15625,256,40,5.5233130799527785,,,,replication,0.171875,0.171875
observed,quotient_exact,20260739,pair_10,0.076094138255423,0.0078125,256,2,5.129045358479052,,,,replication,0.078125,0.0703125
observed,raw_coordinates,20260739,pair_01,0.13813509018747194,0.0078125,256,2,6.436478900789207,,,,primary,0.078125,0.0078125
observed,raw_coordinates,20260739,pair_02,0.18974931580936627,0.0078125,256,2,5.15019414671559,,,,replication,0.078125,0.0703125
observed,raw_coordinates,20260739,pair_03,0.20582577566488525,0.0078125,256,2,6.3226324259841835,,,,replication,0.078125,0.0703125
observed,raw_coordinates,20260739,pair_04,0.24094152375759326,0.0078125,256,2,7.203909764528694,,,,replication,0.078125,0.0703125
observed,raw_coordinates,20260739,pair_05,0.1842145062413082,0.0078125,256,2,6.0396528721129625,,,,replication,0.078125,0.0703125
observed,raw_coordinates,20260739,pair_06,0.1897204195626503,0.0078125,256,2,6.013336298912918,,,,replication,0.078125,0.0703125
observed,raw_coordinates,20260739,pair_07,0.1819156758794046,0.0078125,256,2,6.3174260160997395,,,,replication,0.078125,0.0703125
observed,raw_coordinates,20260739,pair_08,0.18041606027839252,0.0078125,256,2,6.158212524368012,,,,replication,0.078125,0.0703125
observed,raw_coordinates,20260739,pair_09,0.1738432008971672,0.0078125,256,2,6.350781091855871,,,,replication,0.078125,0.0703125
observed,raw_coordinates,20260739,pair_10,0.20931957912525323,0.0078125,256,2,5.939816549020469,,,,replication,0.078125,0.0703125
observed,moment_registration,20260739,pair_01,-0.006535732918554804,0.2109375,256,54,5.334903314208491,,,,primary,0.5859375,0.2109375
observed,moment_registration,20260739,pair_02,-0.003704583918598958,0.1953125,256,50,4.1494019415018935,,,,replication,0.5859375,0.390625
observed,moment_registration,20260739,pair_03,0.028328073546898036,0.015625,256,4,5.255072935625024,,,,replication,0.109375,0.09375
observed,moment_registration,20260739,pair_04,0.1306323839084984,0.0078125,256,2,6.192220047451432,,,,replication,0.078125,0.0703125
observed,moment_registration,20260739,pair_05,0.002797267028586403,0.125,256,32,5.043435081826478,,,,replication,0.5,0.375
observed,moment_registration,20260739,pair_06,0.02215460294539351,0.0078125,256,2,5.125298298099472,,,,replication,0.078125,0.0703125
observed,moment_registration,20260739,pair_07,0.000648662317344062,0.0546875,256,14,5.422663586709048,,,,replication,0.2734375,0.21875
observed,moment_registration,20260739,pair_08,0.025568320448337012,0.015625,256,4,5.412116858765948,,,,replication,0.109375,0.09375
observed,moment_registration,20260739,pair_09,-0.031136505617737398,0.9765625,256,250,5.262542505975149,,,,replication,0.9765625,0.9765625
observed,moment_registration,20260739,pair_10,0.07094973862362308,0.0078125,256,2,5.018223750071301,,,,replication,0.078125,0.0703125
observed,euler_secondary,20260739,pair_01,0.7535395717250372,0.0078125,256,2,129.864352306551,,,,primary,0.078125,0.0078125
observed,euler_secondary,20260739,pair_02,0.2693313063734214,0.015625,256,4,129.50096524736796,,,,replication,0.078125,0.078125
observed,euler_secondary,20260739,pair_03,0.3778642559778336,0.0078125,256,2,152.04275714416653,,,,replication,0.078125,0.0703125
observed,euler_secondary,20260739,pair_04,0.9265778506768743,0.0078125,256,2,177.00282483621552,,,,replication,0.078125,0.0703125
observed,euler_secondary,20260739,pair_05,0.2716735266631993,0.015625,256,4,117.02350191307727,,,,replication,0.078125,0.078125
observed,euler_secondary,20260739,pair_06,-0.04557088347469873,0.6796875,256,174,128.0097652524994,,,,replication,0.6796875,0.6796875
observed,euler_secondary,20260739,pair_07,0.008987627765178474,0.0859375,256,22,92.10320298447823,,,,replication,0.2578125,0.2578125
observed,euler_secondary,20260739,pair_08,1.0776634191549872,0.0078125,256,2,168.51112722903494,,,,replication,0.078125,0.0703125
observed,euler_secondary,20260739,pair_09,0.016123799025891006,0.3359375,256,86,84.3682404699778,,,,replication,0.671875,0.671875
observed,euler_secondary,20260739,pair_10,0.409276128998588,0.0078125,256,2,120.81597576479693,,,,replication,0.078125,0.0703125
observed,quotient_exact,20260740,pair_01,0.003643781768319254,0.0078125,256,2,5.7314766778008135,,,,primary,0.078125,0.0078125
observed,quotient_exact,20260740,pair_02,0.004008483115694239,0.0859375,256,22,4.298224041509951,,,,replication,0.171875,0.171875
observed,quotient_exact,20260740,pair_03,0.004465351350659619,0.015625,256,4,5.398786796635266,,,,replication,0.078125,0.0703125
observed,quotient_exact,20260740,pair_04,0.12660419501891929,0.0078125,256,2,6.493485207381483,,,,replication,0.078125,0.0703125
observed,quotient_exact,20260740,pair_05,0.003078941038449412,0.0078125,256,2,5.236501065799395,,,,replication,0.078125,0.0703125
observed,quotient_exact,20260740,pair_06,0.02279156052413467,0.015625,256,4,5.154075284562069,,,,replication,0.078125,0.0703125
observed,quotient_exact,20260740,pair_07,0.006278517316515297,0.0078125,256,2,5.622428733722427,,,,replication,0.078125,0.0703125
observed,quotient_exact,20260740,pair_08,0.04857120880762078,0.0078125,256,2,5.527365919939345,,,,replication,0.078125,0.0703125
observed,quotient_exact,20260740,pair_09,-0.010695541978158474,0.15625,256,40,5.5233130799527785,,,,replication,0.171875,0.171875
observed,quotient_exact,20260740,pair_10,0.076094138255423,0.0078125,256,2,5.129045358479052,,,,replication,0.078125,0.0703125
observed,raw_coordinates,20260740,pair_01,0.1721403161779611,0.0078125,256,2,6.5593204756902095,,,,primary,0.078125,0.0078125
observed,raw_coordinates,20260740,pair_02,0.22580260734039737,0.0078125,256,2,5.166112403216473,,,,replication,0.078125,0.0703125
observed,raw_coordinates,20260740,pair_03,0.19760876520786963,0.0078125,256,2,6.282402373816596,,,,replication,0.078125,0.0703125
observed,raw_coordinates,20260740,pair_04,0.23246149854445242,0.0078125,256,2,7.4412167206281445,,,,replication,0.078125,0.0703125
observed,raw_coordinates,20260740,pair_05,0.18285411110408,0.0078125,256,2,6.101746723314536,,,,replication,0.078125,0.0703125
observed,raw_coordinates,20260740,pair_06,0.2219315245386173,0.0078125,256,2,6.029509807160941,,,,replication,0.078125,0.0703125
observed,raw_coordinates,20260740,pair_07,0.1786629264445968,0.0078125,256,2,6.276001524314744,,,,replication,0.078125,0.0703125
observed,raw_coordinates,20260740,pair_08,0.17804664285870264,0.0078125,256,2,6.277753003065506,,,,replication,0.078125,0.0703125
observed,raw_coordinates,20260740,pair_09,0.2161967331967729,0.0078125,256,2,6.390630022924597,,,,replication,0.078125,0.0703125
observed,raw_coordinates,20260740,pair_10,0.2243680249570128,0.0078125,256,2,5.9216970201213,,,,replication,0.078125,0.0703125
observed,moment_registration,20260740,pair_01,-0.006535732918554804,0.2109375,256,54,5.334903314208491,,,,primary,0.5859375,0.2109375
observed,moment_registration,20260740,pair_02,-0.003704583918598958,0.1953125,256,50,4.1494019415018935,,,,replication,0.5859375,0.390625
observed,moment_registration,20260740,pair_03,0.028328073546898036,0.015625,256,4,5.255072935625024,,,,replication,0.109375,0.09375
observed,moment_registration,20260740,pair_04,0.1306323839084984,0.0078125,256,2,6.192220047451432,,,,replication,0.078125,0.0703125
observed,moment_registration,20260740,pair_05,0.002797267028586403,0.125,256,32,5.043435081826478,,,,replication,0.5,0.375
observed,moment_registration,20260740,pair_06,0.02215460294539351,0.0078125,256,2,5.125298298099472,,,,replication,0.078125,0.0703125
observed,moment_registration,20260740,pair_07,0.000648662317344062,0.0546875,256,14,5.422663586709048,,,,replication,0.2734375,0.21875
observed,moment_registration,20260740,pair_08,0.025568320448337012,0.015625,256,4,5.412116858765948,,,,replication,0.109375,0.09375
observed,moment_registration,20260740,pair_09,-0.031136505617737398,0.9765625,256,250,5.262542505975149,,,,replication,0.9765625,0.9765625
observed,moment_registration,20260740,pair_10,0.07094973862362308,0.0078125,256,2,5.018223750071301,,,,replication,0.078125,0.0703125
observed,euler_secondary,20260740,pair_01,0.7535395717250372,0.0078125,256,2,129.864352306551,,,,primary,0.078125,0.0078125
observed,euler_secondary,20260740,pair_02,0.2693313063734214,0.015625,256,4,129.50096524736796,,,,replication,0.078125,0.078125
observed,euler_secondary,20260740,pair_03,0.3778642559778336,0.0078125,256,2,152.04275714416653,,,,replication,0.078125,0.0703125
observed,euler_secondary,20260740,pair_04,0.9265778506768743,0.0078125,256,2,177.00282483621552,,,,replication,0.078125,0.0703125
observed,euler_secondary,20260740,pair_05,0.2716735266631993,0.015625,256,4,117.02350191307727,,,,replication,0.078125,0.078125
observed,euler_secondary,20260740,pair_06,-0.04557088347469873,0.6796875,256,174,128.0097652524994,,,,replication,0.6796875,0.6796875
observed,euler_secondary,20260740,pair_07,0.008987627765178474,0.0859375,256,22,92.10320298447823,,,,replication,0.2578125,0.2578125
observed,euler_secondary,20260740,pair_08,1.0776634191549872,0.0078125,256,2,168.51112722903494,,,,replication,0.078125,0.0703125
observed,euler_secondary,20260740,pair_09,0.016123799025891006,0.3359375,256,86,84.3682404699778,,,,replication,0.671875,0.671875
observed,euler_secondary,20260740,pair_10,0.409276128998588,0.0078125,256,2,120.81597576479693,,,,replication,0.078125,0.0703125
observed,quotient_exact,20260741,pair_01,0.003643781768319254,0.0078125,256,2,5.7314766778008135,,,,primary,0.078125,0.0078125
observed,quotient_exact,20260741,pair_02,0.004008483115694239,0.0859375,256,22,4.298224041509951,,,,replication,0.171875,0.171875
observed,quotient_exact,20260741,pair_03,0.004465351350659619,0.015625,256,4,5.398786796635266,,,,replication,0.078125,0.0703125
observed,quotient_exact,20260741,pair_04,0.12660419501891929,0.0078125,256,2,6.493485207381483,,,,replication,0.078125,0.0703125
observed,quotient_exact,20260741,pair_05,0.003078941038449412,0.0078125,256,2,5.236501065799395,,,,replication,0.078125,0.0703125
observed,quotient_exact,20260741,pair_06,0.02279156052413467,0.015625,256,4,5.154075284562069,,,,replication,0.078125,0.0703125
observed,quotient_exact,20260741,pair_07,0.006278517316515297,0.0078125,256,2,5.622428733722427,,,,replication,0.078125,0.0703125
observed,quotient_exact,20260741,pair_08,0.04857120880762078,0.0078125,256,2,5.527365919939345,,,,replication,0.078125,0.0703125
observed,quotient_exact,20260741,pair_09,-0.010695541978158474,0.15625,256,40,5.5233130799527785,,,,replication,0.171875,0.171875
observed,quotient_exact,20260741,pair_10,0.076094138255423,0.0078125,256,2,5.129045358479052,,,,replication,0.078125,0.0703125
observed,raw_coordinates,20260741,pair_01,0.17005290764195302,0.0078125,256,2,6.614074442885104,,,,primary,0.078125,0.0078125
observed,raw_coordinates,20260741,pair_02,0.18708645328819573,0.0078125,256,2,5.141021062268356,,,,replication,0.078125,0.0703125
observed,raw_coordinates,20260741,pair_03,0.17201669525783625,0.0078125,256,2,6.294560964305797,,,,replication,0.078125,0.0703125
observed,raw_coordinates,20260741,pair_04,0.2459483886805871,0.0078125,256,2,7.2093884375465045,,,,replication,0.078125,0.0703125
observed,raw_coordinates,20260741,pair_05,0.20426478776870782,0.0078125,256,2,6.141061755166771,,,,replication,0.078125,0.0703125
observed,raw_coordinates,20260741,pair_06,0.23093873842570378,0.0078125,256,2,6.042372654538065,,,,replication,0.078125,0.0703125
observed,raw_coordinates,20260741,pair_07,0.15859706577863586,0.0078125,256,2,6.256158993326772,,,,replication,0.078125,0.0703125
observed,raw_coordinates,20260741,pair_08,0.19128113449240813,0.0078125,256,2,6.161461237038143,,,,replication,0.078125,0.0703125
observed,raw_coordinates,20260741,pair_09,0.19373699242749076,0.0078125,256,2,6.352239601371214,,,,replication,0.078125,0.0703125
observed,raw_coordinates,20260741,pair_10,0.1986948572406646,0.0078125,256,2,5.9191806306534955,,,,replication,0.078125,0.0703125
observed,moment_registration,20260741,pair_01,-0.006535732918554804,0.2109375,256,54,5.334903314208491,,,,primary,0.5859375,0.2109375
observed,moment_registration,20260741,pair_02,-0.003704583918598958,0.1953125,256,50,4.1494019415018935,,,,replication,0.5859375,0.390625
observed,moment_registration,20260741,pair_03,0.028328073546898036,0.015625,256,4,5.255072935625024,,,,replication,0.109375,0.09375
observed,moment_registration,20260741,pair_04,0.1306323839084984,0.0078125,256,2,6.192220047451432,,,,replication,0.078125,0.0703125
observed,moment_registration,20260741,pair_05,0.002797267028586403,0.125,256,32,5.043435081826478,,,,replication,0.5,0.375
observed,moment_registration,20260741,pair_06,0.02215460294539351,0.0078125,256,2,5.125298298099472,,,,replication,0.078125,0.0703125
observed,moment_registration,20260741,pair_07,0.000648662317344062,0.0546875,256,14,5.422663586709048,,,,replication,0.2734375,0.21875
observed,moment_registration,20260741,pair_08,0.025568320448337012,0.015625,256,4,5.412116858765948,,,,replication,0.109375,0.09375
observed,moment_registration,20260741,pair_09,-0.031136505617737398,0.9765625,256,250,5.262542505975149,,,,replication,0.9765625,0.9765625
observed,moment_registration,20260741,pair_10,0.07094973862362308,0.0078125,256,2,5.018223750071301,,,,replication,0.078125,0.0703125
observed,euler_secondary,20260741,pair_01,0.7535395717250372,0.0078125,256,2,129.864352306551,,,,primary,0.078125,0.0078125
observed,euler_secondary,20260741,pair_02,0.2693313063734214,0.015625,256,4,129.50096524736796,,,,replication,0.078125,0.078125
observed,euler_secondary,20260741,pair_03,0.3778642559778336,0.0078125,256,2,152.04275714416653,,,,replication,0.078125,0.0703125
observed,euler_secondary,20260741,pair_04,0.9265778506768743,0.0078125,256,2,177.00282483621552,,,,replication,0.078125,0.0703125
observed,euler_secondary,20260741,pair_05,0.2716735266631993,0.015625,256,4,117.02350191307727,,,,replication,0.078125,0.078125
observed,euler_secondary,20260741,pair_06,-0.04557088347469873,0.6796875,256,174,128.0097652524994,,,,replication,0.6796875,0.6796875
observed,euler_secondary,20260741,pair_07,0.008987627765178474,0.0859375,256,22,92.10320298447823,,,,replication,0.2578125,0.2578125
observed,euler_secondary,20260741,pair_08,1.0776634191549872,0.0078125,256,2,168.51112722903494,,,,replication,0.078125,0.0703125
observed,euler_secondary,20260741,pair_09,0.016123799025891006,0.3359375,256,86,84.3682404699778,,,,replication,0.671875,0.671875
observed,euler_secondary,20260741,pair_10,0.409276128998588,0.0078125,256,2,120.81597576479693,,,,replication,0.078125,0.0703125
observed,quotient_exact,20260742,pair_01,0.003643781768319254,0.0078125,256,2,5.7314766778008135,,,,primary,0.078125,0.0078125
observed,quotient_exact,20260742,pair_02,0.004008483115694239,0.0859375,256,22,4.298224041509951,,,,replication,0.171875,0.171875
observed,quotient_exact,20260742,pair_03,0.004465351350659619,0.015625,256,4,5.398786796635266,,,,replication,0.078125,0.0703125
observed,quotient_exact,20260742,pair_04,0.12660419501891929,0.0078125,256,2,6.493485207381483,,,,replication,0.078125,0.0703125
observed,quotient_exact,20260742,pair_05,0.003078941038449412,0.0078125,256,2,5.236501065799395,,,,replication,0.078125,0.0703125
observed,quotient_exact,20260742,pair_06,0.02279156052413467,0.015625,256,4,5.154075284562069,,,,replication,0.078125,0.0703125
observed,quotient_exact,20260742,pair_07,0.006278517316515297,0.0078125,256,2,5.622428733722427,,,,replication,0.078125,0.0703125
observed,quotient_exact,20260742,pair_08,0.04857120880762078,0.0078125,256,2,5.527365919939345,,,,replication,0.078125,0.0703125
observed,quotient_exact,20260742,pair_09,-0.010695541978158474,0.15625,256,40,5.5233130799527785,,,,replication,0.171875,0.171875
observed,quotient_exact,20260742,pair_10,0.076094138255423,0.0078125,256,2,5.129045358479052,,,,replication,0.078125,0.0703125
observed,raw_coordinates,20260742,pair_01,0.162818660971353,0.0078125,256,2,6.517993490632715,,,,primary,0.078125,0.0078125
observed,raw_coordinates,20260742,pair_02,0.18883662441914284,0.0078125,256,2,5.077461246607423,,,,replication,0.078125,0.0703125
observed,raw_coordinates,20260742,pair_03,0.18012265107154624,0.0078125,256,2,6.228457084380814,,,,replication,0.078125,0.0703125
observed,raw_coordinates,20260742,pair_04,0.2199597389203417,0.0078125,256,2,7.25185912823557,,,,replication,0.078125,0.0703125
observed,raw_coordinates,20260742,pair_05,0.18280272020144062,0.0078125,256,2,5.97920705260681,,,,replication,0.078125,0.0703125
observed,raw_coordinates,20260742,pair_06,0.22208808975431038,0.0078125,256,2,6.029381960667524,,,,replication,0.078125,0.0703125
observed,raw_coordinates,20260742,pair_07,0.186460909763698,0.0078125,256,2,6.231051262400615,,,,replication,0.078125,0.0703125
observed,raw_coordinates,20260742,pair_08,0.1764043902998148,0.0078125,256,2,6.3084966687670745,,,,replication,0.078125,0.0703125
observed,raw_coordinates,20260742,pair_09,0.2151115116708855,0.0078125,256,2,6.349454859678644,,,,replication,0.078125,0.0703125
observed,raw_coordinates,20260742,pair_10,0.20825275094570894,0.0078125,256,2,5.983290361833325,,,,replication,0.078125,0.0703125
observed,moment_registration,20260742,pair_01,-0.006535732918554804,0.2109375,256,54,5.334903314208491,,,,primary,0.5859375,0.2109375
observed,moment_registration,20260742,pair_02,-0.003704583918598958,0.1953125,256,50,4.1494019415018935,,,,replication,0.5859375,0.390625
observed,moment_registration,20260742,pair_03,0.028328073546898036,0.015625,256,4,5.255072935625024,,,,replication,0.109375,0.09375
observed,moment_registration,20260742,pair_04,0.1306323839084984,0.0078125,256,2,6.192220047451432,,,,replication,0.078125,0.0703125
observed,moment_registration,20260742,pair_05,0.002797267028586403,0.125,256,32,5.043435081826478,,,,replication,0.5,0.375
observed,moment_registration,20260742,pair_06,0.02215460294539351,0.0078125,256,2,5.125298298099472,,,,replication,0.078125,0.0703125
observed,moment_registration,20260742,pair_07,0.000648662317344062,0.0546875,256,14,5.422663586709048,,,,replication,0.2734375,0.21875
observed,moment_registration,20260742,pair_08,0.025568320448337012,0.015625,256,4,5.412116858765948,,,,replication,0.109375,0.09375
observed,moment_registration,20260742,pair_09,-0.031136505617737398,0.9765625,256,250,5.262542505975149,,,,replication,0.9765625,0.9765625
observed,moment_registration,20260742,pair_10,0.07094973862362308,0.0078125,256,2,5.018223750071301,,,,replication,0.078125,0.0703125
observed,euler_secondary,20260742,pair_01,0.7535395717250372,0.0078125,256,2,129.864352306551,,,,primary,0.078125,0.0078125
observed,euler_secondary,20260742,pair_02,0.2693313063734214,0.015625,256,4,129.50096524736796,,,,replication,0.078125,0.078125
observed,euler_secondary,20260742,pair_03,0.3778642559778336,0.0078125,256,2,152.04275714416653,,,,replication,0.078125,0.0703125
observed,euler_secondary,20260742,pair_04,0.9265778506768743,0.0078125,256,2,177.00282483621552,,,,replication,0.078125,0.0703125
observed,euler_secondary,20260742,pair_05,0.2716735266631993,0.015625,256,4,117.02350191307727,,,,replication,0.078125,0.078125
observed,euler_secondary,20260742,pair_06,-0.04557088347469873,0.6796875,256,174,128.0097652524994,,,,replication,0.6796875,0.6796875
observed,euler_secondary,20260742,pair_07,0.008987627765178474,0.0859375,256,22,92.10320298447823,,,,replication,0.2578125,0.2578125
observed,euler_secondary,20260742,pair_08,1.0776634191549872,0.0078125,256,2,168.51112722903494,,,,replication,0.078125,0.0703125
observed,euler_secondary,20260742,pair_09,0.016123799025891006,0.3359375,256,86,84.3682404699778,,,,replication,0.671875,0.671875
observed,euler_secondary,20260742,pair_10,0.409276128998588,0.0078125,256,2,120.81597576479693,,,,replication,0.078125,0.0703125
observed,quotient_exact,20260743,pair_01,0.003643781768319254,0.0078125,256,2,5.7314766778008135,,,,primary,0.078125,0.0078125
observed,quotient_exact,20260743,pair_02,0.004008483115694239,0.0859375,256,22,4.298224041509951,,,,replication,0.171875,0.171875
observed,quotient_exact,20260743,pair_03,0.004465351350659619,0.015625,256,4,5.398786796635266,,,,replication,0.078125,0.0703125
observed,quotient_exact,20260743,pair_04,0.12660419501891929,0.0078125,256,2,6.493485207381483,,,,replication,0.078125,0.0703125
observed,quotient_exact,20260743,pair_05,0.003078941038449412,0.0078125,256,2,5.236501065799395,,,,replication,0.078125,0.0703125
observed,quotient_exact,20260743,pair_06,0.02279156052413467,0.015625,256,4,5.154075284562069,,,,replication,0.078125,0.0703125
observed,quotient_exact,20260743,pair_07,0.006278517316515297,0.0078125,256,2,5.622428733722427,,,,replication,0.078125,0.0703125
observed,quotient_exact,20260743,pair_08,0.04857120880762078,0.0078125,256,2,5.527365919939345,,,,replication,0.078125,0.0703125
observed,quotient_exact,20260743,pair_09,-0.010695541978158474,0.15625,256,40,5.5233130799527785,,,,replication,0.171875,0.171875
observed,quotient_exact,20260743,pair_10,0.076094138255423,0.0078125,256,2,5.129045358479052,,,,replication,0.078125,0.0703125
observed,raw_coordinates,20260743,pair_01,0.18418535511160172,0.0078125,256,2,6.582420864287931,,,,primary,0.078125,0.0078125
observed,raw_coordinates,20260743,pair_02,0.2009494028789366,0.0078125,256,2,5.183053374647354,,,,replication,0.078125,0.0703125
observed,raw_coordinates,20260743,pair_03,0.16044575487865786,0.0078125,256,2,6.25173395430834,,,,replication,0.078125,0.0703125
observed,raw_coordinates,20260743,pair_04,0.2448570184315515,0.0078125,256,2,7.268509154666963,,,,replication,0.078125,0.0703125
observed,raw_coordinates,20260743,pair_05,0.17874655364528702,0.0078125,256,2,5.912642116924606,,,,replication,0.078125,0.0703125
observed,raw_coordinates,20260743,pair_06,0.21919914548551356,0.0078125,256,2,5.9947527735705455,,,,replication,0.078125,0.0703125
observed,raw_coordinates,20260743,pair_07,0.17671674902081436,0.0078125,256,2,6.290129934499634,,,,replication,0.078125,0.0703125
observed,raw_coordinates,20260743,pair_08,0.19959741139856146,0.0078125,256,2,6.219169422414734,,,,replication,0.078125,0.0703125
observed,raw_coordinates,20260743,pair_09,0.16636316394256523,0.0078125,256,2,6.23128449080484,,,,replication,0.078125,0.0703125
observed,raw_coordinates,20260743,pair_10,0.23320239392454922,0.0078125,256,2,5.912386889972214,,,,replication,0.078125,0.0703125
observed,moment_registration,20260743,pair_01,-0.006535732918554804,0.2109375,256,54,5.334903314208491,,,,primary,0.5859375,0.2109375
observed,moment_registration,20260743,pair_02,-0.003704583918598958,0.1953125,256,50,4.1494019415018935,,,,replication,0.5859375,0.390625
observed,moment_registration,20260743,pair_03,0.028328073546898036,0.015625,256,4,5.255072935625024,,,,replication,0.109375,0.09375
observed,moment_registration,20260743,pair_04,0.1306323839084984,0.0078125,256,2,6.192220047451432,,,,replication,0.078125,0.0703125
observed,moment_registration,20260743,pair_05,0.002797267028586403,0.125,256,32,5.043435081826478,,,,replication,0.5,0.375
observed,moment_registration,20260743,pair_06,0.02215460294539351,0.0078125,256,2,5.125298298099472,,,,replication,0.078125,0.0703125
observed,moment_registration,20260743,pair_07,0.000648662317344062,0.0546875,256,14,5.422663586709048,,,,replication,0.2734375,0.21875
observed,moment_registration,20260743,pair_08,0.025568320448337012,0.015625,256,4,5.412116858765948,,,,replication,0.109375,0.09375
observed,moment_registration,20260743,pair_09,-0.031136505617737398,0.9765625,256,250,5.262542505975149,,,,replication,0.9765625,0.9765625
observed,moment_registration,20260743,pair_10,0.07094973862362308,0.0078125,256,2,5.018223750071301,,,,replication,0.078125,0.0703125
observed,euler_secondary,20260743,pair_01,0.7535395717250372,0.0078125,256,2,129.864352306551,,,,primary,0.078125,0.0078125
observed,euler_secondary,20260743,pair_02,0.2693313063734214,0.015625,256,4,129.50096524736796,,,,replication,0.078125,0.078125
observed,euler_secondary,20260743,pair_03,0.3778642559778336,0.0078125,256,2,152.04275714416653,,,,replication,0.078125,0.0703125
observed,euler_secondary,20260743,pair_04,0.9265778506768743,0.0078125,256,2,177.00282483621552,,,,replication,0.078125,0.0703125
observed,euler_secondary,20260743,pair_05,0.2716735266631993,0.015625,256,4,117.02350191307727,,,,replication,0.078125,0.078125
observed,euler_secondary,20260743,pair_06,-0.04557088347469873,0.6796875,256,174,128.0097652524994,,,,replication,0.6796875,0.6796875
observed,euler_secondary,20260743,pair_07,0.008987627765178474,0.0859375,256,22,92.10320298447823,,,,replication,0.2578125,0.2578125
observed,euler_secondary,20260743,pair_08,1.0776634191549872,0.0078125,256,2,168.51112722903494,,,,replication,0.078125,0.0703125
observed,euler_secondary,20260743,pair_09,0.016123799025891006,0.3359375,256,86,84.3682404699778,,,,replication,0.671875,0.671875
observed,euler_secondary,20260743,pair_10,0.409276128998588,0.0078125,256,2,120.81597576479693,,,,replication,0.078125,0.0703125
observed,quotient_exact,20260744,pair_01,0.003643781768319254,0.0078125,256,2,5.7314766778008135,,,,primary,0.078125,0.0078125
observed,quotient_exact,20260744,pair_02,0.004008483115694239,0.0859375,256,22,4.298224041509951,,,,replication,0.171875,0.171875
observed,quotient_exact,20260744,pair_03,0.004465351350659619,0.015625,256,4,5.398786796635266,,,,replication,0.078125,0.0703125
observed,quotient_exact,20260744,pair_04,0.12660419501891929,0.0078125,256,2,6.493485207381483,,,,replication,0.078125,0.0703125
observed,quotient_exact,20260744,pair_05,0.003078941038449412,0.0078125,256,2,5.236501065799395,,,,replication,0.078125,0.0703125
observed,quotient_exact,20260744,pair_06,0.02279156052413467,0.015625,256,4,5.154075284562069,,,,replication,0.078125,0.0703125
observed,quotient_exact,20260744,pair_07,0.006278517316515297,0.0078125,256,2,5.622428733722427,,,,replication,0.078125,0.0703125
observed,quotient_exact,20260744,pair_08,0.04857120880762078,0.0078125,256,2,5.527365919939345,,,,replication,0.078125,0.0703125
observed,quotient_exact,20260744,pair_09,-0.010695541978158474,0.15625,256,40,5.5233130799527785,,,,replication,0.171875,0.171875
observed,quotient_exact,20260744,pair_10,0.076094138255423,0.0078125,256,2,5.129045358479052,,,,replication,0.078125,0.0703125
observed,raw_coordinates,20260744,pair_01,0.16807370060926596,0.0078125,256,2,6.556580587139993,,,,primary,0.078125,0.0078125
observed,raw_coordinates,20260744,pair_02,0.17203370716855693,0.0078125,256,2,5.0943509904244975,,,,replication,0.078125,0.0703125
observed,raw_coordinates,20260744,pair_03,0.1995678157911318,0.0078125,256,2,6.331824192502966,,,,replication,0.078125,0.0703125
observed,raw_coordinates,20260744,pair_04,0.2288614217444952,0.0078125,256,2,7.137356361766597,,,,replication,0.078125,0.0703125
observed,raw_coordinates,20260744,pair_05,0.2088722993708202,0.0078125,256,2,6.068049808974798,,,,replication,0.078125,0.0703125
observed,raw_coordinates,20260744,pair_06,0.21261773032127051,0.0078125,256,2,6.079354297780792,,,,replication,0.078125,0.0703125
observed,raw_coordinates,20260744,pair_07,0.1931203970104598,0.0078125,256,2,6.410884869937583,,,,replication,0.078125,0.0703125
observed,raw_coordinates,20260744,pair_08,0.17371945782312315,0.0078125,256,2,6.2606162247564265,,,,replication,0.078125,0.0703125
observed,raw_coordinates,20260744,pair_09,0.20198030323362626,0.0078125,256,2,6.337119779083846,,,,replication,0.078125,0.0703125
observed,raw_coordinates,20260744,pair_10,0.23838290883374635,0.0078125,256,2,5.970601922812122,,,,replication,0.078125,0.0703125
observed,moment_registration,20260744,pair_01,-0.006535732918554804,0.2109375,256,54,5.334903314208491,,,,primary,0.5859375,0.2109375
observed,moment_registration,20260744,pair_02,-0.003704583918598958,0.1953125,256,50,4.1494019415018935,,,,replication,0.5859375,0.390625
observed,moment_registration,20260744,pair_03,0.028328073546898036,0.015625,256,4,5.255072935625024,,,,replication,0.109375,0.09375
observed,moment_registration,20260744,pair_04,0.1306323839084984,0.0078125,256,2,6.192220047451432,,,,replication,0.078125,0.0703125
observed,moment_registration,20260744,pair_05,0.002797267028586403,0.125,256,32,5.043435081826478,,,,replication,0.5,0.375
observed,moment_registration,20260744,pair_06,0.02215460294539351,0.0078125,256,2,5.125298298099472,,,,replication,0.078125,0.0703125
observed,moment_registration,20260744,pair_07,0.000648662317344062,0.0546875,256,14,5.422663586709048,,,,replication,0.2734375,0.21875
observed,moment_registration,20260744,pair_08,0.025568320448337012,0.015625,256,4,5.412116858765948,,,,replication,0.109375,0.09375
observed,moment_registration,20260744,pair_09,-0.031136505617737398,0.9765625,256,250,5.262542505975149,,,,replication,0.9765625,0.9765625
observed,moment_registration,20260744,pair_10,0.07094973862362308,0.0078125,256,2,5.018223750071301,,,,replication,0.078125,0.0703125
observed,euler_secondary,20260744,pair_01,0.7535395717250372,0.0078125,256,2,129.864352306551,,,,primary,0.078125,0.0078125
observed,euler_secondary,20260744,pair_02,0.2693313063734214,0.015625,256,4,129.50096524736796,,,,replication,0.078125,0.078125
observed,euler_secondary,20260744,pair_03,0.3778642559778336,0.0078125,256,2,152.04275714416653,,,,replication,0.078125,0.0703125
observed,euler_secondary,20260744,pair_04,0.9265778506768743,0.0078125,256,2,177.00282483621552,,,,replication,0.078125,0.0703125
observed,euler_secondary,20260744,pair_05,0.2716735266631993,0.015625,256,4,117.02350191307727,,,,replication,0.078125,0.078125
observed,euler_secondary,20260744,pair_06,-0.04557088347469873,0.6796875,256,174,128.0097652524994,,,,replication,0.6796875,0.6796875
observed,euler_secondary,20260744,pair_07,0.008987627765178474,0.0859375,256,22,92.10320298447823,,,,replication,0.2578125,0.2578125
observed,euler_secondary,20260744,pair_08,1.0776634191549872,0.0078125,256,2,168.51112722903494,,,,replication,0.078125,0.0703125
observed,euler_secondary,20260744,pair_09,0.016123799025891006,0.3359375,256,86,84.3682404699778,,,,replication,0.671875,0.671875
observed,euler_secondary,20260744,pair_10,0.409276128998588,0.0078125,256,2,120.81597576479693,,,,replication,0.078125,0.0703125
observed,quotient_exact,20260745,pair_01,0.003643781768319254,0.0078125,256,2,5.7314766778008135,,,,primary,0.078125,0.0078125
observed,quotient_exact,20260745,pair_02,0.004008483115694239,0.0859375,256,22,4.298224041509951,,,,replication,0.171875,0.171875
observed,quotient_exact,20260745,pair_03,0.004465351350659619,0.015625,256,4,5.398786796635266,,,,replication,0.078125,0.0703125
observed,quotient_exact,20260745,pair_04,0.12660419501891929,0.0078125,256,2,6.493485207381483,,,,replication,0.078125,0.0703125
observed,quotient_exact,20260745,pair_05,0.003078941038449412,0.0078125,256,2,5.236501065799395,,,,replication,0.078125,0.0703125
observed,quotient_exact,20260745,pair_06,0.02279156052413467,0.015625,256,4,5.154075284562069,,,,replication,0.078125,0.0703125
observed,quotient_exact,20260745,pair_07,0.006278517316515297,0.0078125,256,2,5.622428733722427,,,,replication,0.078125,0.0703125
observed,quotient_exact,20260745,pair_08,0.04857120880762078,0.0078125,256,2,5.527365919939345,,,,replication,0.078125,0.0703125
observed,quotient_exact,20260745,pair_09,-0.010695541978158474,0.15625,256,40,5.5233130799527785,,,,replication,0.171875,0.171875
observed,quotient_exact,20260745,pair_10,0.076094138255423,0.0078125,256,2,5.129045358479052,,,,replication,0.078125,0.0703125
observed,raw_coordinates,20260745,pair_01,0.16538168002217812,0.0078125,256,2,6.602617236064758,,,,primary,0.078125,0.0078125
observed,raw_coordinates,20260745,pair_02,0.16748717515231792,0.0078125,256,2,5.1101189411314,,,,replication,0.078125,0.0703125
observed,raw_coordinates,20260745,pair_03,0.23346646863950693,0.0078125,256,2,6.389888202993772,,,,replication,0.078125,0.0703125
observed,raw_coordinates,20260745,pair_04,0.23700416220934284,0.0078125,256,2,7.308418870506544,,,,replication,0.078125,0.0703125
observed,raw_coordinates,20260745,pair_05,0.2181644563224655,0.0078125,256,2,6.120315704465254,,,,replication,0.078125,0.0703125
observed,raw_coordinates,20260745,pair_06,0.19351479067360333,0.0078125,256,2,5.963325539772278,,,,replication,0.078125,0.0703125
observed,raw_coordinates,20260745,pair_07,0.1887683836338837,0.0078125,256,2,6.298229544473647,,,,replication,0.078125,0.0703125
observed,raw_coordinates,20260745,pair_08,0.18237986847231658,0.0078125,256,2,6.2151495228975735,,,,replication,0.078125,0.0703125
observed,raw_coordinates,20260745,pair_09,0.2044833169921756,0.0078125,256,2,6.377805241182097,,,,replication,0.078125,0.0703125
observed,raw_coordinates,20260745,pair_10,0.20118351937921086,0.0078125,256,2,5.859560575118111,,,,replication,0.078125,0.0703125
observed,moment_registration,20260745,pair_01,-0.006535732918554804,0.2109375,256,54,5.334903314208491,,,,primary,0.5859375,0.2109375
observed,moment_registration,20260745,pair_02,-0.003704583918598958,0.1953125,256,50,4.1494019415018935,,,,replication,0.5859375,0.390625
observed,moment_registration,20260745,pair_03,0.028328073546898036,0.015625,256,4,5.255072935625024,,,,replication,0.109375,0.09375
observed,moment_registration,20260745,pair_04,0.1306323839084984,0.0078125,256,2,6.192220047451432,,,,replication,0.078125,0.0703125
observed,moment_registration,20260745,pair_05,0.002797267028586403,0.125,256,32,5.043435081826478,,,,replication,0.5,0.375
observed,moment_registration,20260745,pair_06,0.02215460294539351,0.0078125,256,2,5.125298298099472,,,,replication,0.078125,0.0703125
observed,moment_registration,20260745,pair_07,0.000648662317344062,0.0546875,256,14,5.422663586709048,,,,replication,0.2734375,0.21875
observed,moment_registration,20260745,pair_08,0.025568320448337012,0.015625,256,4,5.412116858765948,,,,replication,0.109375,0.09375
observed,moment_registration,20260745,pair_09,-0.031136505617737398,0.9765625,256,250,5.262542505975149,,,,replication,0.9765625,0.9765625
observed,moment_registration,20260745,pair_10,0.07094973862362308,0.0078125,256,2,5.018223750071301,,,,replication,0.078125,0.0703125
observed,euler_secondary,20260745,pair_01,0.7535395717250372,0.0078125,256,2,129.864352306551,,,,primary,0.078125,0.0078125
observed,euler_secondary,20260745,pair_02,0.2693313063734214,0.015625,256,4,129.50096524736796,,,,replication,0.078125,0.078125
observed,euler_secondary,20260745,pair_03,0.3778642559778336,0.0078125,256,2,152.04275714416653,,,,replication,0.078125,0.0703125
observed,euler_secondary,20260745,pair_04,0.9265778506768743,0.0078125,256,2,177.00282483621552,,,,replication,0.078125,0.0703125
observed,euler_secondary,20260745,pair_05,0.2716735266631993,0.015625,256,4,117.02350191307727,,,,replication,0.078125,0.078125
observed,euler_secondary,20260745,pair_06,-0.04557088347469873,0.6796875,256,174,128.0097652524994,,,,replication,0.6796875,0.6796875
observed,euler_secondary,20260745,pair_07,0.008987627765178474,0.0859375,256,22,92.10320298447823,,,,replication,0.2578125,0.2578125
observed,euler_secondary,20260745,pair_08,1.0776634191549872,0.0078125,256,2,168.51112722903494,,,,replication,0.078125,0.0703125
observed,euler_secondary,20260745,pair_09,0.016123799025891006,0.3359375,256,86,84.3682404699778,,,,replication,0.671875,0.671875
observed,euler_secondary,20260745,pair_10,0.409276128998588,0.0078125,256,2,120.81597576479693,,,,replication,0.078125,0.0703125
observed,quotient_exact,20260746,pair_01,0.003643781768319254,0.0078125,256,2,5.7314766778008135,,,,primary,0.078125,0.0078125
observed,quotient_exact,20260746,pair_02,0.004008483115694239,0.0859375,256,22,4.298224041509951,,,,replication,0.171875,0.171875
observed,quotient_exact,20260746,pair_03,0.004465351350659619,0.015625,256,4,5.398786796635266,,,,replication,0.078125,0.0703125
observed,quotient_exact,20260746,pair_04,0.12660419501891929,0.0078125,256,2,6.493485207381483,,,,replication,0.078125,0.0703125
observed,quotient_exact,20260746,pair_05,0.003078941038449412,0.0078125,256,2,5.236501065799395,,,,replication,0.078125,0.0703125
observed,quotient_exact,20260746,pair_06,0.02279156052413467,0.015625,256,4,5.154075284562069,,,,replication,0.078125,0.0703125
observed,quotient_exact,20260746,pair_07,0.006278517316515297,0.0078125,256,2,5.622428733722427,,,,replication,0.078125,0.0703125
observed,quotient_exact,20260746,pair_08,0.04857120880762078,0.0078125,256,2,5.527365919939345,,,,replication,0.078125,0.0703125
observed,quotient_exact,20260746,pair_09,-0.010695541978158474,0.15625,256,40,5.5233130799527785,,,,replication,0.171875,0.171875
observed,quotient_exact,20260746,pair_10,0.076094138255423,0.0078125,256,2,5.129045358479052,,,,replication,0.078125,0.0703125
observed,raw_coordinates,20260746,pair_01,0.15547372903613255,0.0078125,256,2,6.496581357096139,,,,primary,0.078125,0.0078125
observed,raw_coordinates,20260746,pair_02,0.19172088434747714,0.0078125,256,2,5.072230817942946,,,,replication,0.078125,0.0703125
observed,raw_coordinates,20260746,pair_03,0.2143411893578484,0.0078125,256,2,6.336583445951437,,,,replication,0.078125,0.0703125
observed,raw_coordinates,20260746,pair_04,0.21215778469134994,0.0078125,256,2,7.092647095299184,,,,replication,0.078125,0.0703125
observed,raw_coordinates,20260746,pair_05,0.17877430120925042,0.0078125,256,2,6.068078314120163,,,,replication,0.078125,0.0703125
observed,raw_coordinates,20260746,pair_06,0.21968993903147327,0.0078125,256,2,6.019642177004623,,,,replication,0.078125,0.0703125
observed,raw_coordinates,20260746,pair_07,0.1720575580969922,0.0078125,256,2,6.262876336764909,,,,replication,0.078125,0.0703125
observed,raw_coordinates,20260746,pair_08,0.18319577882392601,0.0078125,256,2,6.230116101373641,,,,replication,0.078125,0.0703125
observed,raw_coordinates,20260746,pair_09,0.1526030764781865,0.0078125,256,2,6.28496878333561,,,,replication,0.078125,0.0703125
observed,raw_coordinates,20260746,pair_10,0.21825351115679004,0.0078125,256,2,6.075700062111756,,,,replication,0.078125,0.0703125
observed,moment_registration,20260746,pair_01,-0.006535732918554804,0.2109375,256,54,5.334903314208491,,,,primary,0.5859375,0.2109375
observed,moment_registration,20260746,pair_02,-0.003704583918598958,0.1953125,256,50,4.1494019415018935,,,,replication,0.5859375,0.390625
observed,moment_registration,20260746,pair_03,0.028328073546898036,0.015625,256,4,5.255072935625024,,,,replication,0.109375,0.09375
observed,moment_registration,20260746,pair_04,0.1306323839084984,0.0078125,256,2,6.192220047451432,,,,replication,0.078125,0.0703125
observed,moment_registration,20260746,pair_05,0.002797267028586403,0.125,256,32,5.043435081826478,,,,replication,0.5,0.375
observed,moment_registration,20260746,pair_06,0.02215460294539351,0.0078125,256,2,5.125298298099472,,,,replication,0.078125,0.0703125
observed,moment_registration,20260746,pair_07,0.000648662317344062,0.0546875,256,14,5.422663586709048,,,,replication,0.2734375,0.21875
observed,moment_registration,20260746,pair_08,0.025568320448337012,0.015625,256,4,5.412116858765948,,,,replication,0.109375,0.09375
observed,moment_registration,20260746,pair_09,-0.031136505617737398,0.9765625,256,250,5.262542505975149,,,,replication,0.9765625,0.9765625
observed,moment_registration,20260746,pair_10,0.07094973862362308,0.0078125,256,2,5.018223750071301,,,,replication,0.078125,0.0703125
observed,euler_secondary,20260746,pair_01,0.7535395717250372,0.0078125,256,2,129.864352306551,,,,primary,0.078125,0.0078125
observed,euler_secondary,20260746,pair_02,0.2693313063734214,0.015625,256,4,129.50096524736796,,,,replication,0.078125,0.078125
observed,euler_secondary,20260746,pair_03,0.3778642559778336,0.0078125,256,2,152.04275714416653,,,,replication,0.078125,0.0703125
observed,euler_secondary,20260746,pair_04,0.9265778506768743,0.0078125,256,2,177.00282483621552,,,,replication,0.078125,0.0703125
observed,euler_secondary,20260746,pair_05,0.2716735266631993,0.015625,256,4,117.02350191307727,,,,replication,0.078125,0.078125
observed,euler_secondary,20260746,pair_06,-0.04557088347469873,0.6796875,256,174,128.0097652524994,,,,replication,0.6796875,0.6796875
observed,euler_secondary,20260746,pair_07,0.008987627765178474,0.0859375,256,22,92.10320298447823,,,,replication,0.2578125,0.2578125
observed,euler_secondary,20260746,pair_08,1.0776634191549872,0.0078125,256,2,168.51112722903494,,,,replication,0.078125,0.0703125
observed,euler_secondary,20260746,pair_09,0.016123799025891006,0.3359375,256,86,84.3682404699778,,,,replication,0.671875,0.671875
observed,euler_secondary,20260746,pair_10,0.409276128998588,0.0078125,256,2,120.81597576479693,,,,replication,0.078125,0.0703125
observed,quotient_exact,20260747,pair_01,0.003643781768319254,0.0078125,256,2,5.7314766778008135,,,,primary,0.078125,0.0078125
observed,quotient_exact,20260747,pair_02,0.004008483115694239,0.0859375,256,22,4.298224041509951,,,,replication,0.171875,0.171875
observed,quotient_exact,20260747,pair_03,0.004465351350659619,0.015625,256,4,5.398786796635266,,,,replication,0.078125,0.0703125
observed,quotient_exact,20260747,pair_04,0.12660419501891929,0.0078125,256,2,6.493485207381483,,,,replication,0.078125,0.0703125
observed,quotient_exact,20260747,pair_05,0.003078941038449412,0.0078125,256,2,5.236501065799395,,,,replication,0.078125,0.0703125
observed,quotient_exact,20260747,pair_06,0.02279156052413467,0.015625,256,4,5.154075284562069,,,,replication,0.078125,0.0703125
observed,quotient_exact,20260747,pair_07,0.006278517316515297,0.0078125,256,2,5.622428733722427,,,,replication,0.078125,0.0703125
observed,quotient_exact,20260747,pair_08,0.04857120880762078,0.0078125,256,2,5.527365919939345,,,,replication,0.078125,0.0703125
observed,quotient_exact,20260747,pair_09,-0.010695541978158474,0.15625,256,40,5.5233130799527785,,,,replication,0.171875,0.171875
observed,quotient_exact,20260747,pair_10,0.076094138255423,0.0078125,256,2,5.129045358479052,,,,replication,0.078125,0.0703125
observed,raw_coordinates,20260747,pair_01,0.1574468740855176,0.0078125,256,2,6.5670386213796235,,,,primary,0.078125,0.0078125
observed,raw_coordinates,20260747,pair_02,0.20354024964809203,0.0078125,256,2,5.14678258312531,,,,replication,0.078125,0.0703125
observed,raw_coordinates,20260747,pair_03,0.17999339092625422,0.0078125,256,2,6.326904270567371,,,,replication,0.078125,0.0703125
observed,raw_coordinates,20260747,pair_04,0.22382537859511942,0.0078125,256,2,7.212051705482247,,,,replication,0.078125,0.0703125
observed,raw_coordinates,20260747,pair_05,0.18836386473550826,0.0078125,256,2,5.99582339079093,,,,replication,0.078125,0.0703125
observed,raw_coordinates,20260747,pair_06,0.16512364073323527,0.0078125,256,2,5.940632693849434,,,,replication,0.078125,0.0703125
observed,raw_coordinates,20260747,pair_07,0.18344045183756785,0.0078125,256,2,6.385505857559713,,,,replication,0.078125,0.0703125
observed,raw_coordinates,20260747,pair_08,0.20676209318247918,0.0078125,256,2,6.29716241153654,,,,replication,0.078125,0.0703125
observed,raw_coordinates,20260747,pair_09,0.17676549244756223,0.0078125,256,2,6.320947205361224,,,,replication,0.078125,0.0703125
observed,raw_coordinates,20260747,pair_10,0.21844261258119602,0.0078125,256,2,5.959854005129998,,,,replication,0.078125,0.0703125
observed,moment_registration,20260747,pair_01,-0.006535732918554804,0.2109375,256,54,5.334903314208491,,,,primary,0.5859375,0.2109375
observed,moment_registration,20260747,pair_02,-0.003704583918598958,0.1953125,256,50,4.1494019415018935,,,,replication,0.5859375,0.390625
observed,moment_registration,20260747,pair_03,0.028328073546898036,0.015625,256,4,5.255072935625024,,,,replication,0.109375,0.09375
observed,moment_registration,20260747,pair_04,0.1306323839084984,0.0078125,256,2,6.192220047451432,,,,replication,0.078125,0.0703125
observed,moment_registration,20260747,pair_05,0.002797267028586403,0.125,256,32,5.043435081826478,,,,replication,0.5,0.375
observed,moment_registration,20260747,pair_06,0.02215460294539351,0.0078125,256,2,5.125298298099472,,,,replication,0.078125,0.0703125
observed,moment_registration,20260747,pair_07,0.000648662317344062,0.0546875,256,14,5.422663586709048,,,,replication,0.2734375,0.21875
observed,moment_registration,20260747,pair_08,0.025568320448337012,0.015625,256,4,5.412116858765948,,,,replication,0.109375,0.09375
observed,moment_registration,20260747,pair_09,-0.031136505617737398,0.9765625,256,250,5.262542505975149,,,,replication,0.9765625,0.9765625
observed,moment_registration,20260747,pair_10,0.07094973862362308,0.0078125,256,2,5.018223750071301,,,,replication,0.078125,0.0703125
observed,euler_secondary,20260747,pair_01,0.7535395717250372,0.0078125,256,2,129.864352306551,,,,primary,0.078125,0.0078125
observed,euler_secondary,20260747,pair_02,0.2693313063734214,0.015625,256,4,129.50096524736796,,,,replication,0.078125,0.078125
observed,euler_secondary,20260747,pair_03,0.3778642559778336,0.0078125,256,2,152.04275714416653,,,,replication,0.078125,0.0703125
observed,euler_secondary,20260747,pair_04,0.9265778506768743,0.0078125,256,2,177.00282483621552,,,,replication,0.078125,0.0703125
observed,euler_secondary,20260747,pair_05,0.2716735266631993,0.015625,256,4,117.02350191307727,,,,replication,0.078125,0.078125
observed,euler_secondary,20260747,pair_06,-0.04557088347469873,0.6796875,256,174,128.0097652524994,,,,replication,0.6796875,0.6796875
observed,euler_secondary,20260747,pair_07,0.008987627765178474,0.0859375,256,22,92.10320298447823,,,,replication,0.2578125,0.2578125
observed,euler_secondary,20260747,pair_08,1.0776634191549872,0.0078125,256,2,168.51112722903494,,,,replication,0.078125,0.0703125
observed,euler_secondary,20260747,pair_09,0.016123799025891006,0.3359375,256,86,84.3682404699778,,,,replication,0.671875,0.671875
observed,euler_secondary,20260747,pair_10,0.409276128998588,0.0078125,256,2,120.81597576479693,,,,replication,0.078125,0.0703125
observed,quotient_exact,20260748,pair_01,0.003643781768319254,0.0078125,256,2,5.7314766778008135,,,,primary,0.078125,0.0078125
observed,quotient_exact,20260748,pair_02,0.004008483115694239,0.0859375,256,22,4.298224041509951,,,,replication,0.171875,0.171875
observed,quotient_exact,20260748,pair_03,0.004465351350659619,0.015625,256,4,5.398786796635266,,,,replication,0.078125,0.0703125
observed,quotient_exact,20260748,pair_04,0.12660419501891929,0.0078125,256,2,6.493485207381483,,,,replication,0.078125,0.0703125
observed,quotient_exact,20260748,pair_05,0.003078941038449412,0.0078125,256,2,5.236501065799395,,,,replication,0.078125,0.0703125
observed,quotient_exact,20260748,pair_06,0.02279156052413467,0.015625,256,4,5.154075284562069,,,,replication,0.078125,0.0703125
observed,quotient_exact,20260748,pair_07,0.006278517316515297,0.0078125,256,2,5.622428733722427,,,,replication,0.078125,0.0703125
observed,quotient_exact,20260748,pair_08,0.04857120880762078,0.0078125,256,2,5.527365919939345,,,,replication,0.078125,0.0703125
observed,quotient_exact,20260748,pair_09,-0.010695541978158474,0.15625,256,40,5.5233130799527785,,,,replication,0.171875,0.171875
observed,quotient_exact,20260748,pair_10,0.076094138255423,0.0078125,256,2,5.129045358479052,,,,replication,0.078125,0.0703125
observed,raw_coordinates,20260748,pair_01,0.12788090481793302,0.0078125,256,2,6.381808526803253,,,,primary,0.078125,0.0078125
observed,raw_coordinates,20260748,pair_02,0.18055450000390738,0.0078125,256,2,5.109780742350667,,,,replication,0.078125,0.0703125
observed,raw_coordinates,20260748,pair_03,0.16058040679469543,0.0078125,256,2,6.276847160415701,,,,replication,0.078125,0.0703125
observed,raw_coordinates,20260748,pair_04,0.25580725932683457,0.0078125,256,2,7.219692175322795,,,,replication,0.078125,0.0703125
observed,raw_coordinates,20260748,pair_05,0.20901970084470056,0.0078125,256,2,6.072511515510922,,,,replication,0.078125,0.0703125
observed,raw_coordinates,20260748,pair_06,0.19663474924769742,0.0078125,256,2,6.102277554558859,,,,replication,0.078125,0.0703125
observed,raw_coordinates,20260748,pair_07,0.14416235907389452,0.0078125,256,2,6.223859455449711,,,,replication,0.078125,0.0703125
observed,raw_coordinates,20260748,pair_08,0.17518611350602942,0.0078125,256,2,6.19419043452123,,,,replication,0.078125,0.0703125
observed,raw_coordinates,20260748,pair_09,0.20681311797053437,0.0078125,256,2,6.383368061155593,,,,replication,0.078125,0.0703125
observed,raw_coordinates,20260748,pair_10,0.21697977697745374,0.0078125,256,2,5.912372910214322,,,,replication,0.078125,0.0703125
observed,moment_registration,20260748,pair_01,-0.006535732918554804,0.2109375,256,54,5.334903314208491,,,,primary,0.5859375,0.2109375
observed,moment_registration,20260748,pair_02,-0.003704583918598958,0.1953125,256,50,4.1494019415018935,,,,replication,0.5859375,0.390625
observed,moment_registration,20260748,pair_03,0.028328073546898036,0.015625,256,4,5.255072935625024,,,,replication,0.109375,0.09375
observed,moment_registration,20260748,pair_04,0.1306323839084984,0.0078125,256,2,6.192220047451432,,,,replication,0.078125,0.0703125
observed,moment_registration,20260748,pair_05,0.002797267028586403,0.125,256,32,5.043435081826478,,,,replication,0.5,0.375
observed,moment_registration,20260748,pair_06,0.02215460294539351,0.0078125,256,2,5.125298298099472,,,,replication,0.078125,0.0703125
observed,moment_registration,20260748,pair_07,0.000648662317344062,0.0546875,256,14,5.422663586709048,,,,replication,0.2734375,0.21875
observed,moment_registration,20260748,pair_08,0.025568320448337012,0.015625,256,4,5.412116858765948,,,,replication,0.109375,0.09375
observed,moment_registration,20260748,pair_09,-0.031136505617737398,0.9765625,256,250,5.262542505975149,,,,replication,0.9765625,0.9765625
observed,moment_registration,20260748,pair_10,0.07094973862362308,0.0078125,256,2,5.018223750071301,,,,replication,0.078125,0.0703125
observed,euler_secondary,20260748,pair_01,0.7535395717250372,0.0078125,256,2,129.864352306551,,,,primary,0.078125,0.0078125
observed,euler_secondary,20260748,pair_02,0.2693313063734214,0.015625,256,4,129.50096524736796,,,,replication,0.078125,0.078125
observed,euler_secondary,20260748,pair_03,0.3778642559778336,0.0078125,256,2,152.04275714416653,,,,replication,0.078125,0.0703125
observed,euler_secondary,20260748,pair_04,0.9265778506768743,0.0078125,256,2,177.00282483621552,,,,replication,0.078125,0.0703125
observed,euler_secondary,20260748,pair_05,0.2716735266631993,0.015625,256,4,117.02350191307727,,,,replication,0.078125,0.078125
observed,euler_secondary,20260748,pair_06,-0.04557088347469873,0.6796875,256,174,128.0097652524994,,,,replication,0.6796875,0.6796875
observed,euler_secondary,20260748,pair_07,0.008987627765178474,0.0859375,256,22,92.10320298447823,,,,replication,0.2578125,0.2578125
observed,euler_secondary,20260748,pair_08,1.0776634191549872,0.0078125,256,2,168.51112722903494,,,,replication,0.078125,0.0703125
observed,euler_secondary,20260748,pair_09,0.016123799025891006,0.3359375,256,86,84.3682404699778,,,,replication,0.671875,0.671875
observed,euler_secondary,20260748,pair_10,0.409276128998588,0.0078125,256,2,120.81597576479693,,,,replication,0.078125,0.0703125
observed,quotient_exact,20260749,pair_01,0.003643781768319254,0.0078125,256,2,5.7314766778008135,,,,primary,0.078125,0.0078125
observed,quotient_exact,20260749,pair_02,0.004008483115694239,0.0859375,256,22,4.298224041509951,,,,replication,0.171875,0.171875
observed,quotient_exact,20260749,pair_03,0.004465351350659619,0.015625,256,4,5.398786796635266,,,,replication,0.078125,0.0703125
observed,quotient_exact,20260749,pair_04,0.12660419501891929,0.0078125,256,2,6.493485207381483,,,,replication,0.078125,0.0703125
observed,quotient_exact,20260749,pair_05,0.003078941038449412,0.0078125,256,2,5.236501065799395,,,,replication,0.078125,0.0703125
observed,quotient_exact,20260749,pair_06,0.02279156052413467,0.015625,256,4,5.154075284562069,,,,replication,0.078125,0.0703125
observed,quotient_exact,20260749,pair_07,0.006278517316515297,0.0078125,256,2,5.622428733722427,,,,replication,0.078125,0.0703125
observed,quotient_exact,20260749,pair_08,0.04857120880762078,0.0078125,256,2,5.527365919939345,,,,replication,0.078125,0.0703125
observed,quotient_exact,20260749,pair_09,-0.010695541978158474,0.15625,256,40,5.5233130799527785,,,,replication,0.171875,0.171875
observed,quotient_exact,20260749,pair_10,0.076094138255423,0.0078125,256,2,5.129045358479052,,,,replication,0.078125,0.0703125
observed,raw_coordinates,20260749,pair_01,0.15836269455599816,0.0078125,256,2,6.530105245920498,,,,primary,0.078125,0.0078125
observed,raw_coordinates,20260749,pair_02,0.16612119492699873,0.0078125,256,2,5.0191330847065165,,,,replication,0.078125,0.0703125
observed,raw_coordinates,20260749,pair_03,0.1827922972727044,0.0078125,256,2,6.2047297965383805,,,,replication,0.078125,0.0703125
observed,raw_coordinates,20260749,pair_04,0.23051250732834072,0.0078125,256,2,7.269792288185535,,,,replication,0.078125,0.0703125
observed,raw_coordinates,20260749,pair_05,0.17703902575854347,0.0078125,256,2,5.991446711531052,,,,replication,0.078125,0.0703125
observed,raw_coordinates,20260749,pair_06,0.21747008572797843,0.0078125,256,2,6.044479667562794,,,,replication,0.078125,0.0703125
observed,raw_coordinates,20260749,pair_07,0.18332634570152062,0.0078125,256,2,6.345145471936498,,,,replication,0.078125,0.0703125
observed,raw_coordinates,20260749,pair_08,0.2017639676796501,0.0078125,256,2,6.270846224617936,,,,replication,0.078125,0.0703125
observed,raw_coordinates,20260749,pair_09,0.2251100789014303,0.0078125,256,2,6.410713941265218,,,,replication,0.078125,0.0703125
observed,raw_coordinates,20260749,pair_10,0.2423498364594927,0.0078125,256,2,5.974561125953379,,,,replication,0.078125,0.0703125
observed,moment_registration,20260749,pair_01,-0.006535732918554804,0.2109375,256,54,5.334903314208491,,,,primary,0.5859375,0.2109375
observed,moment_registration,20260749,pair_02,-0.003704583918598958,0.1953125,256,50,4.1494019415018935,,,,replication,0.5859375,0.390625
observed,moment_registration,20260749,pair_03,0.028328073546898036,0.015625,256,4,5.255072935625024,,,,replication,0.109375,0.09375
observed,moment_registration,20260749,pair_04,0.1306323839084984,0.0078125,256,2,6.192220047451432,,,,replication,0.078125,0.0703125
observed,moment_registration,20260749,pair_05,0.002797267028586403,0.125,256,32,5.043435081826478,,,,replication,0.5,0.375
observed,moment_registration,20260749,pair_06,0.02215460294539351,0.0078125,256,2,5.125298298099472,,,,replication,0.078125,0.0703125
observed,moment_registration,20260749,pair_07,0.000648662317344062,0.0546875,256,14,5.422663586709048,,,,replication,0.2734375,0.21875
observed,moment_registration,20260749,pair_08,0.025568320448337012,0.015625,256,4,5.412116858765948,,,,replication,0.109375,0.09375
observed,moment_registration,20260749,pair_09,-0.031136505617737398,0.9765625,256,250,5.262542505975149,,,,replication,0.9765625,0.9765625
observed,moment_registration,20260749,pair_10,0.07094973862362308,0.0078125,256,2,5.018223750071301,,,,replication,0.078125,0.0703125
observed,euler_secondary,20260749,pair_01,0.7535395717250372,0.0078125,256,2,129.864352306551,,,,primary,0.078125,0.0078125
observed,euler_secondary,20260749,pair_02,0.2693313063734214,0.015625,256,4,129.50096524736796,,,,replication,0.078125,0.078125
observed,euler_secondary,20260749,pair_03,0.3778642559778336,0.0078125,256,2,152.04275714416653,,,,replication,0.078125,0.0703125
observed,euler_secondary,20260749,pair_04,0.9265778506768743,0.0078125,256,2,177.00282483621552,,,,replication,0.078125,0.0703125
observed,euler_secondary,20260749,pair_05,0.2716735266631993,0.015625,256,4,117.02350191307727,,,,replication,0.078125,0.078125
observed,euler_secondary,20260749,pair_06,-0.04557088347469873,0.6796875,256,174,128.0097652524994,,,,replication,0.6796875,0.6796875
observed,euler_secondary,20260749,pair_07,0.008987627765178474,0.0859375,256,22,92.10320298447823,,,,replication,0.2578125,0.2578125
observed,euler_secondary,20260749,pair_08,1.0776634191549872,0.0078125,256,2,168.51112722903494,,,,replication,0.078125,0.0703125
observed,euler_secondary,20260749,pair_09,0.016123799025891006,0.3359375,256,86,84.3682404699778,,,,replication,0.671875,0.671875
observed,euler_secondary,20260749,pair_10,0.409276128998588,0.0078125,256,2,120.81597576479693,,,,replication,0.078125,0.0703125
observed,quotient_exact,20260750,pair_01,0.003643781768319254,0.0078125,256,2,5.7314766778008135,,,,primary,0.078125,0.0078125
observed,quotient_exact,20260750,pair_02,0.004008483115694239,0.0859375,256,22,4.298224041509951,,,,replication,0.171875,0.171875
observed,quotient_exact,20260750,pair_03,0.004465351350659619,0.015625,256,4,5.398786796635266,,,,replication,0.078125,0.0703125
observed,quotient_exact,20260750,pair_04,0.12660419501891929,0.0078125,256,2,6.493485207381483,,,,replication,0.078125,0.0703125
observed,quotient_exact,20260750,pair_05,0.003078941038449412,0.0078125,256,2,5.236501065799395,,,,replication,0.078125,0.0703125
observed,quotient_exact,20260750,pair_06,0.02279156052413467,0.015625,256,4,5.154075284562069,,,,replication,0.078125,0.0703125
observed,quotient_exact,20260750,pair_07,0.006278517316515297,0.0078125,256,2,5.622428733722427,,,,replication,0.078125,0.0703125
observed,quotient_exact,20260750,pair_08,0.04857120880762078,0.0078125,256,2,5.527365919939345,,,,replication,0.078125,0.0703125
observed,quotient_exact,20260750,pair_09,-0.010695541978158474,0.15625,256,40,5.5233130799527785,,,,replication,0.171875,0.171875
observed,quotient_exact,20260750,pair_10,0.076094138255423,0.0078125,256,2,5.129045358479052,,,,replication,0.078125,0.0703125
observed,raw_coordinates,20260750,pair_01,0.1746919916297106,0.0078125,256,2,6.573596480434418,,,,primary,0.078125,0.0078125
observed,raw_coordinates,20260750,pair_02,0.1567481085318403,0.0078125,256,2,5.032557729528078,,,,replication,0.078125,0.0703125
observed,raw_coordinates,20260750,pair_03,0.21838505386985074,0.0078125,256,2,6.40522469679374,,,,replication,0.078125,0.0703125
observed,raw_coordinates,20260750,pair_04,0.22448380411102486,0.0078125,256,2,7.249753264812646,,,,replication,0.078125,0.0703125
observed,raw_coordinates,20260750,pair_05,0.20027741434312296,0.0078125,256,2,6.165044063025979,,,,replication,0.078125,0.0703125
observed,raw_coordinates,20260750,pair_06,0.20891719856855295,0.0078125,256,2,5.979996614052198,,,,replication,0.078125,0.0703125
observed,raw_coordinates,20260750,pair_07,0.19386064167764927,0.0078125,256,2,6.2706874277366484,,,,replication,0.078125,0.0703125
observed,raw_coordinates,20260750,pair_08,0.19226144175097104,0.0078125,256,2,6.26105897935048,,,,replication,0.078125,0.0703125
observed,raw_coordinates,20260750,pair_09,0.21914093317498917,0.0078125,256,2,6.343980477144289,,,,replication,0.078125,0.0703125
observed,raw_coordinates,20260750,pair_10,0.22311250323072696,0.0078125,256,2,5.902038458267522,,,,replication,0.078125,0.0703125
observed,moment_registration,20260750,pair_01,-0.006535732918554804,0.2109375,256,54,5.334903314208491,,,,primary,0.5859375,0.2109375
observed,moment_registration,20260750,pair_02,-0.003704583918598958,0.1953125,256,50,4.1494019415018935,,,,replication,0.5859375,0.390625
observed,moment_registration,20260750,pair_03,0.028328073546898036,0.015625,256,4,5.255072935625024,,,,replication,0.109375,0.09375
observed,moment_registration,20260750,pair_04,0.1306323839084984,0.0078125,256,2,6.192220047451432,,,,replication,0.078125,0.0703125
observed,moment_registration,20260750,pair_05,0.002797267028586403,0.125,256,32,5.043435081826478,,,,replication,0.5,0.375
observed,moment_registration,20260750,pair_06,0.02215460294539351,0.0078125,256,2,5.125298298099472,,,,replication,0.078125,0.0703125
observed,moment_registration,20260750,pair_07,0.000648662317344062,0.0546875,256,14,5.422663586709048,,,,replication,0.2734375,0.21875
observed,moment_registration,20260750,pair_08,0.025568320448337012,0.015625,256,4,5.412116858765948,,,,replication,0.109375,0.09375
observed,moment_registration,20260750,pair_09,-0.031136505617737398,0.9765625,256,250,5.262542505975149,,,,replication,0.9765625,0.9765625
observed,moment_registration,20260750,pair_10,0.07094973862362308,0.0078125,256,2,5.018223750071301,,,,replication,0.078125,0.0703125
observed,euler_secondary,20260750,pair_01,0.7535395717250372,0.0078125,256,2,129.864352306551,,,,primary,0.078125,0.0078125
observed,euler_secondary,20260750,pair_02,0.2693313063734214,0.015625,256,4,129.50096524736796,,,,replication,0.078125,0.078125
observed,euler_secondary,20260750,pair_03,0.3778642559778336,0.0078125,256,2,152.04275714416653,,,,replication,0.078125,0.0703125
observed,euler_secondary,20260750,pair_04,0.9265778506768743,0.0078125,256,2,177.00282483621552,,,,replication,0.078125,0.0703125
observed,euler_secondary,20260750,pair_05,0.2716735266631993,0.015625,256,4,117.02350191307727,,,,replication,0.078125,0.078125
observed,euler_secondary,20260750,pair_06,-0.04557088347469873,0.6796875,256,174,128.0097652524994,,,,replication,0.6796875,0.6796875
observed,euler_secondary,20260750,pair_07,0.008987627765178474,0.0859375,256,22,92.10320298447823,,,,replication,0.2578125,0.2578125
observed,euler_secondary,20260750,pair_08,1.0776634191549872,0.0078125,256,2,168.51112722903494,,,,replication,0.078125,0.0703125
observed,euler_secondary,20260750,pair_09,0.016123799025891006,0.3359375,256,86,84.3682404699778,,,,replication,0.671875,0.671875
observed,euler_secondary,20260750,pair_10,0.409276128998588,0.0078125,256,2,120.81597576479693,,,,replication,0.078125,0.0703125
